text_content,extracted_keywords,true_category,true_severity
Caller reports a truck accident at Market Road. There is diesel leak. People are moving away. The weather is dense fog.,truck accident; dense fog; diesel leak,CRASH,2
We have a dam overflow near Railway Yard. It happened early this morning. People are moving away. Traffic is building up. Send someone now!,railway yard; dam overflow; happened,FLOOD,1
"Wait, yes, Ahhh! Caller reports a boat accident at Warehouse District. There is blocked road. The weather is thunderstorm.",boat accident; blocked road; warehouse district,CRASH,2
"Oh sorry, lost pet dog. Everything is fine.",none,NOISE,0
Please send help to South Flyover. We have a building fire involving a fuel tanker.,south flyover; building fire; fuel tanker,FIRE,2
Oh my god! The caller says there is a fuel leak at Railway Yard.,railway yard; fuel leak; caller,HAZMAT,3
I think there has been a car rollover near North Underpass. several injured people. People are moving away. A child is waiting.,several injured people; north underpass; car rollover,CRASH,3
There's... Help! Caller reports a medical emergency at Commercial Street. There is fuel leak.,fuel leak; commercial street; medical emergency,MEDICAL,3
The caller says there is a forest fire at Port Entrance. The incident happened about half an hour ago.,port entrance; forest fire; caller,FIRE,2
The caller says there is a building collapse at Harbor Area. A resident is waiting. A resident is waiting. What do I do?!,building collapse; harbor area; resident,RESCUE,4
"It's, um, Oh my god! I am near Airport Road and there has been a fallen tree. The road is affected and I can see oil spill. The weather is lightning. The weather is lightning.",fallen tree; airport road; oil spill,RESCUE,3
There's... 911? Heavy cyclonic winds is making the situation worse near Old Railway Crossing. There is a fuel leak. The incident happened this afternoon.,old railway crossing; fuel leak; cyclonic winds,HAZMAT,2
"Oh sorry, pocket dial. Everything is fine.",none,NOISE,0
"It's, um, Please hurry! There has been a landslide near Commercial Street. I can see a truck involved and one injured person. The weather is heavy rain.",one injured person; commercial street; heavy rain,RESCUE,3
"I... I don't know, I think there has been a wildfire near Airport Junction. people with minor injuries. The incident happened late last night.",people with minor injuries; airport junction; wildfire,FIRE,3
There's... We have a warehouse fire near Central Flyover. It happened just now. People are moving away. What do I do?!,central flyover; warehouse fire; theres,FIRE,2
"Oh sorry, cat stuck in tree. Everything is fine.",none,NOISE,0
"Wait, yes, There has been a building fire near Central Flyover. I can see a SUV involved and multiple casualties. Please hurry!",central flyover; multiple casualties; building fire,FIRE,5
Oh my god! The caller says there is a lightning strike at Coastal Road.,lightning strike; coastal road; caller,CYCLONE,1
"Oh sorry, parking issue. Everything is fine.",none,NOISE,0
"Oh sorry, loud music from neighbor. Everything is fine.",none,NOISE,0
A driver says there is a earthquake damage near Outer Ring Road. They noticed fuel leak.,outer ring road; earthquake damage; fuel leak,RESCUE,5
"I... I don't know, Caller reports a railway accident at Central Flyover. There is diesel leak.",railway accident; central flyover; diesel leak,CRASH,2
Ahhh! The caller says there is a gas leak at Warehouse District. Traffic is building up. Visibility is poor. Please hurry!,gas leak; warehouse district; ahhh,HAZMAT,2
"Wait, yes, Heavy continuous rainfall is making the situation worse near Old Railway Crossing. There is a gas leak. A resident is waiting. The incident happened just now.",old railway crossing; continuous rainfall; gas leak,HAZMAT,3
Please hurry! Please send help to Eastern Bypass. We have a motorcycle accident involving a train.,motorcycle accident; eastern bypass; train,CRASH,2
The caller says there is a factory fire at Main Highway.,main highway; factory fire; caller,FIRE,2
"I... I don't know, Help! We have a urban flooding near Central Flyover. It happened during rush hour.",central flyover; urban flooding; dont,FLOOD,3
"Wait, yes, Reports are coming in from Central Flyover about a stampede. There is blocked road.",blocked road; central flyover; stampede,RESCUE,1
Ahhh! The caller says there is a evacuation at River Bridge. The incident happened early this morning.,river bridge; evacuation; ahhh,RESCUE,2
Help! A security guard says there is a building collapse near Old Bridge. They noticed live electrical wires. The weather is cyclonic winds. People are moving away. Send someone now!,live electrical wires; old bridge; building collapse,RESCUE,4
Heavy lightning is making the situation worse near Factory Road. There is a car rollover. People are moving away. Traffic is building up.,factory road; car rollover; lightning,CRASH,2
Heavy cyclonic winds is making the situation worse near Bus Terminal. There is a missing person. A driver is waiting. Please hurry!,missing person; bus terminal; cyclonic winds,RESCUE,2
"It's, um, Oh my god! Heavy stormy weather is making the situation worse near Harbor Area. There is a urban flooding. The incident happened about half an hour ago. The incident happened about half an hour ago. Send someone now!",stormy weather; urban flooding; harbor area,FLOOD,2
911? A construction worker says there is a wildfire near Tunnel Entrance. They noticed fire.,construction worker; tunnel entrance; wildfire,FIRE,2
Oh my god! The caller says there is a warehouse fire at Highway Toll Plaza. What do I do?!,highway toll plaza; warehouse fire; caller,FIRE,3
911? Reports are coming in from Tunnel Entrance about a industrial accident. There is oil spill. What do I do?!,oil spill; industrial accident; tunnel entrance,MEDICAL,3
I am near Coastal Road and there has been a bridge damage. The road is affected and I can see gas leak. Traffic is building up.,gas leak; coastal road; bridge damage,RESCUE,2
I think there has been a chemical spill near North Underpass. an unconscious person. What do I do?!,an unconscious person; north underpass; chemical spill,HAZMAT,4
Help! The caller says there is a cyclone damage at City Center. The incident happened during rush hour. Visibility is poor.,city center; cyclone damage; help,CYCLONE,2
"Oh sorry, general noise. Everything is fine.",none,NOISE,0
Oh my god! There has been a crowd emergency near Industrial Gate. I can see a fuel tanker involved and three injured passengers. Visibility is poor.,three injured passengers; crowd emergency; industrial gate,RESCUE,3
911? Heavy dense fog is making the situation worse near City Center. There is a building collapse. Traffic is building up.,city center; building collapse; dense fog,RESCUE,5
"It's, um, We have a car rollover near Old Bridge. It happened a few minutes ago.",old bridge; car rollover; happened,CRASH,2
911? Caller reports a fuel leak at Underpass. There is fallen tree. The weather is wet roads. Traffic is building up. Send someone now!,fallen tree; fuel leak; wet roads,HAZMAT,2
"Oh sorry, wrong number. Everything is fine.",none,NOISE,0
Please hurry! I think there has been a heat emergency near Railway Station. one injured person. Traffic is building up. The weather is cyclonic winds.,one injured person; railway station; cyclonic winds,MEDICAL,3
"Wait, yes, A resident says there is a forest fire near Industrial Area. They noticed fallen tree. People are moving away. People are moving away.",industrial area; fallen tree; forest fire,FIRE,2
I think there has been a building fire near Market Road. multiple casualties. The weather is dense fog.,dense fog; multiple casualties; market road,FIRE,5
There's... The caller says there is a aircraft emergency at Market Road.,aircraft emergency; market road; theres,CRASH,1
Please hurry! I think there has been a dam overflow near Coastal Road. two injured people. A worker is waiting. Traffic is building up.,two injured people; coastal road; dam overflow,FLOOD,3
Please hurry! I am near Factory Road and there has been a lightning strike. The road is affected and I can see rising water.,lightning strike; rising water; factory road,CYCLONE,1
Caller reports a wildfire at Market Road. There is blocked road.,blocked road; market road; wildfire,FIRE,2
A driver says there is a motorcycle accident near Bus Depot. They noticed diesel leak. People are moving away. Please hurry!,diesel leak; motorcycle accident; bus depot,CRASH,3
Oh my god! Heavy poor visibility is making the situation worse near Shopping District. There is a car rollover.,poor visibility; shopping district; car rollover,CRASH,1
"It's, um, Oh my god! A resident says there is a missing person near Riverbank. They noticed toxic fumes. The weather is thunderstorm. Visibility is poor. Please hurry!",missing person; toxic fumes; thunderstorm,RESCUE,2
There's... Reports are coming in from Bus Depot about a explosion. There is smoke. The weather is strong winds.,strong winds; bus depot; explosion,RESCUE,4
"I... I don't know, Please hurry! The caller says there is a hazardous material incident at Commercial Street.",hazardous material incident; commercial street; dont,HAZMAT,2
The caller says there is a cyclone damage at Station Road. People are moving away. People are moving away.,cyclone damage; station road; caller,CYCLONE,2
"Wait, yes, Heavy poor visibility is making the situation worse near Eastern Bypass. There is a truck accident. The weather is poor visibility. A driver is waiting.",truck accident; poor visibility; eastern bypass,CRASH,2
"Wait, yes, Caller reports a fallen tree at Eastern Bypass. There is live electrical wires. Please hurry!",live electrical wires; fallen tree; eastern bypass,RESCUE,1
The caller says there is a railway accident at Old Railway Crossing. People are moving away. Please hurry!,old railway crossing; railway accident; caller,CRASH,2
"It's, um, Ahhh! Caller reports a urban flooding at Market Road. There is oil spill.",oil spill; urban flooding; market road,FLOOD,2
There's... 911? Reports are coming in from South Flyover about a building fire. There is rising water. Traffic is building up. Visibility is poor.,rising water; south flyover; building fire,FIRE,2
Please send help to Harbor Area. We have a heat emergency involving a delivery vehicle. Traffic is building up. The weather is strong winds.,strong winds; harbor area; delivery vehicle,MEDICAL,2
Help! Reports are coming in from Railway Yard about a industrial accident. There is chemical fumes. A security guard is waiting.,railway yard; security guard; industrial accident,MEDICAL,2
"Oh sorry, pizza delivery complaint. Everything is fine.",none,NOISE,0
911? We have a missing person near City Center. It happened around noon. Visibility is poor. Traffic is building up. Send someone now!,city center; missing person; happened,RESCUE,1
Ahhh! I think there has been a dam overflow near Industrial Area. a seriously injured driver. The weather is cold weather. Traffic is building up.,a seriously injured driver; industrial area; cold weather,FLOOD,3
Oh my god! I think there has been a bus crash near Tunnel Entrance. a seriously injured driver. Send someone now!,a seriously injured driver; bus crash; tunnel entrance,CRASH,2
I think there has been a motorcycle accident near Station Road. three injured passengers. The incident happened around midnight. A elderly person is waiting. What do I do?!,three injured passengers; elderly person; motorcycle accident,CRASH,2
Help! There has been a severe rainfall near Industrial Area. I can see a truck involved and a seriously injured driver. Traffic is building up. What do I do?!,a seriously injured driver; industrial area; severe rainfall,CYCLONE,3
I am near Old Railway Crossing and there has been a medical emergency. The road is affected and I can see fuel leak. Visibility is poor. Send someone now!,old railway crossing; fuel leak; medical emergency,MEDICAL,3
Ahhh! Please send help to Central Market. We have a cyclone damage involving a ambulance. What do I do?!,cyclone damage; central market; ambulance,CYCLONE,1
"It's, um, Please hurry! We have a hazardous material incident near Old Bridge. It happened before sunrise.",hazardous material incident; old bridge; please,HAZMAT,2
There's... Reports are coming in from Industrial Gate about a electrical accident. There is blocked road. What do I do?!,electrical accident; industrial gate; blocked road,FIRE,2
"Oh sorry, asking for directions. Everything is fine.",none,NOISE,0
Ahhh! Reports are coming in from Commercial Street about a building collapse. There is chemical fumes. What do I do?!,building collapse; commercial street; chemical fumes,RESCUE,4
"It's, um, Heavy extreme heat is making the situation worse near College Road. There is a forest fire. The weather is extreme heat.",extreme heat; college road; forest fire,FIRE,3
"I... I don't know, Caller reports a storm damage at Airport Junction. There is fallen tree. Visibility is poor. Send someone now!",storm damage; airport junction; fallen tree,CYCLONE,3
There has been a earthquake damage near Residential Block. I can see a sedan involved and a trapped passenger. Traffic is building up. Please hurry!,a trapped passenger; earthquake damage; residential block,RESCUE,4
"It's, um, A pedestrian says there is a dam overflow near Underpass. They noticed blocked road.",blocked road; dam overflow; pedestrian,FLOOD,1
"It's, um, Heavy thunderstorm is making the situation worse near Underpass. There is a chemical spill.",chemical spill; thunderstorm; underpass,HAZMAT,2
Ahhh! Caller reports a truck accident at Bus Terminal. There is diesel leak. People are moving away.,truck accident; diesel leak; bus terminal,CRASH,2
There's... I think there has been a bus crash near Port Entrance. one injured person. The incident happened a few minutes ago.,one injured person; port entrance; bus crash,CRASH,2
"I... I don't know, I think there has been a chemical spill near Main Highway. an injured child. Visibility is poor. Traffic is building up. Send someone now!",an injured child; main highway; chemical spill,HAZMAT,2
There's... I think there has been a landslide near Airport Junction. people with minor injuries. The incident happened about ten minutes ago.,people with minor injuries; airport junction; landslide,RESCUE,1
"I... I don't know, 911? Caller reports a drowning at City Hospital. There is broken glass. Traffic is building up. What do I do?!",broken glass; city hospital; drowning,RESCUE,5
Ahhh! Please send help to Harbor Area. We have a cyclone damage involving a truck. Traffic is building up. The weather is strong winds.,cyclone damage; strong winds; harbor area,CYCLONE,1
"I... I don't know, Ahhh! There has been a evacuation near Market Road. I can see a car involved and a seriously injured driver.",a seriously injured driver; market road; car,RESCUE,2
Help! A cyclist says there is a stampede near Dam Road. They noticed chemical fumes. What do I do?!,chemical fumes; dam road; cyclist,RESCUE,1
The caller says there is a evacuation at Highway Toll Plaza. What do I do?!,highway toll plaza; evacuation; caller,RESCUE,2
Please hurry! Heavy extreme heat is making the situation worse near Old Bridge. There is a train derailment.,extreme heat; old bridge; train derailment,CRASH,5
There's... Please send help to City Hospital. We have a explosion involving a school bus.,school bus; city hospital; explosion,RESCUE,4
There's... Help! I think there has been a cyclone damage near Highway Toll Plaza. people with minor injuries. Please hurry!,people with minor injuries; highway toll plaza; cyclone damage,CYCLONE,1
Heavy cyclonic winds is making the situation worse near Central Flyover. There is a warehouse fire. Traffic is building up. A security guard is waiting.,central flyover; security guard; warehouse fire,FIRE,2
We have a flash flood near Warehouse District. It happened around midnight. A passenger is waiting. Send someone now!,warehouse district; flash flood; passenger,FLOOD,2
"Wait, yes, A construction worker says there is a hazardous material incident near Coastal Road. They noticed broken glass. The incident happened around noon. Visibility is poor.",hazardous material incident; broken glass; construction worker,HAZMAT,1
Caller reports a hazardous material incident at College Road. There is broken glass. People are moving away. Send someone now!,hazardous material incident; broken glass; college road,HAZMAT,1
I am near City Center and there has been a road blockage. The road is affected and I can see debris. Visibility is poor.,city center; road blockage; debris,RESCUE,1
Reports are coming in from Eastern Bypass about a aircraft emergency. There is diesel leak. Visibility is poor. Visibility is poor.,diesel leak; aircraft emergency; eastern bypass,CRASH,3
"It's, um, Caller reports a heat emergency at Central Market. There is unstable structure. The incident happened about ten minutes ago. People are moving away.",unstable structure; central market; heat emergency,MEDICAL,1
Ahhh! I think there has been a train derailment near Outer Ring Road. two injured people. Traffic is building up. A elderly person is waiting. What do I do?!,two injured people; outer ring road; elderly person,CRASH,5
"I... I don't know, Ahhh! Caller reports a urban flooding at Factory Road. There is fuel leak. The weather is cold weather. What do I do?!",cold weather; fuel leak; urban flooding,FLOOD,2
"Wait, yes, Help! There has been a chemical spill near Industrial Gate. I can see a SUV involved and an injured child. Traffic is building up. Please hurry!",an injured child; industrial gate; chemical spill,HAZMAT,2
"It's, um, Help! Heavy dense fog is making the situation worse near Forest Checkpoint. There is a train derailment. Visibility is poor. Send someone now!",dense fog; train derailment; forest checkpoint,CRASH,5
"I... I don't know, Help! We have a lightning strike near Western Expressway. It happened early this morning. People are moving away. Send someone now!",lightning strike; western expressway; dont,CYCLONE,2
"Wait, yes, Caller reports a truck accident at Airport Junction. There is debris. A security guard is waiting. Send someone now!",airport junction; truck accident; security guard,CRASH,1
There's... Caller reports a wildfire at City Hospital. There is rising water.,city hospital; rising water; wildfire,FIRE,3
Ahhh! Caller reports a factory fire at Central Market. There is unstable structure. Visibility is poor. Please hurry!,unstable structure; factory fire; central market,FIRE,3
"I... I don't know, 911? The caller says there is a stampede at Bus Terminal. Visibility is poor. Visibility is poor. Please hurry!",bus terminal; stampede; dont,RESCUE,2
We have a boat accident near Main Highway. It happened before sunrise. What do I do?!,main highway; boat accident; happened,CRASH,2
Oh my god! I am near Bus Terminal and there has been a wildfire. The road is affected and I can see fire.,bus terminal; wildfire; road,FIRE,3
There has been a storm damage near Forest Checkpoint. I can see a tanker involved and several injured people. Traffic is building up. Traffic is building up. What do I do?!,several injured people; storm damage; forest checkpoint,CYCLONE,3
Oh my god! Heavy cold weather is making the situation worse near Factory Road. There is a missing person. Send someone now!,cold weather; missing person; factory road,RESCUE,2
"Wait, yes, We have a building fire near Temple Road. It happened before sunrise. People are moving away. Traffic is building up. Please hurry!",temple road; building fire; wait,FIRE,3
There's... We have a motorcycle accident near Main Highway. It happened this afternoon.,main highway; motorcycle accident; theres,CRASH,1
Reports are coming in from Residential Block about a dam overflow. There is broken glass. Traffic is building up.,broken glass; residential block; dam overflow,FLOOD,2
911? I think there has been a dam overflow near Market Road. three injured passengers. The weather is continuous rainfall. Traffic is building up. What do I do?!,three injured passengers; continuous rainfall; market road,FLOOD,3
Please send help to Main Highway. We have a gas leak involving a motorcycle. Traffic is building up. The incident happened about ten minutes ago. Send someone now!,main highway; gas leak; motorcycle,HAZMAT,2
"It's, um, 911? There has been a road blockage near South Flyover. I can see a sedan involved and three injured passengers. Visibility is poor. Send someone now!",three injured passengers; road blockage; south flyover,RESCUE,2
Please send help to Port Entrance. We have a wildfire involving a school bus. The weather is stormy weather. People are moving away.,school bus; stormy weather; port entrance,FIRE,2
"It's, um, Heavy heavy rain is making the situation worse near Highway Toll Plaza. There is a gas leak.",highway toll plaza; gas leak; heavy rain,HAZMAT,3
"It's, um, Ahhh! A resident says there is a building collapse near River Bridge. They noticed gas leak. The weather is dust storm. Visibility is poor.",dust storm; building collapse; river bridge,RESCUE,5
There's... Heavy heavy rain is making the situation worse near Old Bridge. There is a cyclone damage. A cyclist is waiting. Visibility is poor. What do I do?!,old bridge; cyclone damage; heavy rain,CYCLONE,2
Caller reports a train derailment at Forest Checkpoint. There is blocked road. The weather is stormy weather. A child is waiting.,stormy weather; blocked road; train derailment,CRASH,4
Caller reports a railway accident at Warehouse District. There is blocked road. A elderly person is waiting.,railway accident; blocked road; elderly person,CRASH,1
I am near Central Flyover and there has been a stampede. The road is affected and I can see toxic fumes.,central flyover; toxic fumes; stampede,RESCUE,2
There has been a building fire near Outer Ring Road. I can see a van involved and several injured people. What do I do?!,several injured people; outer ring road; building fire,FIRE,3
Please send help to Western Expressway. We have a vehicle collision involving a school bus.,school bus; vehicle collision; western expressway,CRASH,2
Please hurry! Caller reports a lightning strike at Market Road. There is unstable structure. Traffic is building up.,lightning strike; unstable structure; market road,CYCLONE,1
Ahhh! Reports are coming in from Outer Ring Road about a road blockage. There is smoke. People are moving away. A shopkeeper is waiting. Please hurry!,outer ring road; road blockage; shopkeeper,RESCUE,1
Please hurry! A child says there is a cold exposure near College Road. They noticed debris. People are moving away.,college road; cold exposure; child,MEDICAL,2
There's... Ahhh! There has been a hazardous material incident near Airport Road. I can see a ambulance involved and an injured child. People are moving away. A worker is waiting.,an injured child; hazardous material incident; airport road,HAZMAT,2
Help! A elderly person says there is a industrial accident near Temple Road. They noticed live electrical wires. The incident happened during rush hour.,live electrical wires; temple road; elderly person,MEDICAL,2
Please hurry! Heavy dust storm is making the situation worse near Bus Terminal. There is a railway accident. People are moving away. A construction worker is waiting.,railway accident; construction worker; dust storm,CRASH,3
"Wait, yes, Caller reports a urban flooding at Coastal Road. There is chemical fumes. The incident happened early this morning. Visibility is poor. Send someone now!",urban flooding; chemical fumes; coastal road,FLOOD,3
"It's, um, The caller says there is a industrial accident at Old Railway Crossing. Traffic is building up. A resident is waiting.",old railway crossing; industrial accident; resident,MEDICAL,1
Help! We have a motorcycle accident near Western Expressway. It happened about ten minutes ago. Please hurry!,motorcycle accident; western expressway; help,CRASH,2
"It's, um, Oh my god! I am near Temple Road and there has been a power line failure. The road is affected and I can see smoke. The incident happened about half an hour ago. The incident happened about half an hour ago.",power line failure; temple road; smoke,HAZMAT,1
Please hurry! Heavy cold weather is making the situation worse near Outer Ring Road. There is a bus crash. Visibility is poor. The weather is cold weather. What do I do?!,outer ring road; cold weather; bus crash,CRASH,3
"Wait, yes, Reports are coming in from Harbor Area about a gas leak. There is fuel leak. Traffic is building up. The incident happened late last night.",fuel leak; gas leak; harbor area,HAZMAT,2
911? Caller reports a hazardous material incident at Outer Ring Road. There is debris.,hazardous material incident; outer ring road; debris,HAZMAT,2
911? Please send help to Market Road. We have a industrial accident involving a bus. A resident is waiting. The weather is thunderstorm.,industrial accident; market road; thunderstorm,MEDICAL,3
Please hurry! We have a hazardous material incident near Station Road. It happened just now. The incident happened just now.,hazardous material incident; station road; please,HAZMAT,2
Reports are coming in from North Underpass about a evacuation. There is unstable structure. The incident happened about ten minutes ago. Traffic is building up.,north underpass; unstable structure; evacuation,RESCUE,1
There's... 911? A worker says there is a chemical spill near Industrial Gate. They noticed rising water. The weather is dust storm.,industrial gate; dust storm; rising water,HAZMAT,3
Ahhh! Heavy poor visibility is making the situation worse near Bus Depot. There is a motorcycle accident.,poor visibility; motorcycle accident; bus depot,CRASH,1
There's... I think there has been a motorcycle accident near Main Highway. people with minor injuries. People are moving away.,people with minor injuries; main highway; motorcycle accident,CRASH,1
There's... 911? There has been a boat accident near Railway Station. I can see a SUV involved and a trapped passenger.,a trapped passenger; boat accident; railway station,CRASH,4
I think there has been a boat accident near Industrial Area. two injured people. The weather is dense fog. A construction worker is waiting.,two injured people; boat accident; industrial area,CRASH,2
Ahhh! The caller says there is a bus crash at Outer Ring Road. A pedestrian is waiting.,outer ring road; bus crash; pedestrian,CRASH,3
Ahhh! A elderly person says there is a chemical spill near Port Entrance. They noticed gas leak. A elderly person is waiting. The incident happened a few minutes ago. What do I do?!,port entrance; elderly person; chemical spill,HAZMAT,3
"It's, um, Please hurry! Reports are coming in from Airport Junction about a railway accident. There is gas leak. Send someone now!",railway accident; airport junction; gas leak,CRASH,3
"It's, um, Caller reports a lightning strike at Port Entrance. There is fuel leak. Traffic is building up.",lightning strike; port entrance; fuel leak,CYCLONE,3
Please hurry! I am near Old Bridge and there has been a heat emergency. The road is affected and I can see fuel leak. A elderly person is waiting. Send someone now!,old bridge; fuel leak; elderly person,MEDICAL,2
The caller says there is a factory fire at Forest Checkpoint. Traffic is building up.,factory fire; forest checkpoint; caller,FIRE,3
"It's, um, Please send help to Dam Road. We have a fallen tree involving a sedan. People are moving away.",fallen tree; dam road; sedan,RESCUE,2
911? Please send help to Factory Road. We have a flash flood involving a truck. People are moving away. Please hurry!,flash flood; factory road; truck,FLOOD,2
Help! There has been a storm damage near Central Market. I can see a van involved and two injured people. A driver is waiting.,two injured people; storm damage; central market,CYCLONE,2
Reports are coming in from Central Market about a drowning. There is unstable structure.,unstable structure; central market; drowning,RESCUE,5
Caller reports a power line failure at Airport Road. There is unstable structure. A passenger is waiting. A passenger is waiting. Please hurry!,power line failure; airport road; unstable structure,HAZMAT,2
There has been a earthquake damage near South Flyover. I can see a tanker involved and two injured people.,two injured people; earthquake damage; south flyover,RESCUE,4
There's... The caller says there is a building fire at Coastal Road.,coastal road; building fire; theres,FIRE,2
Oh my god! I am near Railway Yard and there has been a electrical accident. The road is affected and I can see smoke. A driver is waiting. The incident happened late last night.,electrical accident; railway yard; driver,FIRE,2
Please send help to Factory Road. We have a storm damage involving a school bus.,school bus; storm damage; factory road,CYCLONE,3
Please send help to Airport Road. We have a railway accident involving a train. People are moving away. People are moving away.,railway accident; airport road; train,CRASH,2
There's... Please send help to Eastern Bypass. We have a car rollover involving a tanker.,eastern bypass; car rollover; tanker,CRASH,2
"I... I don't know, Please hurry! Please send help to Bus Depot. We have a industrial accident involving a van. The weather is dust storm. Visibility is poor.",dust storm; industrial accident; bus depot,MEDICAL,3
Heavy dust storm is making the situation worse near Central Flyover. There is a lightning strike. Traffic is building up.,lightning strike; dust storm; central flyover,CYCLONE,3
I am near Residential Block and there has been a car rollover. The road is affected and I can see fallen tree. The weather is dense fog.,fallen tree; dense fog; residential block,CRASH,2
Please send help to Riverbank. We have a aircraft emergency involving a bus. The incident happened just now. A resident is waiting.,aircraft emergency; bus; riverbank,CRASH,2
Help! I think there has been a hazardous material incident near Coastal Road. an unconscious person. The weather is stormy weather.,an unconscious person; hazardous material incident; stormy weather,HAZMAT,4
Help! Reports are coming in from North Underpass about a forest fire. There is gas leak.,north underpass; gas leak; forest fire,FIRE,3
Ahhh! I think there has been a car rollover near Riverbank. people with minor injuries. The weather is cold weather. Traffic is building up. Send someone now!,people with minor injuries; cold weather; car rollover,CRASH,1
I think there has been a boat accident near Industrial Gate. an injured child. People are moving away.,an injured child; boat accident; industrial gate,CRASH,2
"I... I don't know, There has been a crowd emergency near Dam Road. I can see a container truck involved and a trapped passenger. The weather is poor visibility.",a trapped passenger; crowd emergency; container truck,RESCUE,4
Please hurry! Caller reports a aircraft emergency at Dam Road. There is debris. The incident happened late last night.,aircraft emergency; dam road; debris,CRASH,1
Help! I think there has been a fuel leak near Central Flyover. three injured passengers. A elderly person is waiting. Please hurry!,three injured passengers; central flyover; fuel leak,HAZMAT,2
"It's, um, Heavy extreme heat is making the situation worse near Riverbank. There is a flash flood. The weather is extreme heat. Visibility is poor.",extreme heat; flash flood; riverbank,FLOOD,2
I think there has been a building collapse near Coastal Road. an injured child. The weather is poor visibility. Traffic is building up.,an injured child; building collapse; poor visibility,RESCUE,5
Caller reports a severe rainfall at Eastern Bypass. There is chemical fumes.,severe rainfall; chemical fumes; eastern bypass,CYCLONE,1
"I... I don't know, Reports are coming in from Bus Terminal about a medical emergency. There is debris. A pedestrian is waiting. Send someone now!",bus terminal; medical emergency; pedestrian,MEDICAL,2
Help! We have a road blockage near Coastal Road. It happened around noon.,road blockage; coastal road; help,RESCUE,2
Please hurry! Caller reports a forest fire at Shopping District. There is blocked road. The weather is stormy weather. Traffic is building up. What do I do?!,stormy weather; blocked road; shopping district,FIRE,3
Oh my god! Reports are coming in from Western Expressway about a medical emergency. There is blocked road. Traffic is building up. Send someone now!,blocked road; western expressway; medical emergency,MEDICAL,1
Oh my god! We have a severe rainfall near Warehouse District. It happened just now.,severe rainfall; warehouse district; happened,CYCLONE,1
"It's, um, Help! We have a power line failure near Station Road. It happened about half an hour ago. The weather is thunderstorm.",power line failure; station road; thunderstorm,HAZMAT,3
Oh my god! I think there has been a crowd emergency near Coastal Road. a seriously injured driver. The weather is cyclonic winds. What do I do?!,a seriously injured driver; crowd emergency; coastal road,RESCUE,3
911? Please send help to Temple Road. We have a fallen tree involving a ambulance.,fallen tree; temple road; ambulance,RESCUE,1
There's... Please send help to Station Road. We have a railway accident involving a bus. The weather is dust storm. The weather is dust storm.,railway accident; dust storm; station road,CRASH,2
Please hurry! We have a vehicle collision near Highway Toll Plaza. It happened about half an hour ago. The weather is wet roads. What do I do?!,highway toll plaza; vehicle collision; wet roads,CRASH,1
Reports are coming in from Highway Toll Plaza about a landslide. There is fallen tree. Send someone now!,highway toll plaza; fallen tree; landslide,RESCUE,1
"It's, um, Caller reports a factory fire at Highway Toll Plaza. There is rising water. The weather is strong winds. The weather is strong winds.",highway toll plaza; rising water; strong winds,FIRE,2
There's... Reports are coming in from Main Highway about a chemical spill. There is smoke. The incident happened about half an hour ago. Please hurry!,main highway; chemical spill; smoke,HAZMAT,2
"Wait, yes, Ahhh! Caller reports a missing person at Warehouse District. There is blocked road. What do I do?!",blocked road; missing person; warehouse district,RESCUE,1
Heavy dust storm is making the situation worse near College Road. There is a evacuation. The weather is dust storm. A security guard is waiting.,dust storm; security guard; college road,RESCUE,2
Oh my god! The caller says there is a vehicle collision at Residential Block. A shopkeeper is waiting. People are moving away.,vehicle collision; residential block; shopkeeper,CRASH,2
"Wait, yes, Ahhh! I think there has been a motorcycle accident near Outer Ring Road. a trapped passenger.",a trapped passenger; outer ring road; motorcycle accident,CRASH,4
"It's, um, Caller reports a urban flooding at Industrial Area. There is live electrical wires. The incident happened about half an hour ago.",live electrical wires; industrial area; urban flooding,FLOOD,2
We have a factory fire near Dam Road. It happened about half an hour ago.,factory fire; dam road; happened,FIRE,3
Heavy wet roads is making the situation worse near Port Entrance. There is a bridge damage. The weather is wet roads. The weather is wet roads.,port entrance; wet roads; bridge damage,RESCUE,2
A child says there is a cyclone damage near Main Highway. They noticed debris.,main highway; cyclone damage; child,CYCLONE,1
"I... I don't know, I think there has been a road blockage near Ring Road. one injured person.",one injured person; ring road; road blockage,RESCUE,3
"I... I don't know, Caller reports a earthquake damage at Airport Junction. There is gas leak. The incident happened before sunrise. The weather is lightning. Send someone now!",airport junction; earthquake damage; gas leak,RESCUE,5
911? Heavy dust storm is making the situation worse near Temple Road. There is a train derailment. Traffic is building up. The incident happened late last night. Send someone now!,dust storm; temple road; train derailment,CRASH,4
I think there has been a stampede near Airport Road. one injured person. The incident happened late last night. Traffic is building up.,one injured person; airport road; stampede,RESCUE,3
Please send help to Market Road. We have a chemical spill involving a sedan. The incident happened this afternoon.,chemical spill; market road; sedan,HAZMAT,3
"Oh sorry, pothole on road. Everything is fine.",none,NOISE,0
Heavy extreme heat is making the situation worse near Temple Road. There is a building collapse. What do I do?!,extreme heat; building collapse; temple road,RESCUE,4
"I... I don't know, I am near Riverbank and there has been a fuel leak. The road is affected and I can see live electrical wires. Traffic is building up.",live electrical wires; fuel leak; riverbank,HAZMAT,3
"It's, um, I think there has been a heat emergency near Old Bridge. two injured people. The weather is lightning. The incident happened around midnight.",two injured people; old bridge; heat emergency,MEDICAL,3
Help! There has been a lightning strike near Bus Depot. I can see a truck involved and two injured people. Please hurry!,two injured people; lightning strike; bus depot,CYCLONE,2
Please send help to Main Highway. We have a building collapse involving a car.,main highway; building collapse; car,RESCUE,5
I am near Coastal Road and there has been a crowd emergency. The road is affected and I can see unstable structure.,crowd emergency; unstable structure; coastal road,RESCUE,1
Ahhh! We have a fallen tree near Airport Junction. It happened early this morning. A security guard is waiting. What do I do?!,airport junction; fallen tree; security guard,RESCUE,1
Please send help to Forest Checkpoint. We have a boat accident involving a van. Traffic is building up.,boat accident; forest checkpoint; van,CRASH,2
911? There has been a severe rainfall near South Flyover. I can see a SUV involved and several injured people. Send someone now!,several injured people; severe rainfall; south flyover,CYCLONE,2
Help! We have a railway accident near Warehouse District. It happened before sunrise. A cyclist is waiting. People are moving away.,railway accident; warehouse district; cyclist,CRASH,1
Please send help to Port Entrance. We have a truck accident involving a motorcycle. A pedestrian is waiting. Traffic is building up. Send someone now!,truck accident; port entrance; pedestrian,CRASH,1
Please send help to Main Highway. We have a drowning involving a bus. Traffic is building up. What do I do?!,main highway; bus; drowning,RESCUE,5
"Wait, yes, A construction worker says there is a explosion near Bus Depot. They noticed blocked road.",blocked road; construction worker; bus depot,RESCUE,4
911? Please send help to Outer Ring Road. We have a cyclone damage involving a fuel tanker. A cyclist is waiting. The incident happened just now. Send someone now!,outer ring road; cyclone damage; fuel tanker,CYCLONE,2
Heavy wet roads is making the situation worse near Eastern Bypass. There is a fuel leak.,fuel leak; wet roads; eastern bypass,HAZMAT,2
"It's, um, I think there has been a motorcycle accident near City Center. three injured passengers. Visibility is poor.",three injured passengers; city center; motorcycle accident,CRASH,2
"I... I don't know, Ahhh! We have a bus crash near Station Road. It happened about ten minutes ago. A shopkeeper is waiting.",bus crash; station road; shopkeeper,CRASH,3
I am near Industrial Gate and there has been a medical emergency. The road is affected and I can see diesel leak. What do I do?!,industrial gate; diesel leak; medical emergency,MEDICAL,3
We have a train derailment near Central Flyover. It happened this afternoon.,central flyover; train derailment; happened,CRASH,5
"I... I don't know, Heavy poor visibility is making the situation worse near North Underpass. There is a truck accident. People are moving away. Please hurry!",north underpass; truck accident; poor visibility,CRASH,1
Ahhh! Heavy cold weather is making the situation worse near Residential Block. There is a missing person. What do I do?!,cold weather; missing person; residential block,RESCUE,1
911? The caller says there is a stampede at Commercial Street. People are moving away. Visibility is poor.,commercial street; stampede; caller,RESCUE,1
Help! We have a bridge damage near Shopping District. It happened around noon.,shopping district; bridge damage; help,RESCUE,2
I think there has been a hazardous material incident near Industrial Area. an unconscious person. People are moving away. Visibility is poor.,an unconscious person; hazardous material incident; industrial area,HAZMAT,4
"I... I don't know, Oh my god! We have a cold exposure near Commercial Street. It happened during rush hour. Visibility is poor. Visibility is poor. What do I do?!",commercial street; cold exposure; dont,MEDICAL,2
There's... We have a building collapse near City Center. It happened around noon. People are moving away.,city center; building collapse; theres,RESCUE,5
Help! Heavy lightning is making the situation worse near Forest Checkpoint. There is a motorcycle accident. The incident happened early this morning. Please hurry!,motorcycle accident; forest checkpoint; lightning,CRASH,2
Help! Reports are coming in from Underpass about a stampede. There is fuel leak. Traffic is building up. The weather is continuous rainfall. Please hurry!,fuel leak; continuous rainfall; stampede,RESCUE,2
Help! There has been a bridge damage near Shopping District. I can see a car involved and several injured people. The weather is strong winds. What do I do?!,several injured people; strong winds; shopping district,RESCUE,3
"Wait, yes, Reports are coming in from Airport Road about a factory fire. There is rising water. Visibility is poor. Traffic is building up. What do I do?!",airport road; rising water; factory fire,FIRE,2
Ahhh! I am near Central Market and there has been a missing person. The road is affected and I can see blocked road. A construction worker is waiting. Traffic is building up. What do I do?!,blocked road; construction worker; missing person,RESCUE,1
"Wait, yes, Heavy stormy weather is making the situation worse near Bus Terminal. There is a gas leak. The incident happened early this morning. The incident happened early this morning.",stormy weather; gas leak; bus terminal,HAZMAT,2
There's... Please hurry! Please send help to Tunnel Entrance. We have a bridge damage involving a school bus. The incident happened this afternoon. Visibility is poor.,school bus; tunnel entrance; bridge damage,RESCUE,2
Ahhh! The caller says there is a electrical accident at Old Railway Crossing.,old railway crossing; electrical accident; ahhh,FIRE,1
"It's, um, Please hurry! There has been a dam overflow near Coastal Road. I can see a tanker involved and people with minor injuries. The incident happened during rush hour. Visibility is poor. What do I do?!",people with minor injuries; coastal road; dam overflow,FLOOD,2
"It's, um, We have a evacuation near Warehouse District. It happened about half an hour ago. The weather is thunderstorm. Please hurry!",warehouse district; thunderstorm; evacuation,RESCUE,2
911? A resident says there is a landslide near College Road. They noticed oil spill. People are moving away. What do I do?!,oil spill; college road; resident,RESCUE,2
There has been a flash flood near Harbor Area. I can see a sedan involved and a trapped passenger.,a trapped passenger; harbor area; flash flood,FLOOD,5
Help! Heavy strong winds is making the situation worse near Factory Road. There is a fallen tree.,fallen tree; strong winds; factory road,RESCUE,1
Ahhh! Please send help to Highway Toll Plaza. We have a crowd emergency involving a motorcycle. What do I do?!,highway toll plaza; crowd emergency; motorcycle,RESCUE,1
There's... Please hurry! We have a boat accident near College Road. It happened before sunrise. What do I do?!,boat accident; college road; theres,CRASH,2
"It's, um, There has been a gas leak near Factory Road. I can see a motorcycle involved and several injured people. What do I do?!",several injured people; gas leak; factory road,HAZMAT,2
911? Caller reports a hazardous material incident at Old Railway Crossing. There is broken glass. The weather is dust storm. The weather is dust storm.,old railway crossing; hazardous material incident; broken glass,HAZMAT,3
Help! Caller reports a chemical spill at North Underpass. There is unstable structure. Visibility is poor. Traffic is building up. What do I do?!,north underpass; unstable structure; chemical spill,HAZMAT,2
Please send help to Coastal Road. We have a warehouse fire involving a truck. People are moving away. Traffic is building up. What do I do?!,coastal road; warehouse fire; truck,FIRE,3
Ahhh! Reports are coming in from Ring Road about a vehicle collision. There is oil spill. Please hurry!,ring road; vehicle collision; oil spill,CRASH,2
"I... I don't know, Oh my god! Please send help to Old Railway Crossing. We have a power line failure involving a motorcycle. Traffic is building up. People are moving away.",old railway crossing; power line failure; motorcycle,HAZMAT,1
Please send help to Factory Road. We have a fuel leak involving a bus.,fuel leak; factory road; bus,HAZMAT,3
We have a wildfire near Airport Junction. It happened just now. What do I do?!,airport junction; wildfire; happened,FIRE,3
Caller reports a missing person at Warehouse District. There is toxic fumes. People are moving away.,missing person; warehouse district; toxic fumes,RESCUE,1
911? I am near Factory Road and there has been a evacuation. The road is affected and I can see fallen tree. Traffic is building up. What do I do?!,fallen tree; factory road; evacuation,RESCUE,1
There's... Ahhh! Please send help to Coastal Road. We have a wildfire involving a fuel tanker. The weather is strong winds. Send someone now!,strong winds; coastal road; fuel tanker,FIRE,3
There has been a cyclone damage near Riverbank. I can see a sedan involved and an unconscious person.,an unconscious person; cyclone damage; sedan,CYCLONE,4
Please hurry! There has been a cold exposure near College Road. I can see a van involved and multiple casualties. Please hurry!,multiple casualties; college road; cold exposure,MEDICAL,5
There's... Oh my god! Heavy poor visibility is making the situation worse near Western Expressway. There is a factory fire. Visibility is poor. Traffic is building up.,poor visibility; factory fire; western expressway,FIRE,3
Ahhh! I think there has been a factory fire near Outer Ring Road. several injured people. Please hurry!,several injured people; outer ring road; factory fire,FIRE,2
"It's, um, Help! The caller says there is a vehicle collision at Port Entrance.",vehicle collision; port entrance; help,CRASH,2
Help! Please send help to Airport Junction. We have a missing person involving a ambulance. People are moving away. What do I do?!,airport junction; missing person; ambulance,RESCUE,2
"It's, um, Please hurry! I am near Temple Road and there has been a lightning strike. The road is affected and I can see oil spill. What do I do?!",lightning strike; oil spill; temple road,CYCLONE,2
"Wait, yes, A child says there is a hazardous material incident near Temple Road. They noticed blocked road. The incident happened this afternoon. The incident happened this afternoon. Please hurry!",hazardous material incident; blocked road; temple road,HAZMAT,1
"Wait, yes, We have a truck accident near City Center. It happened around midnight. The incident happened around midnight.",city center; truck accident; wait,CRASH,1
"I... I don't know, Please hurry! The caller says there is a industrial accident at Western Expressway. A construction worker is waiting. Please hurry!",construction worker; industrial accident; western expressway,MEDICAL,2
"It's, um, Please hurry! Reports are coming in from Bus Depot about a railway accident. There is fallen tree. Send someone now!",railway accident; fallen tree; bus depot,CRASH,2
I think there has been a car rollover near Bus Terminal. two injured people. Visibility is poor. Send someone now!,two injured people; bus terminal; car rollover,CRASH,3
"Wait, yes, Oh my god! Heavy lightning is making the situation worse near Old Bridge. There is a chemical spill. Visibility is poor.",old bridge; chemical spill; lightning,HAZMAT,2
Please hurry! I am near Industrial Gate and there has been a road blockage. The road is affected and I can see debris.,industrial gate; road blockage; debris,RESCUE,2
Please hurry! A construction worker says there is a dam overflow near Ring Road. They noticed chemical fumes. A construction worker is waiting. The weather is poor visibility. Send someone now!,ring road; construction worker; poor visibility,FLOOD,2
"Wait, yes, Reports are coming in from Airport Road about a power line failure. There is chemical fumes.",power line failure; airport road; chemical fumes,HAZMAT,1
There's... I am near Railway Yard and there has been a storm damage. The road is affected and I can see fire. People are moving away. The weather is poor visibility. Send someone now!,storm damage; railway yard; poor visibility,CYCLONE,2
I think there has been a cyclone damage near South Flyover. multiple casualties. The weather is extreme heat.,extreme heat; cyclone damage; multiple casualties,CYCLONE,4
911? Heavy continuous rainfall is making the situation worse near Old Bridge. There is a severe rainfall. The weather is continuous rainfall. Traffic is building up. Send someone now!,severe rainfall; old bridge; continuous rainfall,CYCLONE,2
"I... I don't know, Please hurry! We have a landslide near City Hospital. It happened early this morning. The incident happened early this morning.",city hospital; landslide; dont,RESCUE,1
I think there has been a crowd emergency near Railway Yard. several injured people. Visibility is poor. A worker is waiting. Send someone now!,several injured people; crowd emergency; railway yard,RESCUE,2
The caller says there is a cyclone damage at Central Market.,cyclone damage; central market; caller,CYCLONE,2
Caller reports a boat accident at City Hospital. There is fuel leak. Please hurry!,boat accident; city hospital; fuel leak,CRASH,2
There's... I think there has been a drowning near Temple Road. an unconscious person. Traffic is building up.,an unconscious person; temple road; drowning,RESCUE,5
"I... I don't know, Oh my god! We have a fallen tree near Bus Depot. It happened about ten minutes ago. A resident is waiting. Traffic is building up. What do I do?!",fallen tree; bus depot; resident,RESCUE,1
Please hurry! The caller says there is a severe rainfall at Outer Ring Road. People are moving away. The incident happened this afternoon. What do I do?!,outer ring road; severe rainfall; please,CYCLONE,2
We have a crowd emergency near Residential Block. It happened before sunrise. A construction worker is waiting. People are moving away.,crowd emergency; construction worker; residential block,RESCUE,1
Heavy dense fog is making the situation worse near Warehouse District. There is a wildfire. A passenger is waiting. Please hurry!,dense fog; warehouse district; wildfire,FIRE,3
Help! Heavy poor visibility is making the situation worse near Old Bridge. There is a forest fire. Traffic is building up. Visibility is poor.,old bridge; poor visibility; forest fire,FIRE,2
Help! A child says there is a missing person near South Flyover. They noticed chemical fumes.,missing person; south flyover; chemical fumes,RESCUE,2
There's... I think there has been a explosion near Industrial Gate. two injured people. The incident happened about half an hour ago.,two injured people; industrial gate; explosion,RESCUE,4
Help! We have a stampede near Airport Road. It happened before sunrise. Visibility is poor. The weather is heavy rain.,airport road; heavy rain; stampede,RESCUE,1
"It's, um, Reports are coming in from Underpass about a crowd emergency. There is smoke. People are moving away. People are moving away. Send someone now!",crowd emergency; underpass; smoke,RESCUE,2
We have a aircraft emergency near Dam Road. It happened during rush hour. What do I do?!,aircraft emergency; dam road; happened,CRASH,2
The caller says there is a heat emergency at Western Expressway. The weather is cold weather. The weather is cold weather. Send someone now!,cold weather; western expressway; heat emergency,MEDICAL,2
911? Please send help to Old Bridge. We have a drowning involving a delivery vehicle. The incident happened around noon. The incident happened around noon.,old bridge; delivery vehicle; drowning,RESCUE,4
"Wait, yes, 911? There has been a building fire near Station Road. I can see a ambulance involved and a seriously injured driver. Visibility is poor. The weather is dust storm.",a seriously injured driver; dust storm; building fire,FIRE,2
Please send help to Commercial Street. We have a dam overflow involving a tanker. Traffic is building up. The incident happened during rush hour.,commercial street; dam overflow; tanker,FLOOD,2
"It's, um, We have a lightning strike near Bus Depot. It happened late last night. The weather is thunderstorm. The incident happened late last night.",lightning strike; bus depot; thunderstorm,CYCLONE,3
There's... 911? There has been a lightning strike near Tunnel Entrance. I can see a delivery vehicle involved and one injured person.,one injured person; lightning strike; tunnel entrance,CYCLONE,3
"It's, um, Oh my god! The caller says there is a building fire at Underpass. The incident happened before sunrise. Please hurry!",building fire; underpass; caller,FIRE,2
I am near Port Entrance and there has been a evacuation. The road is affected and I can see smoke. A elderly person is waiting. The incident happened this afternoon.,port entrance; elderly person; evacuation,RESCUE,1
Ahhh! Caller reports a boat accident at Outer Ring Road. There is fuel leak. Traffic is building up. The incident happened a few minutes ago. Please hurry!,outer ring road; boat accident; fuel leak,CRASH,2
Ahhh! The caller says there is a flash flood at Dam Road. What do I do?!,flash flood; dam road; ahhh,FLOOD,3
Please send help to Old Railway Crossing. We have a cyclone damage involving a delivery vehicle. The incident happened around noon.,old railway crossing; cyclone damage; delivery vehicle,CYCLONE,1
Help! The caller says there is a missing person at South Flyover. The weather is wet roads. The incident happened during rush hour.,missing person; wet roads; south flyover,RESCUE,2
I am near North Underpass and there has been a boat accident. The road is affected and I can see diesel leak. A worker is waiting. Traffic is building up.,boat accident; north underpass; diesel leak,CRASH,3
There's... Please hurry! The caller says there is a warehouse fire at Railway Station. What do I do?!,railway station; warehouse fire; theres,FIRE,3
Oh my god! The caller says there is a road blockage at Market Road. People are moving away.,road blockage; market road; caller,RESCUE,1
I am near Port Entrance and there has been a factory fire. The road is affected and I can see fallen tree. Visibility is poor. Send someone now!,fallen tree; port entrance; factory fire,FIRE,3
Please hurry! I think there has been a wildfire near Tunnel Entrance. multiple casualties. Traffic is building up. Traffic is building up.,multiple casualties; tunnel entrance; wildfire,FIRE,4
We have a electrical accident near Central Flyover. It happened around midnight. The weather is extreme heat. What do I do?!,electrical accident; extreme heat; central flyover,FIRE,2
"I... I don't know, 911? There has been a train derailment near Old Railway Crossing. I can see a van involved and people with minor injuries.",people with minor injuries; old railway crossing; train derailment,CRASH,5
Help! Caller reports a drowning at Bus Depot. There is gas leak. The incident happened a few minutes ago. What do I do?!,gas leak; bus depot; drowning,RESCUE,4
"Wait, yes, Help! I think there has been a power line failure near Warehouse District. multiple casualties. Traffic is building up. People are moving away.",power line failure; multiple casualties; warehouse district,HAZMAT,5
"Wait, yes, Please hurry! Heavy lightning is making the situation worse near Eastern Bypass. There is a car rollover. Traffic is building up. Visibility is poor. What do I do?!",eastern bypass; car rollover; lightning,CRASH,2
There's... We have a explosion near Airport Road. It happened about ten minutes ago. The weather is wet roads.,airport road; wet roads; explosion,RESCUE,4
I think there has been a bridge damage near Eastern Bypass. three injured passengers. A construction worker is waiting. Send someone now!,three injured passengers; construction worker; eastern bypass,RESCUE,2
There's... 911? We have a railway accident near Forest Checkpoint. It happened this afternoon. Visibility is poor. A child is waiting.,railway accident; forest checkpoint; child,CRASH,2
I think there has been a wildfire near Railway Yard. multiple casualties. A shopkeeper is waiting. Send someone now!,railway yard; multiple casualties; wildfire,FIRE,5
I think there has been a storm damage near Ring Road. multiple casualties. Visibility is poor.,ring road; storm damage; multiple casualties,CYCLONE,5
Heavy strong winds is making the situation worse near Outer Ring Road. There is a medical emergency. What do I do?!,outer ring road; strong winds; medical emergency,MEDICAL,2
Ahhh! Heavy dense fog is making the situation worse near Market Road. There is a storm damage. Please hurry!,storm damage; dense fog; market road,CYCLONE,2
We have a chemical spill near Central Market. It happened early this morning. People are moving away. The incident happened early this morning.,chemical spill; central market; happened,HAZMAT,2
We have a train derailment near Coastal Road. It happened late last night.,coastal road; train derailment; happened,CRASH,4
"It's, um, I am near City Center and there has been a building collapse. The road is affected and I can see fire. The weather is heavy rain. A child is waiting.",city center; building collapse; heavy rain,RESCUE,5
Heavy dust storm is making the situation worse near Old Bridge. There is a fuel leak. Send someone now!,dust storm; old bridge; fuel leak,HAZMAT,2
There's... Ahhh! I am near Ring Road and there has been a railway accident. The road is affected and I can see gas leak. Send someone now!,ring road; railway accident; gas leak,CRASH,3
There has been a earthquake damage near Industrial Gate. I can see a motorcycle involved and an injured child.,an injured child; industrial gate; earthquake damage,RESCUE,4
"Wait, yes, 911? Please send help to Warehouse District. We have a lightning strike involving a container truck. A security guard is waiting. Traffic is building up.",lightning strike; container truck; security guard,CYCLONE,2
The caller says there is a explosion at Railway Yard.,railway yard; explosion; caller,RESCUE,5
There's... A driver says there is a forest fire near Ring Road. They noticed debris. Visibility is poor.,ring road; forest fire; driver,FIRE,3
Help! The caller says there is a chemical spill at Tunnel Entrance. The weather is lightning. The weather is lightning.,chemical spill; tunnel entrance; lightning,HAZMAT,2
The caller says there is a warehouse fire at Old Bridge. The incident happened about half an hour ago. Visibility is poor. Send someone now!,old bridge; warehouse fire; caller,FIRE,2
"I... I don't know, I think there has been a urban flooding near Coastal Road. one injured person. The incident happened late last night. Please hurry!",one injured person; urban flooding; coastal road,FLOOD,2
Help! I am near Western Expressway and there has been a bridge damage. The road is affected and I can see fuel leak. The incident happened during rush hour. A worker is waiting.,fuel leak; western expressway; bridge damage,RESCUE,2
We have a cyclone damage near Warehouse District. It happened about ten minutes ago. People are moving away. Visibility is poor. Please hurry!,cyclone damage; warehouse district; happened,CYCLONE,2
I am near Temple Road and there has been a lightning strike. The road is affected and I can see live electrical wires. Visibility is poor. A cyclist is waiting. Please hurry!,live electrical wires; lightning strike; temple road,CYCLONE,2
We have a crowd emergency near Ring Road. It happened a few minutes ago. The weather is heavy rain. Send someone now!,ring road; crowd emergency; heavy rain,RESCUE,2
Please send help to Bus Depot. We have a road blockage involving a ambulance.,road blockage; bus depot; ambulance,RESCUE,1
"I... I don't know, Reports are coming in from Eastern Bypass about a train derailment. There is broken glass.",broken glass; eastern bypass; train derailment,CRASH,5
911? A construction worker says there is a motorcycle accident near Factory Road. They noticed live electrical wires.,live electrical wires; construction worker; motorcycle accident,CRASH,2
Oh my god! I think there has been a chemical spill near Temple Road. three injured passengers. Visibility is poor.,three injured passengers; temple road; chemical spill,HAZMAT,3
We have a lightning strike near Outer Ring Road. It happened during rush hour. Visibility is poor.,outer ring road; lightning strike; happened,CYCLONE,1
I think there has been a electrical accident near Highway Toll Plaza. an injured child. Traffic is building up.,an injured child; highway toll plaza; electrical accident,FIRE,2
There has been a fuel leak near Warehouse District. I can see a ambulance involved and an injured child. Send someone now!,an injured child; fuel leak; warehouse district,HAZMAT,2
"It's, um, Reports are coming in from Tunnel Entrance about a earthquake damage. There is smoke. The weather is thunderstorm.",earthquake damage; tunnel entrance; thunderstorm,RESCUE,5
The caller says there is a cold exposure at Industrial Area.,industrial area; cold exposure; caller,MEDICAL,2
There's... Oh my god! I am near Residential Block and there has been a evacuation. The road is affected and I can see smoke. Visibility is poor. What do I do?!,residential block; evacuation; smoke,RESCUE,1
Heavy wet roads is making the situation worse near Dam Road. There is a road blockage. People are moving away.,road blockage; wet roads; dam road,RESCUE,2
Please hurry! I think there has been a train derailment near Central Flyover. one injured person.,one injured person; central flyover; train derailment,CRASH,5
A worker says there is a building fire near City Center. They noticed broken glass. Please hurry!,city center; broken glass; building fire,FIRE,2
"It's, um, The caller says there is a gas leak at Commercial Street. What do I do?!",commercial street; gas leak; caller,HAZMAT,2
"Wait, yes, Please send help to Railway Yard. We have a lightning strike involving a delivery vehicle. People are moving away.",lightning strike; railway yard; delivery vehicle,CYCLONE,1
911? There has been a heat emergency near Shopping District. I can see a ambulance involved and several injured people. The weather is dense fog. Please hurry!,several injured people; dense fog; shopping district,MEDICAL,3
911? I think there has been a missing person near Coastal Road. several injured people. Send someone now!,several injured people; missing person; coastal road,RESCUE,2
"I... I don't know, 911? There has been a fallen tree near Temple Road. I can see a fuel tanker involved and several injured people. The incident happened during rush hour. People are moving away.",several injured people; fallen tree; temple road,RESCUE,3
The caller says there is a bus crash at Central Flyover. The weather is dust storm. A security guard is waiting.,dust storm; central flyover; bus crash,CRASH,3
Oh my god! Reports are coming in from Station Road about a medical emergency. There is fallen tree.,fallen tree; station road; medical emergency,MEDICAL,1
"I... I don't know, Help! Caller reports a railway accident at Riverbank. There is rising water. Traffic is building up.",railway accident; rising water; riverbank,CRASH,2
Please hurry! I think there has been a building fire near Port Entrance. a trapped passenger. People are moving away. The weather is extreme heat. Send someone now!,a trapped passenger; extreme heat; port entrance,FIRE,4
Help! We have a explosion near Central Market. It happened early this morning. Send someone now!,central market; explosion; help,RESCUE,5
A worker says there is a fallen tree near Railway Yard. They noticed broken glass. People are moving away. People are moving away. Send someone now!,broken glass; fallen tree; railway yard,RESCUE,2
"Wait, yes, Ahhh! There has been a lightning strike near North Underpass. I can see a car involved and one injured person.",one injured person; lightning strike; north underpass,CYCLONE,2
Oh my god! We have a fuel leak near Station Road. It happened before sunrise. The incident happened before sunrise.,fuel leak; station road; happened,HAZMAT,3
Ahhh! Caller reports a car rollover at Highway Toll Plaza. There is fire. Traffic is building up. Traffic is building up.,highway toll plaza; car rollover; fire,CRASH,2
Heavy wet roads is making the situation worse near Underpass. There is a wildfire. Visibility is poor. Visibility is poor.,wet roads; wildfire; underpass,FIRE,3
There's... Help! There has been a explosion near Tunnel Entrance. I can see a truck involved and several injured people. The incident happened a few minutes ago.,several injured people; tunnel entrance; explosion,RESCUE,5
Oh my god! Heavy poor visibility is making the situation worse near North Underpass. There is a hazardous material incident. Visibility is poor.,hazardous material incident; north underpass; poor visibility,HAZMAT,2
911? Reports are coming in from Airport Road about a cold exposure. There is fuel leak. The weather is strong winds.,airport road; fuel leak; strong winds,MEDICAL,3
"Wait, yes, Please hurry! The caller says there is a stampede at Central Market. The weather is dust storm. A shopkeeper is waiting.",dust storm; central market; shopkeeper,RESCUE,2
"Wait, yes, Please hurry! I think there has been a truck accident near Factory Road. three injured passengers. Please hurry!",three injured passengers; truck accident; factory road,CRASH,3
I am near North Underpass and there has been a train derailment. The road is affected and I can see diesel leak.,north underpass; diesel leak; train derailment,CRASH,4
911? We have a wildfire near Port Entrance. It happened about ten minutes ago. Send someone now!,port entrance; wildfire; happened,FIRE,2
"It's, um, The caller says there is a bus crash at Underpass. The incident happened a few minutes ago. Traffic is building up.",bus crash; underpass; caller,CRASH,2
"I... I don't know, We have a storm damage near Temple Road. It happened early this morning. The weather is cold weather.",storm damage; cold weather; temple road,CYCLONE,3
Ahhh! Caller reports a electrical accident at Industrial Area. There is gas leak. Visibility is poor.,industrial area; electrical accident; gas leak,FIRE,3
Ahhh! A pedestrian says there is a motorcycle accident near Western Expressway. They noticed fire. The incident happened during rush hour. The incident happened during rush hour.,motorcycle accident; western expressway; pedestrian,CRASH,2
There's... Caller reports a evacuation at Railway Yard. There is blocked road. People are moving away. The weather is stormy weather.,stormy weather; railway yard; blocked road,RESCUE,2
Reports are coming in from Outer Ring Road about a drowning. There is oil spill.,outer ring road; oil spill; drowning,RESCUE,4
Ahhh! Please send help to Underpass. We have a boat accident involving a ambulance. The incident happened during rush hour. The weather is strong winds.,boat accident; strong winds; underpass,CRASH,1
"It's, um, Ahhh! I think there has been a lightning strike near Industrial Gate. an unconscious person. Visibility is poor. Send someone now!",an unconscious person; lightning strike; industrial gate,CYCLONE,5
There's... Ahhh! A passenger says there is a lightning strike near Western Expressway. They noticed diesel leak.,lightning strike; diesel leak; western expressway,CYCLONE,2
Help! Heavy strong winds is making the situation worse near Ring Road. There is a hazardous material incident. Visibility is poor. Please hurry!,hazardous material incident; ring road; strong winds,HAZMAT,2
We have a medical emergency near Warehouse District. It happened this afternoon. The weather is cyclonic winds.,cyclonic winds; warehouse district; medical emergency,MEDICAL,2
I think there has been a earthquake damage near Highway Toll Plaza. an unconscious person. Visibility is poor.,an unconscious person; highway toll plaza; earthquake damage,RESCUE,5
"It's, um, 911? Caller reports a drowning at Airport Junction. There is toxic fumes. The weather is thunderstorm. A driver is waiting.",airport junction; toxic fumes; thunderstorm,RESCUE,5
Reports are coming in from Highway Toll Plaza about a heat emergency. There is rising water. Traffic is building up.,highway toll plaza; rising water; heat emergency,MEDICAL,2
Please hurry! There has been a earthquake damage near Harbor Area. I can see a tanker involved and a trapped passenger.,a trapped passenger; earthquake damage; harbor area,RESCUE,4
"Wait, yes, Oh my god! Reports are coming in from Dam Road about a electrical accident. There is debris. The incident happened about ten minutes ago. The incident happened about ten minutes ago. Please hurry!",electrical accident; dam road; debris,FIRE,1
"Wait, yes, Heavy wet roads is making the situation worse near Forest Checkpoint. There is a road blockage. What do I do?!",road blockage; wet roads; forest checkpoint,RESCUE,2
Reports are coming in from Central Market about a cyclone damage. There is blocked road. Please hurry!,blocked road; cyclone damage; central market,CYCLONE,1
"It's, um, Please hurry! We have a electrical accident near Old Railway Crossing. It happened just now. People are moving away. Traffic is building up.",old railway crossing; electrical accident; please,FIRE,1
Help! I am near Industrial Area and there has been a building fire. The road is affected and I can see toxic fumes. People are moving away. The incident happened during rush hour. Send someone now!,industrial area; building fire; toxic fumes,FIRE,3
There's... The caller says there is a factory fire at Central Market.,factory fire; central market; theres,FIRE,3
I think there has been a railway accident near Port Entrance. a trapped passenger. The incident happened about half an hour ago. Traffic is building up.,a trapped passenger; railway accident; port entrance,CRASH,5
Please send help to Commercial Street. We have a earthquake damage involving a container truck. The weather is dense fog. The incident happened about half an hour ago.,container truck; dense fog; earthquake damage,RESCUE,4
A driver says there is a boat accident near South Flyover. They noticed gas leak. Send someone now!,boat accident; gas leak; south flyover,CRASH,2
Help! A construction worker says there is a factory fire near Eastern Bypass. They noticed diesel leak.,construction worker; diesel leak; factory fire,FIRE,2
Caller reports a electrical accident at Highway Toll Plaza. There is blocked road. The weather is poor visibility.,highway toll plaza; electrical accident; blocked road,FIRE,2
911? Caller reports a car rollover at Coastal Road. There is live electrical wires. Please hurry!,live electrical wires; coastal road; car rollover,CRASH,2
911? I think there has been a truck accident near Coastal Road. one injured person. A construction worker is waiting.,one injured person; construction worker; truck accident,CRASH,3
911? A passenger says there is a crowd emergency near Main Highway. They noticed smoke. Traffic is building up. Traffic is building up. What do I do?!,main highway; crowd emergency; passenger,RESCUE,1
"I... I don't know, Please hurry! We have a aircraft emergency near Eastern Bypass. It happened about half an hour ago. The weather is cold weather. People are moving away. Please hurry!",cold weather; aircraft emergency; eastern bypass,CRASH,2
Please hurry! I think there has been a gas leak near Old Bridge. an injured child. Please hurry!,an injured child; old bridge; gas leak,HAZMAT,2
"I... I don't know, Help! The caller says there is a bus crash at Outer Ring Road. Please hurry!",outer ring road; bus crash; dont,CRASH,2
There has been a cold exposure near Old Bridge. I can see a truck involved and three injured passengers. The weather is wet roads.,three injured passengers; old bridge; wet roads,MEDICAL,2
Ahhh! Please send help to Main Highway. We have a landslide involving a container truck.,main highway; container truck; landslide,RESCUE,1
We have a severe rainfall near Bus Terminal. It happened just now. Traffic is building up. Visibility is poor.,severe rainfall; bus terminal; happened,CYCLONE,1
"It's, um, 911? A passenger says there is a fuel leak near Airport Road. They noticed smoke. People are moving away.",airport road; fuel leak; passenger,HAZMAT,3
Please hurry! Reports are coming in from Central Flyover about a stampede. There is fallen tree. The weather is cyclonic winds. The incident happened before sunrise.,fallen tree; central flyover; cyclonic winds,RESCUE,1
Reports are coming in from Western Expressway about a bridge damage. There is toxic fumes. The incident happened this afternoon. A worker is waiting. What do I do?!,western expressway; bridge damage; toxic fumes,RESCUE,2
911? Heavy poor visibility is making the situation worse near Old Bridge. There is a fuel leak. Visibility is poor. What do I do?!,old bridge; poor visibility; fuel leak,HAZMAT,2
"Wait, yes, A cyclist says there is a truck accident near Coastal Road. They noticed fire. People are moving away.",truck accident; coastal road; cyclist,CRASH,2
"It's, um, Caller reports a warehouse fire at Central Flyover. There is toxic fumes. Visibility is poor.",central flyover; warehouse fire; toxic fumes,FIRE,3
Please send help to City Hospital. We have a drowning involving a motorcycle.,city hospital; drowning; motorcycle,RESCUE,4
"I... I don't know, Ahhh! We have a forest fire near Airport Junction. It happened early this morning. Visibility is poor. A cyclist is waiting.",airport junction; forest fire; cyclist,FIRE,3
"I... I don't know, Ahhh! I am near Commercial Street and there has been a urban flooding. The road is affected and I can see gas leak. People are moving away.",urban flooding; commercial street; gas leak,FLOOD,2
There's... Reports are coming in from Old Bridge about a road blockage. There is live electrical wires. Send someone now!,live electrical wires; old bridge; road blockage,RESCUE,2
There's... 911? A child says there is a dam overflow near Eastern Bypass. They noticed unstable structure. Visibility is poor. The weather is cold weather.,cold weather; unstable structure; eastern bypass,FLOOD,2
Ahhh! There has been a hazardous material incident near Ring Road. I can see a fuel tanker involved and people with minor injuries. People are moving away. What do I do?!,people with minor injuries; hazardous material incident; ring road,HAZMAT,1
Please send help to Central Market. We have a aircraft emergency involving a van. Visibility is poor. What do I do?!,aircraft emergency; central market; van,CRASH,1
Please hurry! A child says there is a urban flooding near City Hospital. They noticed debris. A child is waiting. The incident happened about half an hour ago.,city hospital; urban flooding; child,FLOOD,3
Please hurry! Reports are coming in from Residential Block about a car rollover. There is rising water. Visibility is poor. The incident happened this afternoon.,rising water; residential block; car rollover,CRASH,1
There's... Caller reports a forest fire at Eastern Bypass. There is oil spill.,oil spill; eastern bypass; forest fire,FIRE,2
Oh my god! Please send help to Airport Road. We have a hazardous material incident involving a tanker. People are moving away.,hazardous material incident; airport road; tanker,HAZMAT,1
The caller says there is a bridge damage at Factory Road. People are moving away. People are moving away. Send someone now!,bridge damage; factory road; caller,RESCUE,2
"It's, um, Help! We have a drowning near Station Road. It happened early this morning. A child is waiting. The incident happened early this morning.",station road; drowning; child,RESCUE,4
Please send help to Old Railway Crossing. We have a industrial accident involving a bus. A construction worker is waiting.,old railway crossing; construction worker; industrial accident,MEDICAL,2
Please send help to Industrial Area. We have a fallen tree involving a motorcycle. The incident happened this afternoon. Traffic is building up. What do I do?!,industrial area; fallen tree; motorcycle,RESCUE,1
The caller says there is a industrial accident at Factory Road. Please hurry!,industrial accident; factory road; caller,MEDICAL,2
There's... Oh my god! Caller reports a flash flood at Commercial Street. There is blocked road. People are moving away. The incident happened around midnight.,blocked road; commercial street; flash flood,FLOOD,3
I think there has been a road blockage near Central Market. three injured passengers. The weather is lightning. What do I do?!,three injured passengers; road blockage; central market,RESCUE,2
We have a industrial accident near Airport Junction. It happened during rush hour. Visibility is poor. The weather is cold weather. What do I do?!,airport junction; cold weather; industrial accident,MEDICAL,2
Help! The caller says there is a building fire at Ring Road. The incident happened during rush hour. Please hurry!,ring road; building fire; help,FIRE,3
911? We have a train derailment near Coastal Road. It happened a few minutes ago. Traffic is building up. Please hurry!,coastal road; train derailment; happened,CRASH,5
A passenger says there is a dam overflow near Central Flyover. They noticed blocked road. Traffic is building up. Visibility is poor.,blocked road; central flyover; dam overflow,FLOOD,2
A pedestrian says there is a factory fire near Residential Block. They noticed broken glass. Please hurry!,broken glass; residential block; factory fire,FIRE,2
Help! We have a boat accident near Central Market. It happened this afternoon. What do I do?!,boat accident; central market; help,CRASH,2
911? The caller says there is a drowning at Western Expressway. Traffic is building up. Send someone now!,western expressway; drowning; caller,RESCUE,4
"I... I don't know, Oh my god! Caller reports a landslide at River Bridge. There is broken glass. People are moving away.",broken glass; river bridge; landslide,RESCUE,2
"It's, um, There has been a gas leak near Riverbank. I can see a ambulance involved and an unconscious person. The weather is dust storm. A resident is waiting.",an unconscious person; dust storm; gas leak,HAZMAT,4
Ahhh! Caller reports a factory fire at Main Highway. There is rising water.,main highway; rising water; factory fire,FIRE,3
"Wait, yes, Please send help to Railway Station. We have a warehouse fire involving a ambulance. Please hurry!",railway station; warehouse fire; ambulance,FIRE,3
There has been a road blockage near Tunnel Entrance. I can see a truck involved and two injured people. A cyclist is waiting. The incident happened about ten minutes ago. What do I do?!,two injured people; road blockage; tunnel entrance,RESCUE,2
911? Reports are coming in from North Underpass about a warehouse fire. There is rising water. The weather is wet roads. A pedestrian is waiting.,north underpass; rising water; wet roads,FIRE,3
Reports are coming in from Residential Block about a fallen tree. There is debris. What do I do?!,fallen tree; residential block; debris,RESCUE,2
"I... I don't know, Please send help to Station Road. We have a stampede involving a fuel tanker.",fuel tanker; station road; stampede,RESCUE,1
I am near Western Expressway and there has been a severe rainfall. The road is affected and I can see fire. People are moving away. The weather is strong winds.,severe rainfall; strong winds; western expressway,CYCLONE,3
Oh my god! The caller says there is a dam overflow at Outer Ring Road. A child is waiting.,outer ring road; dam overflow; child,FLOOD,1
"It's, um, There has been a gas leak near Airport Road. I can see a sedan involved and two injured people.",two injured people; airport road; gas leak,HAZMAT,2
Reports are coming in from Port Entrance about a evacuation. There is blocked road. Visibility is poor. What do I do?!,blocked road; port entrance; evacuation,RESCUE,1
Reports are coming in from Highway Toll Plaza about a bus crash. There is rising water. Please hurry!,highway toll plaza; rising water; bus crash,CRASH,2
911? Reports are coming in from College Road about a gas leak. There is rising water. Visibility is poor. The incident happened before sunrise. What do I do?!,rising water; gas leak; college road,HAZMAT,2
"Wait, yes, Help! There has been a fallen tree near Commercial Street. I can see a school bus involved and an unconscious person. What do I do?!",an unconscious person; school bus; fallen tree,RESCUE,4
Help! Please send help to Factory Road. We have a hazardous material incident involving a school bus.,hazardous material incident; school bus; factory road,HAZMAT,1
Ahhh! There has been a car rollover near College Road. I can see a sedan involved and one injured person. The incident happened this afternoon.,one injured person; college road; car rollover,CRASH,2
Help! Caller reports a severe rainfall at Airport Road. There is broken glass. The weather is extreme heat.,broken glass; extreme heat; airport road,CYCLONE,2
Heavy dense fog is making the situation worse near Residential Block. There is a train derailment. The weather is dense fog. What do I do?!,dense fog; residential block; train derailment,CRASH,4
Reports are coming in from Western Expressway about a severe rainfall. There is gas leak. A elderly person is waiting. What do I do?!,severe rainfall; elderly person; gas leak,CYCLONE,3
There's... Ahhh! Reports are coming in from Temple Road about a storm damage. There is live electrical wires. Visibility is poor. A elderly person is waiting.,live electrical wires; storm damage; temple road,CYCLONE,3
There has been a hazardous material incident near Railway Yard. I can see a container truck involved and people with minor injuries. A construction worker is waiting. Traffic is building up. Please hurry!,people with minor injuries; hazardous material incident; container truck,HAZMAT,2
Heavy extreme heat is making the situation worse near North Underpass. There is a car rollover. Visibility is poor. A pedestrian is waiting.,extreme heat; north underpass; car rollover,CRASH,1
I am near Dam Road and there has been a train derailment. The road is affected and I can see live electrical wires. Please hurry!,live electrical wires; train derailment; dam road,CRASH,4
"I... I don't know, 911? Heavy heavy rain is making the situation worse near Coastal Road. There is a bus crash.",bus crash; heavy rain; coastal road,CRASH,2
Reports are coming in from Harbor Area about a cyclone damage. There is unstable structure. Please hurry!,cyclone damage; unstable structure; harbor area,CYCLONE,2
Oh my god! Reports are coming in from Highway Toll Plaza about a earthquake damage. There is fire. Traffic is building up.,highway toll plaza; earthquake damage; fire,RESCUE,4
Ahhh! Please send help to Forest Checkpoint. We have a medical emergency involving a train. The weather is dense fog. Send someone now!,dense fog; medical emergency; forest checkpoint,MEDICAL,1
"Wait, yes, 911? Reports are coming in from College Road about a missing person. There is chemical fumes. The weather is wet roads.",missing person; wet roads; chemical fumes,RESCUE,1
"I... I don't know, Please hurry! Caller reports a fuel leak at Riverbank. There is oil spill. People are moving away. What do I do?!",oil spill; fuel leak; riverbank,HAZMAT,3
"It's, um, Help! There has been a boat accident near Airport Junction. I can see a ambulance involved and a trapped passenger.",a trapped passenger; boat accident; airport junction,CRASH,4
Please hurry! We have a railway accident near Shopping District. It happened this afternoon. The incident happened this afternoon. People are moving away. Send someone now!,railway accident; shopping district; please,CRASH,2
Ahhh! We have a severe rainfall near Temple Road. It happened during rush hour. People are moving away. What do I do?!,severe rainfall; temple road; ahhh,CYCLONE,1
A security guard says there is a forest fire near River Bridge. They noticed toxic fumes. Visibility is poor.,river bridge; security guard; forest fire,FIRE,2
"It's, um, Heavy dense fog is making the situation worse near Coastal Road. There is a forest fire. People are moving away. People are moving away. Please hurry!",dense fog; coastal road; forest fire,FIRE,2
911? I am near Industrial Area and there has been a stampede. The road is affected and I can see gas leak. Visibility is poor.,industrial area; gas leak; stampede,RESCUE,3
Oh my god! Caller reports a crowd emergency at North Underpass. There is fallen tree.,north underpass; crowd emergency; fallen tree,RESCUE,2
Please hurry! The caller says there is a evacuation at Underpass. People are moving away. Traffic is building up. Send someone now!,underpass; evacuation; please,RESCUE,1
I think there has been a road blockage near Coastal Road. two injured people. Please hurry!,two injured people; road blockage; coastal road,RESCUE,3
"It's, um, I think there has been a medical emergency near Station Road. a seriously injured driver.",a seriously injured driver; station road; medical emergency,MEDICAL,3
"It's, um, Reports are coming in from Highway Toll Plaza about a forest fire. There is smoke. People are moving away.",highway toll plaza; forest fire; smoke,FIRE,2
Oh my god! A cyclist says there is a power line failure near Bus Terminal. They noticed fallen tree.,power line failure; fallen tree; bus terminal,HAZMAT,2
"It's, um, Oh my god! Caller reports a earthquake damage at Coastal Road. There is oil spill. Traffic is building up.",oil spill; earthquake damage; coastal road,RESCUE,5
911? Please send help to Forest Checkpoint. We have a evacuation involving a motorcycle. What do I do?!,forest checkpoint; motorcycle; evacuation,RESCUE,1
I think there has been a motorcycle accident near Station Road. two injured people. Please hurry!,two injured people; motorcycle accident; station road,CRASH,2
"It's, um, Please hurry! Reports are coming in from Station Road about a crowd emergency. There is unstable structure. The incident happened about ten minutes ago.",crowd emergency; unstable structure; station road,RESCUE,1
There's... Please hurry! A resident says there is a road blockage near River Bridge. They noticed oil spill. People are moving away. The weather is cold weather. Send someone now!,cold weather; road blockage; oil spill,RESCUE,2
The caller says there is a forest fire at South Flyover. Please hurry!,south flyover; forest fire; caller,FIRE,3
Ahhh! Caller reports a train derailment at Central Flyover. There is gas leak.,central flyover; gas leak; train derailment,CRASH,5
Oh my god! We have a severe rainfall near Eastern Bypass. It happened about half an hour ago. Please hurry!,severe rainfall; eastern bypass; happened,CYCLONE,2
Ahhh! We have a forest fire near Riverbank. It happened just now. Please hurry!,forest fire; riverbank; ahhh,FIRE,2
I think there has been a crowd emergency near Underpass. an injured child. The weather is cold weather.,an injured child; cold weather; crowd emergency,RESCUE,2
"It's, um, I think there has been a flash flood near Airport Road. three injured passengers. Visibility is poor. A worker is waiting.",three injured passengers; airport road; flash flood,FLOOD,2
911? I am near Coastal Road and there has been a industrial accident. The road is affected and I can see toxic fumes. Visibility is poor.,industrial accident; coastal road; toxic fumes,MEDICAL,2
There's... Ahhh! I think there has been a fallen tree near Commercial Street. a seriously injured driver. Visibility is poor.,a seriously injured driver; fallen tree; commercial street,RESCUE,2
"Wait, yes, Reports are coming in from Shopping District about a medical emergency. There is fire.",shopping district; medical emergency; fire,MEDICAL,3
There's... Please send help to Warehouse District. We have a wildfire involving a motorcycle. The incident happened before sunrise. The incident happened before sunrise. What do I do?!,warehouse district; wildfire; motorcycle,FIRE,3
"I... I don't know, We have a fuel leak near Tunnel Entrance. It happened about half an hour ago. Please hurry!",fuel leak; tunnel entrance; dont,HAZMAT,3
Ahhh! We have a lightning strike near Central Market. It happened late last night.,lightning strike; central market; ahhh,CYCLONE,2
"I... I don't know, 911? The caller says there is a aircraft emergency at Warehouse District. The incident happened early this morning. The weather is heavy rain. What do I do?!",aircraft emergency; heavy rain; warehouse district,CRASH,1
We have a bus crash near Harbor Area. It happened around midnight. Traffic is building up. The incident happened around midnight. Send someone now!,bus crash; harbor area; happened,CRASH,2
Oh my god! Reports are coming in from City Hospital about a aircraft emergency. There is rising water. Traffic is building up. Please hurry!,city hospital; rising water; aircraft emergency,CRASH,2
"Wait, yes, Ahhh! I think there has been a earthquake damage near Industrial Area. people with minor injuries. People are moving away. Please hurry!",people with minor injuries; industrial area; earthquake damage,RESCUE,4
"I... I don't know, Help! There has been a bridge damage near Main Highway. I can see a sedan involved and people with minor injuries. The weather is lightning. What do I do?!",people with minor injuries; main highway; bridge damage,RESCUE,2
There's... The caller says there is a lightning strike at College Road. A resident is waiting. The incident happened a few minutes ago. What do I do?!,lightning strike; college road; resident,CYCLONE,2
The caller says there is a train derailment at Eastern Bypass. A elderly person is waiting.,elderly person; eastern bypass; train derailment,CRASH,4
"I... I don't know, Heavy extreme heat is making the situation worse near College Road. There is a earthquake damage. Visibility is poor. Traffic is building up.",extreme heat; earthquake damage; college road,RESCUE,4
There's... Ahhh! Please send help to Commercial Street. We have a earthquake damage involving a ambulance. Traffic is building up.,earthquake damage; commercial street; ambulance,RESCUE,4
Caller reports a drowning at Dam Road. There is fallen tree.,fallen tree; dam road; drowning,RESCUE,4
There's... 911? Reports are coming in from Outer Ring Road about a bridge damage. There is debris. People are moving away. People are moving away. Send someone now!,outer ring road; bridge damage; debris,RESCUE,1
Ahhh! Reports are coming in from City Hospital about a forest fire. There is toxic fumes. The weather is dust storm. What do I do?!,city hospital; dust storm; forest fire,FIRE,3
There's... Help! Heavy continuous rainfall is making the situation worse near Port Entrance. There is a bus crash. The weather is continuous rainfall.,port entrance; continuous rainfall; bus crash,CRASH,3
911? Please send help to Bus Terminal. We have a urban flooding involving a fuel tanker.,urban flooding; bus terminal; fuel tanker,FLOOD,3
"Wait, yes, Help! The caller says there is a missing person at Forest Checkpoint. People are moving away. People are moving away.",missing person; forest checkpoint; wait,RESCUE,2
"Wait, yes, Ahhh! Caller reports a crowd emergency at Factory Road. There is unstable structure.",crowd emergency; unstable structure; factory road,RESCUE,1
"It's, um, Oh my god! I am near River Bridge and there has been a building fire. The road is affected and I can see broken glass. Visibility is poor. Please hurry!",broken glass; river bridge; building fire,FIRE,2
"Wait, yes, A security guard says there is a severe rainfall near Riverbank. They noticed debris.",severe rainfall; security guard; riverbank,CYCLONE,2
"It's, um, We have a building collapse near Eastern Bypass. It happened early this morning. The weather is continuous rainfall.",building collapse; continuous rainfall; eastern bypass,RESCUE,5
Heavy continuous rainfall is making the situation worse near College Road. There is a motorcycle accident. The weather is continuous rainfall.,continuous rainfall; motorcycle accident; college road,CRASH,1
I think there has been a road blockage near City Center. an unconscious person.,an unconscious person; city center; road blockage,RESCUE,4
Ahhh! I think there has been a severe rainfall near Western Expressway. three injured passengers. The weather is stormy weather. Please hurry!,three injured passengers; stormy weather; severe rainfall,CYCLONE,2
"Wait, yes, Heavy cold weather is making the situation worse near Highway Toll Plaza. There is a storm damage. A cyclist is waiting. The weather is cold weather.",highway toll plaza; storm damage; cold weather,CYCLONE,3
A elderly person says there is a hazardous material incident near North Underpass. They noticed gas leak.,hazardous material incident; north underpass; elderly person,HAZMAT,2
"Wait, yes, Heavy cyclonic winds is making the situation worse near Highway Toll Plaza. There is a electrical accident. People are moving away. Traffic is building up.",highway toll plaza; electrical accident; cyclonic winds,FIRE,2
I think there has been a vehicle collision near Underpass. one injured person. The incident happened about half an hour ago. The incident happened about half an hour ago.,one injured person; vehicle collision; underpass,CRASH,2
Oh my god! I think there has been a evacuation near Riverbank. people with minor injuries.,people with minor injuries; riverbank; evacuation,RESCUE,1
"Wait, yes, A passenger says there is a landslide near Airport Road. They noticed unstable structure. Traffic is building up. The incident happened around midnight.",airport road; unstable structure; passenger,RESCUE,2
"It's, um, Ahhh! A resident says there is a heat emergency near North Underpass. They noticed toxic fumes. People are moving away. A resident is waiting.",north underpass; heat emergency; toxic fumes,MEDICAL,1
"I... I don't know, Ahhh! There has been a gas leak near Old Railway Crossing. I can see a ambulance involved and a trapped passenger. The incident happened early this morning. Visibility is poor. What do I do?!",a trapped passenger; old railway crossing; gas leak,HAZMAT,4
"It's, um, Oh my god! Reports are coming in from Highway Toll Plaza about a railway accident. There is gas leak. Traffic is building up.",highway toll plaza; railway accident; gas leak,CRASH,3
Help! I am near Ring Road and there has been a railway accident. The road is affected and I can see chemical fumes. People are moving away. The weather is dense fog.,ring road; railway accident; dense fog,CRASH,1
"I... I don't know, Ahhh! Please send help to Factory Road. We have a severe rainfall involving a fuel tanker. What do I do?!",severe rainfall; fuel tanker; factory road,CYCLONE,2
"I... I don't know, Please send help to Riverbank. We have a hazardous material incident involving a ambulance. The weather is continuous rainfall. A security guard is waiting.",hazardous material incident; continuous rainfall; security guard,HAZMAT,2
A cyclist says there is a power line failure near City Center. They noticed broken glass.,power line failure; city center; broken glass,HAZMAT,1
"It's, um, Help! There has been a truck accident near Dam Road. I can see a van involved and several injured people. The incident happened about ten minutes ago. The weather is lightning. Please hurry!",several injured people; truck accident; dam road,CRASH,3
Please hurry! Heavy dense fog is making the situation worse near Riverbank. There is a cold exposure. People are moving away. Visibility is poor. Send someone now!,dense fog; cold exposure; riverbank,MEDICAL,1
"I... I don't know, We have a heat emergency near Factory Road. It happened before sunrise.",heat emergency; factory road; dont,MEDICAL,1
"Wait, yes, Ahhh! Reports are coming in from River Bridge about a hazardous material incident. There is chemical fumes. The incident happened about half an hour ago. Traffic is building up.",hazardous material incident; river bridge; chemical fumes,HAZMAT,1
Reports are coming in from South Flyover about a vehicle collision. There is rising water. Traffic is building up. The incident happened around midnight. Send someone now!,vehicle collision; rising water; south flyover,CRASH,2
"It's, um, I am near Residential Block and there has been a severe rainfall. The road is affected and I can see fuel leak. The incident happened early this morning.",severe rainfall; fuel leak; residential block,CYCLONE,2
Please send help to Western Expressway. We have a building collapse involving a car. What do I do?!,building collapse; western expressway; car,RESCUE,4
I am near Highway Toll Plaza and there has been a cold exposure. The road is affected and I can see fire. People are moving away. The incident happened just now. Send someone now!,highway toll plaza; cold exposure; fire,MEDICAL,2
"It's, um, Ahhh! There has been a severe rainfall near River Bridge. I can see a fuel tanker involved and three injured passengers. Traffic is building up. A worker is waiting. Please hurry!",three injured passengers; severe rainfall; river bridge,CYCLONE,2
911? Please send help to Harbor Area. We have a missing person involving a bus. The incident happened just now. People are moving away.,missing person; harbor area; bus,RESCUE,1
I think there has been a flash flood near Riverbank. several injured people. A security guard is waiting. Traffic is building up. Please hurry!,several injured people; security guard; flash flood,FLOOD,3
"Wait, yes, Reports are coming in from Commercial Street about a landslide. There is debris. People are moving away.",commercial street; debris; landslide,RESCUE,1
Help! The caller says there is a landslide at Old Railway Crossing. The incident happened early this morning. The weather is continuous rainfall.,old railway crossing; continuous rainfall; landslide,RESCUE,1
"I... I don't know, Ahhh! I am near River Bridge and there has been a aircraft emergency. The road is affected and I can see gas leak. Visibility is poor. A resident is waiting. Please hurry!",river bridge; gas leak; aircraft emergency,CRASH,3
Help! The caller says there is a crowd emergency at Outer Ring Road. Please hurry!,outer ring road; crowd emergency; help,RESCUE,1
"I... I don't know, I think there has been a lightning strike near Dam Road. two injured people. People are moving away. A worker is waiting.",two injured people; lightning strike; dam road,CYCLONE,2
Ahhh! I think there has been a vehicle collision near Coastal Road. an unconscious person. The incident happened late last night.,an unconscious person; vehicle collision; coastal road,CRASH,4
Oh my god! I think there has been a chemical spill near Factory Road. an injured child. A cyclist is waiting.,an injured child; chemical spill; factory road,HAZMAT,2
A driver says there is a industrial accident near College Road. They noticed fire. The weather is strong winds. Please hurry!,strong winds; industrial accident; college road,MEDICAL,2
"It's, um, We have a evacuation near Port Entrance. It happened this afternoon. People are moving away.",port entrance; evacuation; happened,RESCUE,2
There's... Ahhh! We have a missing person near North Underpass. It happened about half an hour ago. Visibility is poor. Traffic is building up.,north underpass; missing person; theres,RESCUE,1
A shopkeeper says there is a industrial accident near Main Highway. They noticed broken glass. People are moving away.,main highway; broken glass; industrial accident,MEDICAL,2
"It's, um, We have a train derailment near Outer Ring Road. It happened during rush hour. The incident happened during rush hour. People are moving away. Send someone now!",outer ring road; train derailment; happened,CRASH,5
911? Caller reports a bus crash at Central Flyover. There is gas leak. The incident happened early this morning. The incident happened early this morning. Send someone now!,central flyover; bus crash; gas leak,CRASH,3
There's... Reports are coming in from Airport Junction about a railway accident. There is gas leak.,railway accident; airport junction; gas leak,CRASH,3
Reports are coming in from Old Bridge about a crowd emergency. There is fire. People are moving away.,crowd emergency; old bridge; fire,RESCUE,3
"Wait, yes, I think there has been a fuel leak near Airport Road. a seriously injured driver.",a seriously injured driver; airport road; fuel leak,HAZMAT,3
Caller reports a bus crash at Railway Yard. There is fallen tree. The incident happened about half an hour ago.,fallen tree; railway yard; bus crash,CRASH,3
Oh my god! There has been a earthquake damage near Residential Block. I can see a truck involved and one injured person. A driver is waiting. What do I do?!,one injured person; earthquake damage; residential block,RESCUE,4
I am near Airport Junction and there has been a bus crash. The road is affected and I can see toxic fumes. A elderly person is waiting. Visibility is poor.,airport junction; bus crash; elderly person,CRASH,2
"Wait, yes, Reports are coming in from Ring Road about a explosion. There is chemical fumes.",ring road; chemical fumes; explosion,RESCUE,4
Help! Caller reports a heat emergency at Coastal Road. There is debris. Traffic is building up. The incident happened just now. What do I do?!,coastal road; heat emergency; debris,MEDICAL,2
I think there has been a evacuation near Forest Checkpoint. an injured child. The incident happened before sunrise. The incident happened before sunrise. Send someone now!,an injured child; forest checkpoint; evacuation,RESCUE,2
There has been a factory fire near College Road. I can see a truck involved and several injured people.,several injured people; college road; factory fire,FIRE,2
"Wait, yes, 911? Please send help to Underpass. We have a earthquake damage involving a motorcycle. The weather is wet roads. Visibility is poor. Send someone now!",earthquake damage; wet roads; motorcycle,RESCUE,5
The caller says there is a urban flooding at Railway Yard. A security guard is waiting. Send someone now!,railway yard; security guard; urban flooding,FLOOD,2
Caller reports a gas leak at Eastern Bypass. There is debris. The incident happened around midnight.,gas leak; eastern bypass; debris,HAZMAT,3
Caller reports a earthquake damage at College Road. There is rising water. People are moving away.,rising water; earthquake damage; college road,RESCUE,5
Help! The caller says there is a wildfire at Airport Road.,airport road; wildfire; help,FIRE,3
"Wait, yes, We have a lightning strike near Underpass. It happened around noon.",lightning strike; underpass; wait,CYCLONE,2
There has been a drowning near City Center. I can see a motorcycle involved and an injured child.,an injured child; city center; drowning,RESCUE,5
I think there has been a boat accident near Harbor Area. an unconscious person. The incident happened a few minutes ago. Please hurry!,an unconscious person; boat accident; harbor area,CRASH,4
There's... A worker says there is a dam overflow near Industrial Area. They noticed rising water. The incident happened early this morning. A worker is waiting.,industrial area; rising water; dam overflow,FLOOD,1
"I... I don't know, I think there has been a flash flood near Highway Toll Plaza. a seriously injured driver. Traffic is building up. The incident happened this afternoon.",a seriously injured driver; highway toll plaza; flash flood,FLOOD,3
There's... Reports are coming in from North Underpass about a electrical accident. There is fallen tree.,electrical accident; north underpass; fallen tree,FIRE,2
Help! We have a fuel leak near Bus Terminal. It happened around midnight. The weather is strong winds. People are moving away.,fuel leak; strong winds; bus terminal,HAZMAT,2
We have a flash flood near Old Railway Crossing. It happened about ten minutes ago.,old railway crossing; flash flood; happened,FLOOD,3
There's... There has been a warehouse fire near Ring Road. I can see a car involved and one injured person. Please hurry!,one injured person; ring road; warehouse fire,FIRE,3
"I... I don't know, Please hurry! Please send help to Underpass. We have a aircraft emergency involving a school bus. People are moving away. People are moving away.",school bus; aircraft emergency; underpass,CRASH,2
911? Please send help to Airport Road. We have a gas leak involving a ambulance. Visibility is poor. Send someone now!,airport road; gas leak; ambulance,HAZMAT,3
"Wait, yes, Oh my god! Please send help to Riverbank. We have a railway accident involving a truck. People are moving away. What do I do?!",railway accident; riverbank; truck,CRASH,1
Oh my god! The caller says there is a cyclone damage at Harbor Area. A construction worker is waiting.,construction worker; cyclone damage; harbor area,CYCLONE,1
"I... I don't know, 911? I think there has been a evacuation near Eastern Bypass. one injured person. A shopkeeper is waiting. What do I do?!",one injured person; eastern bypass; shopkeeper,RESCUE,3
The caller says there is a cyclone damage at Underpass. A construction worker is waiting.,construction worker; cyclone damage; underpass,CYCLONE,1
I think there has been a severe rainfall near River Bridge. an unconscious person. The incident happened just now. The weather is continuous rainfall.,an unconscious person; severe rainfall; continuous rainfall,CYCLONE,5
A construction worker says there is a railway accident near Residential Block. They noticed oil spill. A construction worker is waiting. The weather is poor visibility.,railway accident; construction worker; poor visibility,CRASH,2
We have a power line failure near South Flyover. It happened before sunrise. The incident happened before sunrise. The incident happened before sunrise.,power line failure; south flyover; happened,HAZMAT,1
"It's, um, Help! Please send help to Forest Checkpoint. We have a cyclone damage involving a train. Send someone now!",cyclone damage; forest checkpoint; train,CYCLONE,1
There's... Please hurry! I think there has been a crowd emergency near College Road. three injured passengers. People are moving away.,three injured passengers; crowd emergency; college road,RESCUE,3
Heavy continuous rainfall is making the situation worse near Bus Depot. There is a flash flood. The incident happened before sunrise. Please hurry!,continuous rainfall; bus depot; flash flood,FLOOD,2
"I... I don't know, Help! We have a flash flood near Ring Road. It happened about ten minutes ago. People are moving away.",ring road; flash flood; dont,FLOOD,3
I think there has been a motorcycle accident near Railway Station. an injured child.,an injured child; railway station; motorcycle accident,CRASH,2
Reports are coming in from Eastern Bypass about a missing person. There is toxic fumes. The weather is cold weather.,cold weather; missing person; eastern bypass,RESCUE,1
Reports are coming in from Market Road about a wildfire. There is fire. The incident happened just now. People are moving away.,market road; wildfire; reports,FIRE,2
"It's, um, Oh my god! The caller says there is a truck accident at Outer Ring Road. Visibility is poor. The incident happened around noon. Send someone now!",outer ring road; truck accident; caller,CRASH,1
We have a explosion near Ring Road. It happened about ten minutes ago. A driver is waiting. The incident happened about ten minutes ago. Send someone now!,ring road; driver; explosion,RESCUE,4
"Wait, yes, Ahhh! I am near College Road and there has been a road blockage. The road is affected and I can see diesel leak. The weather is dust storm. Please hurry!",dust storm; road blockage; diesel leak,RESCUE,2
There has been a railway accident near Port Entrance. I can see a bus involved and a trapped passenger. Send someone now!,a trapped passenger; railway accident; port entrance,CRASH,4
There's... The caller says there is a urban flooding at Commercial Street. Traffic is building up.,urban flooding; commercial street; theres,FLOOD,3
There's... Ahhh! I am near Railway Yard and there has been a chemical spill. The road is affected and I can see unstable structure. Traffic is building up. Visibility is poor. Please hurry!,railway yard; unstable structure; chemical spill,HAZMAT,3
The caller says there is a heat emergency at Central Flyover. The weather is thunderstorm. Please hurry!,central flyover; heat emergency; thunderstorm,MEDICAL,2
Please hurry! Caller reports a landslide at Market Road. There is live electrical wires. Send someone now!,live electrical wires; market road; landslide,RESCUE,2
There's... I think there has been a power line failure near Bus Depot. one injured person.,one injured person; power line failure; bus depot,HAZMAT,2
There's... Help! There has been a road blockage near Industrial Area. I can see a train involved and people with minor injuries. The incident happened before sunrise. Traffic is building up. Send someone now!,people with minor injuries; industrial area; road blockage,RESCUE,2
"I... I don't know, Oh my god! Caller reports a forest fire at Harbor Area. There is live electrical wires. People are moving away. Send someone now!",live electrical wires; harbor area; forest fire,FIRE,2
"I... I don't know, The caller says there is a building fire at Station Road. A construction worker is waiting. People are moving away.",construction worker; building fire; station road,FIRE,2
"It's, um, Help! The caller says there is a vehicle collision at Highway Toll Plaza. Visibility is poor. The weather is dust storm.",highway toll plaza; dust storm; vehicle collision,CRASH,3
Caller reports a road blockage at Warehouse District. There is rising water. The incident happened just now. Send someone now!,rising water; road blockage; warehouse district,RESCUE,2
"I... I don't know, Ahhh! Heavy heavy rain is making the situation worse near Old Railway Crossing. There is a power line failure. Visibility is poor. The weather is heavy rain.",old railway crossing; power line failure; heavy rain,HAZMAT,2
There has been a boat accident near Western Expressway. I can see a car involved and three injured passengers.,three injured passengers; boat accident; western expressway,CRASH,2
"Wait, yes, I think there has been a fallen tree near Ring Road. a seriously injured driver. Traffic is building up.",a seriously injured driver; ring road; fallen tree,RESCUE,3
I am near Industrial Gate and there has been a industrial accident. The road is affected and I can see fallen tree.,fallen tree; industrial gate; industrial accident,MEDICAL,2
There's... Please hurry! The caller says there is a fuel leak at River Bridge. The incident happened during rush hour.,fuel leak; river bridge; theres,HAZMAT,3
911? Please send help to Industrial Area. We have a gas leak involving a bus. Visibility is poor.,industrial area; gas leak; bus,HAZMAT,2
"It's, um, Caller reports a earthquake damage at Tunnel Entrance. There is debris. The incident happened around midnight.",earthquake damage; tunnel entrance; debris,RESCUE,4
We have a road blockage near Tunnel Entrance. It happened about half an hour ago.,road blockage; tunnel entrance; happened,RESCUE,1
Help! The caller says there is a medical emergency at Airport Road. The incident happened during rush hour.,airport road; medical emergency; help,MEDICAL,1
I think there has been a dam overflow near Central Market. an unconscious person.,an unconscious person; central market; dam overflow,FLOOD,4
We have a railway accident near North Underpass. It happened about ten minutes ago. People are moving away.,railway accident; north underpass; happened,CRASH,1
Help! A elderly person says there is a gas leak near Factory Road. They noticed blocked road. A elderly person is waiting.,blocked road; elderly person; gas leak,HAZMAT,2
Help! A elderly person says there is a dam overflow near River Bridge. They noticed rising water. Traffic is building up.,rising water; river bridge; elderly person,FLOOD,1
Caller reports a lightning strike at Old Railway Crossing. There is chemical fumes. The weather is dust storm. Send someone now!,old railway crossing; lightning strike; dust storm,CYCLONE,2
The caller says there is a gas leak at Station Road. The weather is cyclonic winds. A child is waiting.,gas leak; cyclonic winds; station road,HAZMAT,3
Ahhh! There has been a electrical accident near North Underpass. I can see a SUV involved and an injured child. People are moving away. Visibility is poor. Please hurry!,an injured child; electrical accident; north underpass,FIRE,3
"It's, um, We have a fuel leak near South Flyover. It happened a few minutes ago. A construction worker is waiting. Send someone now!",construction worker; fuel leak; south flyover,HAZMAT,2
"It's, um, Oh my god! I think there has been a drowning near Temple Road. a trapped passenger. Traffic is building up. Traffic is building up. Please hurry!",a trapped passenger; temple road; drowning,RESCUE,4
911? Heavy stormy weather is making the situation worse near Railway Yard. There is a truck accident. The incident happened about ten minutes ago. Visibility is poor.,stormy weather; railway yard; truck accident,CRASH,3
Help! We have a landslide near Highway Toll Plaza. It happened about ten minutes ago. A child is waiting.,highway toll plaza; child; landslide,RESCUE,1
I am near College Road and there has been a truck accident. The road is affected and I can see toxic fumes.,truck accident; college road; toxic fumes,CRASH,2
Please hurry! We have a missing person near City Center. It happened about half an hour ago. Send someone now!,city center; missing person; please,RESCUE,1
Reports are coming in from Railway Yard about a warehouse fire. There is toxic fumes. People are moving away. A pedestrian is waiting.,railway yard; warehouse fire; toxic fumes,FIRE,3
The caller says there is a factory fire at Airport Road. A passenger is waiting.,airport road; factory fire; passenger,FIRE,3
Oh my god! Please send help to Railway Station. We have a missing person involving a motorcycle. Send someone now!,railway station; missing person; motorcycle,RESCUE,1
Please hurry! We have a explosion near Highway Toll Plaza. It happened about half an hour ago. The incident happened about half an hour ago. Traffic is building up.,highway toll plaza; explosion; please,RESCUE,5
There's... Please send help to Main Highway. We have a building collapse involving a container truck. Send someone now!,main highway; container truck; building collapse,RESCUE,5
"Wait, yes, Please send help to Industrial Area. We have a electrical accident involving a sedan. People are moving away.",industrial area; electrical accident; sedan,FIRE,1
911? I think there has been a lightning strike near Coastal Road. a trapped passenger. What do I do?!,a trapped passenger; lightning strike; coastal road,CYCLONE,4
"Wait, yes, Oh my god! Reports are coming in from Residential Block about a earthquake damage. There is toxic fumes. Send someone now!",earthquake damage; residential block; toxic fumes,RESCUE,5
Caller reports a lightning strike at Airport Junction. There is toxic fumes. The incident happened a few minutes ago. A pedestrian is waiting. Please hurry!,lightning strike; airport junction; toxic fumes,CYCLONE,1
We have a evacuation near Commercial Street. It happened just now. A driver is waiting.,commercial street; driver; evacuation,RESCUE,2
"I... I don't know, There has been a gas leak near Port Entrance. I can see a delivery vehicle involved and people with minor injuries. The weather is thunderstorm. Send someone now!",people with minor injuries; port entrance; gas leak,HAZMAT,2
I am near Bus Depot and there has been a forest fire. The road is affected and I can see oil spill. A resident is waiting.,oil spill; bus depot; forest fire,FIRE,2
There's... Caller reports a crowd emergency at Tunnel Entrance. There is live electrical wires. People are moving away. People are moving away.,live electrical wires; crowd emergency; tunnel entrance,RESCUE,2
There has been a flash flood near Market Road. I can see a sedan involved and an unconscious person.,an unconscious person; market road; flash flood,FLOOD,4
911? Caller reports a train derailment at River Bridge. There is unstable structure. Visibility is poor. The weather is dense fog.,dense fog; unstable structure; river bridge,CRASH,5
Ahhh! Caller reports a crowd emergency at Harbor Area. There is blocked road. People are moving away. Send someone now!,crowd emergency; blocked road; harbor area,RESCUE,1
"It's, um, Oh my god! Reports are coming in from Forest Checkpoint about a missing person. There is gas leak. What do I do?!",missing person; gas leak; forest checkpoint,RESCUE,2
There's... We have a fuel leak near Harbor Area. It happened late last night. Traffic is building up.,fuel leak; harbor area; theres,HAZMAT,3
Oh my god! We have a cold exposure near Underpass. It happened about ten minutes ago. Visibility is poor.,cold exposure; underpass; happened,MEDICAL,1
There's... Please hurry! We have a fuel leak near Main Highway. It happened about ten minutes ago. People are moving away. Traffic is building up. Send someone now!,main highway; fuel leak; theres,HAZMAT,2
"Wait, yes, Ahhh! We have a fallen tree near Old Bridge. It happened before sunrise. Traffic is building up.",fallen tree; old bridge; wait,RESCUE,2
We have a building collapse near Old Bridge. It happened this afternoon.,old bridge; building collapse; happened,RESCUE,4
"It's, um, 911? Caller reports a forest fire at Eastern Bypass. There is rising water.",rising water; eastern bypass; forest fire,FIRE,2
911? Reports are coming in from Coastal Road about a heat emergency. There is fallen tree.,fallen tree; coastal road; heat emergency,MEDICAL,1
911? There has been a missing person near Central Market. I can see a container truck involved and people with minor injuries. Send someone now!,people with minor injuries; container truck; missing person,RESCUE,1
There's... Please send help to North Underpass. We have a bridge damage involving a train. A security guard is waiting.,north underpass; security guard; bridge damage,RESCUE,1
"Wait, yes, Ahhh! I am near Warehouse District and there has been a medical emergency. The road is affected and I can see live electrical wires. What do I do?!",live electrical wires; warehouse district; medical emergency,MEDICAL,2
Ahhh! There has been a fallen tree near Temple Road. I can see a sedan involved and people with minor injuries. A elderly person is waiting.,people with minor injuries; fallen tree; temple road,RESCUE,1
A worker says there is a storm damage near Industrial Gate. They noticed fuel leak.,storm damage; industrial gate; fuel leak,CYCLONE,3
Please hurry! The caller says there is a factory fire at Coastal Road. Visibility is poor.,coastal road; factory fire; please,FIRE,3
"I... I don't know, Oh my god! I think there has been a lightning strike near Underpass. people with minor injuries. Traffic is building up. The incident happened early this morning.",people with minor injuries; lightning strike; underpass,CYCLONE,1
911? Reports are coming in from Western Expressway about a stampede. There is blocked road. Visibility is poor. The weather is wet roads. What do I do?!,blocked road; wet roads; western expressway,RESCUE,2
Please hurry! I am near Dam Road and there has been a boat accident. The road is affected and I can see fallen tree. Traffic is building up. Traffic is building up. Please hurry!,boat accident; fallen tree; dam road,CRASH,1
911? A pedestrian says there is a drowning near Port Entrance. They noticed broken glass. A pedestrian is waiting. Send someone now!,broken glass; port entrance; drowning,RESCUE,5
"Wait, yes, 911? We have a explosion near Outer Ring Road. It happened around midnight. The weather is dust storm. The incident happened around midnight. Send someone now!",outer ring road; dust storm; explosion,RESCUE,5
"It's, um, Oh my god! A driver says there is a building fire near Airport Road. They noticed unstable structure. Visibility is poor. The weather is heavy rain. What do I do?!",airport road; unstable structure; heavy rain,FIRE,3
"I... I don't know, Oh my god! There has been a dam overflow near South Flyover. I can see a tanker involved and several injured people. The weather is dense fog.",several injured people; dense fog; south flyover,FLOOD,2
Caller reports a explosion at Eastern Bypass. There is toxic fumes. The weather is cold weather. Send someone now!,cold weather; eastern bypass; toxic fumes,RESCUE,5
A pedestrian says there is a railway accident near Riverbank. They noticed diesel leak. Visibility is poor. The weather is strong winds.,railway accident; diesel leak; strong winds,CRASH,2
The caller says there is a building collapse at Railway Station. Send someone now!,railway station; building collapse; caller,RESCUE,5
911? Heavy cold weather is making the situation worse near Market Road. There is a gas leak. The incident happened late last night.,cold weather; gas leak; market road,HAZMAT,2
911? I am near Market Road and there has been a flash flood. The road is affected and I can see broken glass. People are moving away. People are moving away.,broken glass; market road; flash flood,FLOOD,3
Ahhh! Caller reports a heat emergency at City Center. There is broken glass. A construction worker is waiting.,city center; broken glass; construction worker,MEDICAL,2
Please hurry! Caller reports a factory fire at Bus Terminal. There is live electrical wires.,live electrical wires; bus terminal; factory fire,FIRE,2
Ahhh! Caller reports a vehicle collision at Factory Road. There is broken glass. Traffic is building up.,broken glass; vehicle collision; factory road,CRASH,1
911? I am near Airport Junction and there has been a dam overflow. The road is affected and I can see live electrical wires.,live electrical wires; airport junction; dam overflow,FLOOD,1
Please hurry! A construction worker says there is a severe rainfall near City Center. They noticed smoke. Send someone now!,city center; construction worker; severe rainfall,CYCLONE,1
There's... Please send help to Main Highway. We have a truck accident involving a motorcycle. People are moving away. Please hurry!,main highway; truck accident; motorcycle,CRASH,2
"It's, um, Caller reports a forest fire at Coastal Road. There is oil spill.",oil spill; coastal road; forest fire,FIRE,3
"I... I don't know, There has been a medical emergency near South Flyover. I can see a SUV involved and an unconscious person. The weather is continuous rainfall.",an unconscious person; continuous rainfall; south flyover,MEDICAL,5
A pedestrian says there is a fuel leak near City Hospital. They noticed fire. The incident happened late last night.,city hospital; fuel leak; pedestrian,HAZMAT,3
"It's, um, Help! Heavy wet roads is making the situation worse near Temple Road. There is a electrical accident. The weather is wet roads. Traffic is building up. Send someone now!",electrical accident; temple road; wet roads,FIRE,2
"I... I don't know, Help! The caller says there is a forest fire at City Center. Traffic is building up. Traffic is building up. Send someone now!",city center; forest fire; dont,FIRE,3
"It's, um, Ahhh! Heavy dense fog is making the situation worse near Tunnel Entrance. There is a industrial accident. A passenger is waiting.",dense fog; industrial accident; tunnel entrance,MEDICAL,1
"I... I don't know, The caller says there is a earthquake damage at Airport Road. Traffic is building up.",airport road; earthquake damage; dont,RESCUE,4
911? Caller reports a road blockage at Highway Toll Plaza. There is smoke.,highway toll plaza; road blockage; smoke,RESCUE,1
I am near Underpass and there has been a bridge damage. The road is affected and I can see live electrical wires.,live electrical wires; bridge damage; underpass,RESCUE,2
"Wait, yes, I think there has been a storm damage near Western Expressway. an injured child.",an injured child; storm damage; western expressway,CYCLONE,2
Help! The caller says there is a boat accident at Station Road. Visibility is poor. People are moving away. Send someone now!,boat accident; station road; help,CRASH,1
"I... I don't know, We have a forest fire near Industrial Area. It happened late last night. The weather is poor visibility.",industrial area; poor visibility; forest fire,FIRE,3
"I... I don't know, Help! Heavy continuous rainfall is making the situation worse near Central Flyover. There is a fallen tree.",fallen tree; central flyover; continuous rainfall,RESCUE,2
There's... Ahhh! There has been a boat accident near Railway Yard. I can see a tanker involved and a seriously injured driver. Traffic is building up.,a seriously injured driver; boat accident; railway yard,CRASH,2
There's... Help! Please send help to Industrial Area. We have a evacuation involving a bus. Please hurry!,industrial area; bus; evacuation,RESCUE,2
I think there has been a bridge damage near Bus Terminal. an unconscious person. Traffic is building up. What do I do?!,an unconscious person; bus terminal; bridge damage,RESCUE,4
"It's, um, Ahhh! Reports are coming in from Shopping District about a forest fire. There is chemical fumes. A driver is waiting. People are moving away.",chemical fumes; shopping district; forest fire,FIRE,3
There has been a severe rainfall near Railway Station. I can see a car involved and one injured person.,one injured person; severe rainfall; railway station,CYCLONE,2
I am near Industrial Area and there has been a electrical accident. The road is affected and I can see live electrical wires. What do I do?!,live electrical wires; industrial area; electrical accident,FIRE,2
Please hurry! Please send help to Old Railway Crossing. We have a warehouse fire involving a tanker. A security guard is waiting. The incident happened before sunrise.,old railway crossing; security guard; warehouse fire,FIRE,3
Please hurry! Caller reports a train derailment at Shopping District. There is debris. Please hurry!,shopping district; train derailment; debris,CRASH,5
"Wait, yes, Please hurry! Caller reports a forest fire at Airport Junction. There is smoke.",airport junction; forest fire; smoke,FIRE,3
Caller reports a bridge damage at Dam Road. There is fire. Visibility is poor.,bridge damage; dam road; fire,RESCUE,3
"It's, um, We have a factory fire near Commercial Street. It happened around midnight. The incident happened around midnight. People are moving away.",commercial street; factory fire; happened,FIRE,3
We have a vehicle collision near Coastal Road. It happened about ten minutes ago. The weather is wet roads. Visibility is poor.,vehicle collision; wet roads; coastal road,CRASH,2
911? A resident says there is a factory fire near College Road. They noticed diesel leak. People are moving away. The incident happened this afternoon.,diesel leak; college road; factory fire,FIRE,2
Ahhh! Reports are coming in from Central Flyover about a evacuation. There is fallen tree. Traffic is building up. Please hurry!,fallen tree; central flyover; evacuation,RESCUE,2
There's... Oh my god! Caller reports a warehouse fire at Dam Road. There is diesel leak. People are moving away. The weather is extreme heat.,extreme heat; diesel leak; warehouse fire,FIRE,3
Ahhh! I am near Dam Road and there has been a forest fire. The road is affected and I can see diesel leak. The incident happened this afternoon. Please hurry!,diesel leak; forest fire; dam road,FIRE,3
Help! Reports are coming in from Market Road about a gas leak. There is unstable structure. People are moving away. What do I do?!,unstable structure; gas leak; market road,HAZMAT,3
There has been a severe rainfall near Warehouse District. I can see a ambulance involved and people with minor injuries. A driver is waiting. A driver is waiting. Please hurry!,people with minor injuries; severe rainfall; warehouse district,CYCLONE,2
There's... There has been a earthquake damage near Western Expressway. I can see a SUV involved and people with minor injuries. Traffic is building up. The weather is wet roads. What do I do?!,people with minor injuries; earthquake damage; wet roads,RESCUE,4
The caller says there is a railway accident at Western Expressway. Send someone now!,railway accident; western expressway; caller,CRASH,1
Caller reports a medical emergency at Port Entrance. There is fuel leak.,port entrance; fuel leak; medical emergency,MEDICAL,3
"It's, um, I am near Factory Road and there has been a car rollover. The road is affected and I can see fallen tree. People are moving away. Visibility is poor. Please hurry!",fallen tree; factory road; car rollover,CRASH,2
Caller reports a car rollover at Shopping District. There is blocked road. A passenger is waiting.,blocked road; shopping district; car rollover,CRASH,2
Ahhh! The caller says there is a building collapse at City Center. A passenger is waiting. Visibility is poor. What do I do?!,city center; building collapse; passenger,RESCUE,4
"Wait, yes, There has been a building collapse near Airport Road. I can see a car involved and a seriously injured driver. What do I do?!",a seriously injured driver; airport road; building collapse,RESCUE,4
Ahhh! I think there has been a car rollover near Shopping District. one injured person. The incident happened late last night. Visibility is poor.,one injured person; shopping district; car rollover,CRASH,2
"I... I don't know, 911? There has been a dam overflow near Warehouse District. I can see a school bus involved and several injured people.",several injured people; school bus; dam overflow,FLOOD,2
Please hurry! Reports are coming in from City Hospital about a missing person. There is live electrical wires.,live electrical wires; city hospital; missing person,RESCUE,1
There has been a building fire near Commercial Street. I can see a car involved and a trapped passenger. A driver is waiting. The weather is dense fog.,a trapped passenger; dense fog; commercial street,FIRE,4
Caller reports a heat emergency at Central Flyover. There is broken glass. The weather is strong winds. The weather is strong winds.,broken glass; central flyover; strong winds,MEDICAL,2
Ahhh! I am near Riverbank and there has been a landslide. The road is affected and I can see chemical fumes. Traffic is building up. Traffic is building up.,chemical fumes; riverbank; landslide,RESCUE,2
"It's, um, Heavy continuous rainfall is making the situation worse near Coastal Road. There is a cold exposure. Visibility is poor. A worker is waiting.",continuous rainfall; coastal road; cold exposure,MEDICAL,1
Oh my god! A resident says there is a dam overflow near Dam Road. They noticed rising water. Traffic is building up. Please hurry!,rising water; dam overflow; dam road,FLOOD,2
"Wait, yes, Please hurry! Heavy extreme heat is making the situation worse near South Flyover. There is a bus crash. Please hurry!",extreme heat; bus crash; south flyover,CRASH,2
Ahhh! I think there has been a aircraft emergency near Tunnel Entrance. one injured person. The incident happened about ten minutes ago. Traffic is building up.,one injured person; tunnel entrance; aircraft emergency,CRASH,3
Ahhh! Heavy dense fog is making the situation worse near Dam Road. There is a missing person.,missing person; dense fog; dam road,RESCUE,1
Help! Heavy thunderstorm is making the situation worse near Market Road. There is a drowning. The incident happened a few minutes ago. Traffic is building up.,market road; thunderstorm; drowning,RESCUE,4
Oh my god! Caller reports a boat accident at Forest Checkpoint. There is fuel leak. Visibility is poor.,boat accident; fuel leak; forest checkpoint,CRASH,3
There has been a fallen tree near City Hospital. I can see a truck involved and three injured passengers. Please hurry!,three injured passengers; city hospital; fallen tree,RESCUE,3
Oh my god! Caller reports a truck accident at Warehouse District. There is smoke.,truck accident; warehouse district; smoke,CRASH,2
Please hurry! Please send help to Main Highway. We have a stampede involving a train. Traffic is building up. Traffic is building up. What do I do?!,main highway; train; stampede,RESCUE,1
"It's, um, Ahhh! Please send help to Station Road. We have a bus crash involving a SUV. The incident happened before sunrise. The incident happened before sunrise.",bus crash; station road; suv,CRASH,2
"I... I don't know, Ahhh! The caller says there is a chemical spill at City Center. The incident happened around midnight. Visibility is poor. What do I do?!",city center; chemical spill; dont,HAZMAT,3
Help! Reports are coming in from Shopping District about a flash flood. There is chemical fumes. The incident happened late last night. Please hurry!,chemical fumes; shopping district; flash flood,FLOOD,3
"Wait, yes, Help! We have a drowning near Forest Checkpoint. It happened around midnight. A cyclist is waiting. People are moving away.",forest checkpoint; cyclist; drowning,RESCUE,4
There has been a chemical spill near Shopping District. I can see a motorcycle involved and several injured people.,several injured people; chemical spill; shopping district,HAZMAT,3
The caller says there is a gas leak at Old Bridge. People are moving away. People are moving away.,old bridge; gas leak; caller,HAZMAT,3
"I... I don't know, Help! Reports are coming in from Western Expressway about a cold exposure. There is fire. People are moving away. Traffic is building up.",western expressway; cold exposure; fire,MEDICAL,2
Heavy lightning is making the situation worse near Dam Road. There is a drowning.,dam road; drowning; lightning,RESCUE,5
Please hurry! The caller says there is a missing person at Temple Road. Visibility is poor.,missing person; temple road; please,RESCUE,1
I am near Riverbank and there has been a fallen tree. The road is affected and I can see gas leak. Traffic is building up. A passenger is waiting.,fallen tree; gas leak; riverbank,RESCUE,2
I am near Railway Yard and there has been a storm damage. The road is affected and I can see smoke. Visibility is poor.,storm damage; railway yard; smoke,CYCLONE,3
"It's, um, Oh my god! Heavy extreme heat is making the situation worse near Railway Station. There is a factory fire. The incident happened about ten minutes ago. The weather is extreme heat. Please hurry!",extreme heat; railway station; factory fire,FIRE,2
Ahhh! I think there has been a electrical accident near Dam Road. two injured people. What do I do?!,two injured people; electrical accident; dam road,FIRE,2
There's... I am near Ring Road and there has been a hazardous material incident. The road is affected and I can see broken glass. People are moving away.,hazardous material incident; ring road; broken glass,HAZMAT,1
Help! Caller reports a building fire at Port Entrance. There is fallen tree. Visibility is poor. What do I do?!,fallen tree; port entrance; building fire,FIRE,3
911? Heavy dust storm is making the situation worse near Warehouse District. There is a earthquake damage. People are moving away. People are moving away.,dust storm; earthquake damage; warehouse district,RESCUE,5
"It's, um, Reports are coming in from Airport Junction about a power line failure. There is fuel leak. The incident happened about ten minutes ago. Please hurry!",power line failure; airport junction; fuel leak,HAZMAT,3
911? The caller says there is a earthquake damage at Airport Road. Traffic is building up.,airport road; earthquake damage; caller,RESCUE,5
"It's, um, Heavy wet roads is making the situation worse near Market Road. There is a motorcycle accident. People are moving away. Send someone now!",wet roads; motorcycle accident; market road,CRASH,2
There's... Help! There has been a building fire near Factory Road. I can see a bus involved and a trapped passenger. A construction worker is waiting. Traffic is building up. Send someone now!,a trapped passenger; construction worker; building fire,FIRE,5
There has been a drowning near Factory Road. I can see a school bus involved and several injured people. The weather is dense fog. Visibility is poor.,several injured people; school bus; dense fog,RESCUE,5
911? Caller reports a missing person at Outer Ring Road. There is oil spill. The incident happened about ten minutes ago. The incident happened about ten minutes ago. What do I do?!,outer ring road; missing person; oil spill,RESCUE,2
There has been a flash flood near Underpass. I can see a fuel tanker involved and an unconscious person. Traffic is building up. What do I do?!,an unconscious person; fuel tanker; flash flood,FLOOD,5
The caller says there is a medical emergency at Eastern Bypass. A resident is waiting. People are moving away.,eastern bypass; medical emergency; resident,MEDICAL,2
Please send help to Riverbank. We have a warehouse fire involving a truck. Visibility is poor.,warehouse fire; riverbank; truck,FIRE,2
The caller says there is a fallen tree at Commercial Street. Visibility is poor. A child is waiting.,fallen tree; commercial street; child,RESCUE,2
"It's, um, I am near Temple Road and there has been a bus crash. The road is affected and I can see broken glass. People are moving away. Visibility is poor.",broken glass; bus crash; temple road,CRASH,3
We have a building fire near Western Expressway. It happened just now. The incident happened just now. The weather is wet roads. Send someone now!,wet roads; building fire; western expressway,FIRE,3
There has been a hazardous material incident near Port Entrance. I can see a motorcycle involved and a trapped passenger. The weather is strong winds. What do I do?!,a trapped passenger; hazardous material incident; port entrance,HAZMAT,5
Please hurry! I am near Residential Block and there has been a cold exposure. The road is affected and I can see diesel leak. The incident happened early this morning. Traffic is building up.,diesel leak; residential block; cold exposure,MEDICAL,3
I think there has been a gas leak near Industrial Gate. multiple casualties. Please hurry!,industrial gate; multiple casualties; gas leak,HAZMAT,4
"It's, um, A child says there is a warehouse fire near Railway Yard. They noticed fire.",railway yard; warehouse fire; child,FIRE,2
Help! I think there has been a electrical accident near Station Road. a seriously injured driver. Visibility is poor.,a seriously injured driver; electrical accident; station road,FIRE,2
There's... Ahhh! I think there has been a building collapse near Shopping District. a trapped passenger. Visibility is poor.,a trapped passenger; building collapse; shopping district,RESCUE,4
Oh my god! There has been a urban flooding near Eastern Bypass. I can see a container truck involved and three injured passengers. The weather is cyclonic winds. Please hurry!,three injured passengers; container truck; urban flooding,FLOOD,3
Please send help to Railway Station. We have a road blockage involving a truck. Visibility is poor. Send someone now!,railway station; road blockage; truck,RESCUE,1
Caller reports a electrical accident at Industrial Area. There is debris. People are moving away. The incident happened around noon.,industrial area; electrical accident; debris,FIRE,2
We have a boat accident near Highway Toll Plaza. It happened during rush hour. The weather is cyclonic winds. A shopkeeper is waiting.,highway toll plaza; boat accident; cyclonic winds,CRASH,2
"Wait, yes, Heavy heavy rain is making the situation worse near Old Railway Crossing. There is a drowning. People are moving away. People are moving away.",old railway crossing; heavy rain; drowning,RESCUE,4
The caller says there is a truck accident at Forest Checkpoint. Send someone now!,truck accident; forest checkpoint; caller,CRASH,1
"It's, um, Please hurry! Please send help to Eastern Bypass. We have a gas leak involving a school bus. What do I do?!",school bus; gas leak; eastern bypass,HAZMAT,2
Oh my god! I think there has been a railway accident near Industrial Gate. a trapped passenger. The incident happened a few minutes ago. Send someone now!,a trapped passenger; railway accident; industrial gate,CRASH,5
The caller says there is a road blockage at Airport Junction. The weather is poor visibility. What do I do?!,airport junction; road blockage; poor visibility,RESCUE,2
"It's, um, I am near Bus Terminal and there has been a building fire. The road is affected and I can see unstable structure. Traffic is building up. People are moving away.",unstable structure; bus terminal; building fire,FIRE,2
We have a gas leak near College Road. It happened just now. Traffic is building up. People are moving away. Send someone now!,gas leak; college road; happened,HAZMAT,3
Help! The caller says there is a industrial accident at Old Railway Crossing. The incident happened late last night. Please hurry!,old railway crossing; industrial accident; help,MEDICAL,1
"Wait, yes, The caller says there is a urban flooding at Highway Toll Plaza. The incident happened around midnight. Traffic is building up.",highway toll plaza; urban flooding; wait,FLOOD,3
Oh my god! A shopkeeper says there is a hazardous material incident near Bus Terminal. They noticed rising water. The incident happened late last night.,hazardous material incident; rising water; bus terminal,HAZMAT,2
We have a vehicle collision near Industrial Gate. It happened about half an hour ago. Traffic is building up. Please hurry!,industrial gate; vehicle collision; happened,CRASH,2
"It's, um, Reports are coming in from Outer Ring Road about a medical emergency. There is gas leak. People are moving away. Traffic is building up. What do I do?!",outer ring road; gas leak; medical emergency,MEDICAL,2
"It's, um, Heavy cyclonic winds is making the situation worse near Shopping District. There is a electrical accident. The incident happened this afternoon. Visibility is poor.",electrical accident; cyclonic winds; shopping district,FIRE,2
"It's, um, I think there has been a motorcycle accident near Eastern Bypass. three injured passengers. Please hurry!",three injured passengers; motorcycle accident; eastern bypass,CRASH,3
Reports are coming in from Eastern Bypass about a medical emergency. There is diesel leak. What do I do?!,diesel leak; eastern bypass; medical emergency,MEDICAL,2
We have a evacuation near City Center. It happened about ten minutes ago. A security guard is waiting.,city center; security guard; evacuation,RESCUE,2
Please hurry! A worker says there is a storm damage near Main Highway. They noticed unstable structure.,main highway; storm damage; unstable structure,CYCLONE,2
I am near Main Highway and there has been a crowd emergency. The road is affected and I can see diesel leak. People are moving away.,main highway; crowd emergency; diesel leak,RESCUE,2
The caller says there is a missing person at Forest Checkpoint. Send someone now!,missing person; forest checkpoint; caller,RESCUE,2
There's... Reports are coming in from Industrial Gate about a vehicle collision. There is broken glass.,broken glass; industrial gate; vehicle collision,CRASH,1
There's... Oh my god! Reports are coming in from Railway Station about a building collapse. There is blocked road. Traffic is building up. Visibility is poor.,blocked road; railway station; building collapse,RESCUE,5
The caller says there is a building fire at Industrial Area. The incident happened early this morning. People are moving away.,industrial area; building fire; caller,FIRE,3
Help! Heavy lightning is making the situation worse near Underpass. There is a motorcycle accident.,motorcycle accident; lightning; underpass,CRASH,2
I am near Old Bridge and there has been a hazardous material incident. The road is affected and I can see chemical fumes. What do I do?!,hazardous material incident; old bridge; chemical fumes,HAZMAT,2
Reports are coming in from Warehouse District about a electrical accident. There is broken glass.,broken glass; electrical accident; warehouse district,FIRE,1
There's... Oh my god! We have a building fire near Factory Road. It happened during rush hour. Traffic is building up. The incident happened during rush hour. Send someone now!,building fire; factory road; theres,FIRE,3
911? Reports are coming in from Harbor Area about a cold exposure. There is fuel leak. Send someone now!,fuel leak; harbor area; cold exposure,MEDICAL,3
I think there has been a bus crash near Underpass. a seriously injured driver.,a seriously injured driver; bus crash; underpass,CRASH,3
911? Caller reports a hazardous material incident at Temple Road. There is fuel leak. Traffic is building up. The incident happened late last night. Please hurry!,hazardous material incident; fuel leak; temple road,HAZMAT,3
"Wait, yes, Help! Reports are coming in from Ring Road about a lightning strike. There is chemical fumes. People are moving away. A pedestrian is waiting.",ring road; lightning strike; chemical fumes,CYCLONE,1
Oh my god! Heavy dense fog is making the situation worse near Warehouse District. There is a lightning strike. People are moving away.,lightning strike; dense fog; warehouse district,CYCLONE,2
"I... I don't know, The caller says there is a stampede at Airport Road.",airport road; stampede; dont,RESCUE,1
I think there has been a factory fire near Shopping District. three injured passengers. A elderly person is waiting.,three injured passengers; elderly person; factory fire,FIRE,3
911? Reports are coming in from Temple Road about a evacuation. There is debris. Traffic is building up. Please hurry!,temple road; debris; evacuation,RESCUE,2
Ahhh! I think there has been a dam overflow near Bus Terminal. an injured child. A security guard is waiting. What do I do?!,an injured child; security guard; bus terminal,FLOOD,2
There's... Reports are coming in from Airport Road about a stampede. There is fuel leak. The weather is cyclonic winds. Traffic is building up.,airport road; fuel leak; cyclonic winds,RESCUE,2
"It's, um, I am near Dam Road and there has been a fuel leak. The road is affected and I can see toxic fumes. A child is waiting.",fuel leak; dam road; toxic fumes,HAZMAT,3
"I... I don't know, Caller reports a heat emergency at Riverbank. There is diesel leak. Traffic is building up. A construction worker is waiting.",construction worker; diesel leak; heat emergency,MEDICAL,2
Oh my god! Caller reports a stampede at Port Entrance. There is fire. Visibility is poor. The incident happened early this morning. Send someone now!,port entrance; fire; stampede,RESCUE,3
"I... I don't know, Reports are coming in from Residential Block about a bus crash. There is oil spill. The weather is wet roads. Please hurry!",oil spill; bus crash; wet roads,CRASH,3
Caller reports a chemical spill at Central Flyover. There is fuel leak. The incident happened about ten minutes ago.,central flyover; fuel leak; chemical spill,HAZMAT,3
Oh my god! We have a aircraft emergency near Riverbank. It happened before sunrise.,aircraft emergency; riverbank; happened,CRASH,2
Help! Heavy poor visibility is making the situation worse near Industrial Gate. There is a train derailment.,industrial gate; poor visibility; train derailment,CRASH,5
Ahhh! There has been a landslide near Airport Road. I can see a fuel tanker involved and a seriously injured driver. Traffic is building up. Send someone now!,a seriously injured driver; airport road; fuel tanker,RESCUE,3
We have a severe rainfall near Harbor Area. It happened around noon. People are moving away. A construction worker is waiting. Send someone now!,construction worker; severe rainfall; harbor area,CYCLONE,2
"It's, um, Oh my god! Please send help to South Flyover. We have a urban flooding involving a SUV. People are moving away. Please hurry!",urban flooding; south flyover; suv,FLOOD,2
Caller reports a warehouse fire at Factory Road. There is gas leak.,gas leak; warehouse fire; factory road,FIRE,2
"I... I don't know, A driver says there is a dam overflow near Central Flyover. They noticed fallen tree. Visibility is poor. Send someone now!",fallen tree; central flyover; dam overflow,FLOOD,2
Caller reports a severe rainfall at Forest Checkpoint. There is debris.,severe rainfall; forest checkpoint; debris,CYCLONE,1
There's... Caller reports a urban flooding at Underpass. There is broken glass. People are moving away. The incident happened before sunrise. Please hurry!,broken glass; urban flooding; underpass,FLOOD,3
Heavy dust storm is making the situation worse near Bus Terminal. There is a fallen tree. Visibility is poor.,fallen tree; dust storm; bus terminal,RESCUE,3
We have a factory fire near Bus Terminal. It happened around noon.,bus terminal; factory fire; happened,FIRE,3
911? The caller says there is a storm damage at Bus Terminal. Traffic is building up.,storm damage; bus terminal; caller,CYCLONE,2
There's... 911? A pedestrian says there is a chemical spill near Temple Road. They noticed blocked road. A pedestrian is waiting. Traffic is building up. Please hurry!,blocked road; temple road; chemical spill,HAZMAT,2
911? Reports are coming in from College Road about a wildfire. There is gas leak. People are moving away. Send someone now!,gas leak; college road; wildfire,FIRE,3
Heavy thunderstorm is making the situation worse near Dam Road. There is a gas leak. Traffic is building up.,gas leak; dam road; thunderstorm,HAZMAT,2
There's... Oh my god! Please send help to Harbor Area. We have a cold exposure involving a motorcycle. People are moving away. The incident happened around midnight. What do I do?!,harbor area; cold exposure; motorcycle,MEDICAL,2
Oh my god! Heavy heavy rain is making the situation worse near Commercial Street. There is a heat emergency. Traffic is building up. People are moving away. Send someone now!,commercial street; heavy rain; heat emergency,MEDICAL,2
The caller says there is a stampede at Industrial Area.,industrial area; stampede; caller,RESCUE,2
Reports are coming in from Airport Road about a power line failure. There is blocked road. A shopkeeper is waiting. A shopkeeper is waiting.,power line failure; airport road; blocked road,HAZMAT,1
"I... I don't know, Oh my god! I think there has been a building collapse near Old Railway Crossing. one injured person. People are moving away. What do I do?!",one injured person; old railway crossing; building collapse,RESCUE,5
Caller reports a road blockage at Temple Road. There is rising water. The weather is dust storm. Visibility is poor.,dust storm; rising water; road blockage,RESCUE,2
"It's, um, I think there has been a building fire near Shopping District. several injured people. People are moving away. Send someone now!",several injured people; building fire; shopping district,FIRE,2
911? A security guard says there is a aircraft emergency near Dam Road. They noticed fallen tree. The weather is stormy weather.,stormy weather; fallen tree; security guard,CRASH,3
Help! I am near Commercial Street and there has been a landslide. The road is affected and I can see chemical fumes. Traffic is building up. The incident happened around noon.,commercial street; chemical fumes; landslide,RESCUE,2
Help! Caller reports a truck accident at Railway Yard. There is blocked road. Traffic is building up.,railway yard; blocked road; truck accident,CRASH,2
Help! There has been a urban flooding near Warehouse District. I can see a car involved and multiple casualties. The incident happened about ten minutes ago.,multiple casualties; urban flooding; warehouse district,FLOOD,5
The caller says there is a missing person at Commercial Street. What do I do?!,missing person; commercial street; caller,RESCUE,2
Heavy dense fog is making the situation worse near Airport Junction. There is a railway accident. The weather is dense fog. People are moving away.,railway accident; airport junction; dense fog,CRASH,1
"Wait, yes, Please hurry! I think there has been a train derailment near Main Highway. several injured people. The weather is poor visibility.",several injured people; main highway; poor visibility,CRASH,4
Please hurry! A driver says there is a vehicle collision near City Hospital. They noticed diesel leak.,city hospital; vehicle collision; diesel leak,CRASH,2
We have a explosion near Port Entrance. It happened late last night. Please hurry!,port entrance; explosion; happened,RESCUE,5
I think there has been a wildfire near Old Bridge. people with minor injuries. The incident happened a few minutes ago. Visibility is poor.,people with minor injuries; old bridge; wildfire,FIRE,2
Please hurry! Heavy strong winds is making the situation worse near Railway Yard. There is a stampede. People are moving away. Please hurry!,railway yard; strong winds; stampede,RESCUE,1
"I... I don't know, Caller reports a cyclone damage at River Bridge. There is debris. The weather is dense fog. The incident happened just now.",dense fog; cyclone damage; river bridge,CYCLONE,2
A elderly person says there is a evacuation near College Road. They noticed rising water. A elderly person is waiting.,rising water; elderly person; college road,RESCUE,1
There has been a missing person near Central Market. I can see a container truck involved and one injured person.,one injured person; container truck; missing person,RESCUE,3
"Wait, yes, Ahhh! The caller says there is a flash flood at Shopping District. The weather is cold weather. Send someone now!",cold weather; shopping district; flash flood,FLOOD,3
Ahhh! Caller reports a fallen tree at Bus Depot. There is fire. People are moving away.,fallen tree; bus depot; fire,RESCUE,3
"It's, um, I think there has been a factory fire near Bus Depot. an unconscious person. The weather is thunderstorm. Visibility is poor.",an unconscious person; bus depot; factory fire,FIRE,4
Please hurry! The caller says there is a flash flood at Warehouse District. What do I do?!,warehouse district; flash flood; please,FLOOD,2
There's... The caller says there is a warehouse fire at Industrial Gate. People are moving away. A pedestrian is waiting.,industrial gate; warehouse fire; pedestrian,FIRE,3
Ahhh! The caller says there is a forest fire at Temple Road. Traffic is building up. A resident is waiting.,temple road; forest fire; resident,FIRE,3
Oh my god! I am near Outer Ring Road and there has been a earthquake damage. The road is affected and I can see unstable structure. Send someone now!,outer ring road; earthquake damage; unstable structure,RESCUE,5
There's... Caller reports a chemical spill at North Underpass. There is unstable structure. Traffic is building up. Visibility is poor.,north underpass; unstable structure; chemical spill,HAZMAT,3
"I... I don't know, Heavy cyclonic winds is making the situation worse near Railway Yard. There is a factory fire. Please hurry!",railway yard; factory fire; cyclonic winds,FIRE,2
There's... 911? Please send help to Station Road. We have a fallen tree involving a truck.,fallen tree; station road; truck,RESCUE,1
There's... Heavy poor visibility is making the situation worse near Market Road. There is a electrical accident. The weather is poor visibility.,electrical accident; poor visibility; market road,FIRE,2
911? A cyclist says there is a medical emergency near Market Road. They noticed toxic fumes. Visibility is poor.,market road; medical emergency; toxic fumes,MEDICAL,1
911? There has been a factory fire near Central Flyover. I can see a bus involved and an injured child. The incident happened during rush hour.,an injured child; central flyover; factory fire,FIRE,3
Please send help to Highway Toll Plaza. We have a hazardous material incident involving a train.,highway toll plaza; hazardous material incident; train,HAZMAT,2
"Wait, yes, Reports are coming in from Warehouse District about a building collapse. There is chemical fumes. Send someone now!",building collapse; chemical fumes; warehouse district,RESCUE,4
Help! Caller reports a lightning strike at Temple Road. There is blocked road. Traffic is building up.,lightning strike; blocked road; temple road,CYCLONE,1
"It's, um, Please hurry! Reports are coming in from Tunnel Entrance about a railway accident. There is diesel leak. Traffic is building up.",railway accident; diesel leak; tunnel entrance,CRASH,2
Help! We have a train derailment near Harbor Area. It happened this afternoon. Visibility is poor. What do I do?!,harbor area; train derailment; help,CRASH,5
Heavy lightning is making the situation worse near Factory Road. There is a chemical spill. Visibility is poor. The weather is lightning. Send someone now!,chemical spill; factory road; lightning,HAZMAT,2
Reports are coming in from Airport Road about a electrical accident. There is toxic fumes. A worker is waiting. A worker is waiting.,electrical accident; airport road; toxic fumes,FIRE,2
"Wait, yes, 911? A elderly person says there is a stampede near Bus Depot. They noticed fuel leak. The incident happened just now. Please hurry!",fuel leak; elderly person; bus depot,RESCUE,3
"Wait, yes, Ahhh! The caller says there is a earthquake damage at Temple Road. A worker is waiting. The weather is lightning.",earthquake damage; temple road; lightning,RESCUE,4
"It's, um, Oh my god! Reports are coming in from Bus Depot about a dam overflow. There is rising water. People are moving away. People are moving away.",rising water; bus depot; dam overflow,FLOOD,2
"I... I don't know, Caller reports a motorcycle accident at Warehouse District. There is diesel leak. Traffic is building up. Visibility is poor. Please hurry!",diesel leak; motorcycle accident; warehouse district,CRASH,3
"It's, um, Ahhh! Heavy poor visibility is making the situation worse near Outer Ring Road. There is a gas leak. A construction worker is waiting. What do I do?!",outer ring road; construction worker; poor visibility,HAZMAT,3
"It's, um, Help! A passenger says there is a cold exposure near Central Market. They noticed chemical fumes. Send someone now!",chemical fumes; cold exposure; central market,MEDICAL,1
Help! Reports are coming in from Eastern Bypass about a aircraft emergency. There is broken glass.,broken glass; aircraft emergency; eastern bypass,CRASH,2
Ahhh! Caller reports a fallen tree at Eastern Bypass. There is live electrical wires. People are moving away. Send someone now!,live electrical wires; fallen tree; eastern bypass,RESCUE,1
Ahhh! Heavy dust storm is making the situation worse near Industrial Gate. There is a warehouse fire. Send someone now!,industrial gate; dust storm; warehouse fire,FIRE,2
A pedestrian says there is a fallen tree near Bus Terminal. They noticed chemical fumes. Visibility is poor. Send someone now!,fallen tree; bus terminal; chemical fumes,RESCUE,1
Heavy heavy rain is making the situation worse near Airport Road. There is a industrial accident.,airport road; industrial accident; heavy rain,MEDICAL,1
Caller reports a heat emergency at Industrial Area. There is rising water. Visibility is poor. The weather is lightning.,industrial area; rising water; heat emergency,MEDICAL,2
Ahhh! Caller reports a crowd emergency at Old Bridge. There is oil spill. The weather is heavy rain. The incident happened about half an hour ago. What do I do?!,crowd emergency; old bridge; oil spill,RESCUE,3
I think there has been a dam overflow near River Bridge. multiple casualties. People are moving away.,river bridge; multiple casualties; dam overflow,FLOOD,5
The caller says there is a cold exposure at City Center. What do I do?!,city center; cold exposure; caller,MEDICAL,1
"It's, um, 911? The caller says there is a motorcycle accident at Railway Yard.",railway yard; motorcycle accident; caller,CRASH,1
Ahhh! Reports are coming in from Dam Road about a warehouse fire. There is fallen tree. Send someone now!,fallen tree; warehouse fire; dam road,FIRE,2
I think there has been a vehicle collision near Central Flyover. people with minor injuries. Please hurry!,people with minor injuries; vehicle collision; central flyover,CRASH,2
There's... I think there has been a hazardous material incident near College Road. a seriously injured driver. People are moving away.,a seriously injured driver; hazardous material incident; college road,HAZMAT,2
"I... I don't know, Caller reports a crowd emergency at Old Bridge. There is rising water. The weather is stormy weather. The weather is stormy weather.",stormy weather; crowd emergency; old bridge,RESCUE,3
"It's, um, Caller reports a building collapse at Outer Ring Road. There is gas leak. What do I do?!",outer ring road; building collapse; gas leak,RESCUE,5
"I... I don't know, I think there has been a bridge damage near Old Bridge. two injured people.",two injured people; old bridge; bridge damage,RESCUE,3
Help! Please send help to Riverbank. We have a chemical spill involving a ambulance. Send someone now!,chemical spill; riverbank; ambulance,HAZMAT,3
There's... Please hurry! I am near Central Market and there has been a dam overflow. The road is affected and I can see diesel leak.,diesel leak; central market; dam overflow,FLOOD,3
"Wait, yes, Ahhh! Caller reports a power line failure at Bus Depot. There is debris. Visibility is poor.",power line failure; bus depot; debris,HAZMAT,1
Oh my god! Caller reports a landslide at Ring Road. There is broken glass.,ring road; broken glass; landslide,RESCUE,2
911? Reports are coming in from City Center about a dam overflow. There is broken glass. Traffic is building up. Traffic is building up. Please hurry!,city center; broken glass; dam overflow,FLOOD,2
I think there has been a power line failure near Bus Terminal. three injured passengers. A driver is waiting. Send someone now!,three injured passengers; power line failure; bus terminal,HAZMAT,3
Reports are coming in from Airport Junction about a crowd emergency. There is fallen tree. Traffic is building up. Send someone now!,airport junction; crowd emergency; fallen tree,RESCUE,1
Help! The caller says there is a flash flood at Shopping District. Traffic is building up.,shopping district; flash flood; help,FLOOD,3
There's... Oh my god! I think there has been a cold exposure near Airport Junction. an unconscious person. People are moving away. A pedestrian is waiting.,an unconscious person; airport junction; cold exposure,MEDICAL,4
There's... Help! Please send help to Industrial Area. We have a cyclone damage involving a train. A security guard is waiting.,industrial area; cyclone damage; security guard,CYCLONE,1
Help! Please send help to Eastern Bypass. We have a car rollover involving a car. A passenger is waiting.,eastern bypass; car rollover; passenger,CRASH,2
Help! The caller says there is a industrial accident at Forest Checkpoint.,industrial accident; forest checkpoint; help,MEDICAL,2
There's... Help! We have a lightning strike near Forest Checkpoint. It happened about ten minutes ago. The weather is thunderstorm.,lightning strike; forest checkpoint; thunderstorm,CYCLONE,2
"I... I don't know, Oh my god! Reports are coming in from Residential Block about a severe rainfall. There is broken glass. Visibility is poor. Traffic is building up.",broken glass; severe rainfall; residential block,CYCLONE,2
Ahhh! Please send help to Railway Station. We have a chemical spill involving a container truck. People are moving away. The weather is poor visibility.,container truck; railway station; poor visibility,HAZMAT,3
I am near Port Entrance and there has been a electrical accident. The road is affected and I can see chemical fumes. Traffic is building up. Traffic is building up.,electrical accident; port entrance; chemical fumes,FIRE,2
There has been a aircraft emergency near Bus Depot. I can see a car involved and an injured child. People are moving away.,an injured child; bus depot; aircraft emergency,CRASH,3
We have a aircraft emergency near Residential Block. It happened during rush hour. The incident happened during rush hour.,residential block; aircraft emergency; happened,CRASH,1
Oh my god! There has been a evacuation near Eastern Bypass. I can see a container truck involved and an unconscious person.,an unconscious person; container truck; eastern bypass,RESCUE,4
"Wait, yes, 911? Caller reports a earthquake damage at Eastern Bypass. There is smoke. Send someone now!",earthquake damage; eastern bypass; smoke,RESCUE,4
I am near Bus Terminal and there has been a building fire. The road is affected and I can see fire.,bus terminal; building fire; road,FIRE,2
A construction worker says there is a flash flood near Coastal Road. They noticed diesel leak.,construction worker; diesel leak; coastal road,FLOOD,2
"Wait, yes, Please send help to Shopping District. We have a storm damage involving a truck. What do I do?!",storm damage; shopping district; truck,CYCLONE,3
Heavy dense fog is making the situation worse near Warehouse District. There is a building collapse. A construction worker is waiting.,construction worker; building collapse; dense fog,RESCUE,4
"I... I don't know, Please hurry! Caller reports a medical emergency at Eastern Bypass. There is oil spill. Visibility is poor.",oil spill; eastern bypass; medical emergency,MEDICAL,3
There's... Oh my god! I am near Residential Block and there has been a wildfire. The road is affected and I can see blocked road.,blocked road; residential block; wildfire,FIRE,3
Please hurry! I think there has been a crowd emergency near Dam Road. three injured passengers. Send someone now!,three injured passengers; crowd emergency; dam road,RESCUE,3
I think there has been a medical emergency near Bus Terminal. several injured people. A driver is waiting.,several injured people; bus terminal; medical emergency,MEDICAL,2
"Wait, yes, I think there has been a lightning strike near Market Road. an injured child. Send someone now!",an injured child; lightning strike; market road,CYCLONE,3
Help! Reports are coming in from Station Road about a heat emergency. There is debris.,station road; heat emergency; debris,MEDICAL,2
A shopkeeper says there is a heat emergency near City Hospital. They noticed chemical fumes. The weather is thunderstorm.,city hospital; chemical fumes; heat emergency,MEDICAL,3
"It's, um, Ahhh! I am near Forest Checkpoint and there has been a railway accident. The road is affected and I can see debris. What do I do?!",railway accident; forest checkpoint; debris,CRASH,1
Oh my god! Caller reports a earthquake damage at Coastal Road. There is oil spill. A elderly person is waiting.,oil spill; earthquake damage; elderly person,RESCUE,5
911? There has been a electrical accident near Industrial Area. I can see a bus involved and multiple casualties. Traffic is building up. Please hurry!,industrial area; electrical accident; multiple casualties,FIRE,5
"Wait, yes, Caller reports a heat emergency at Railway Yard. There is unstable structure. The incident happened before sunrise.",railway yard; unstable structure; heat emergency,MEDICAL,2
"It's, um, I think there has been a vehicle collision near College Road. a seriously injured driver.",a seriously injured driver; vehicle collision; college road,CRASH,3
I am near Riverbank and there has been a heat emergency. The road is affected and I can see fire. Visibility is poor. People are moving away.,heat emergency; riverbank; fire,MEDICAL,2
"I... I don't know, I think there has been a drowning near Industrial Area. a trapped passenger. Traffic is building up. People are moving away. Please hurry!",a trapped passenger; industrial area; drowning,RESCUE,4
"Wait, yes, Caller reports a motorcycle accident at City Hospital. There is oil spill. A pedestrian is waiting. The incident happened just now.",city hospital; oil spill; motorcycle accident,CRASH,3
Help! I think there has been a car rollover near Coastal Road. a trapped passenger. A construction worker is waiting. Visibility is poor.,a trapped passenger; construction worker; coastal road,CRASH,5
"It's, um, Help! There has been a motorcycle accident near Bus Depot. I can see a car involved and several injured people.",several injured people; motorcycle accident; bus depot,CRASH,3
I think there has been a hazardous material incident near Outer Ring Road. a seriously injured driver. The weather is dust storm. The weather is dust storm.,a seriously injured driver; hazardous material incident; outer ring road,HAZMAT,3
There has been a drowning near Harbor Area. I can see a fuel tanker involved and several injured people. The incident happened just now. Visibility is poor.,several injured people; fuel tanker; harbor area,RESCUE,4
There's... Heavy dense fog is making the situation worse near Old Railway Crossing. There is a heat emergency. The weather is dense fog.,old railway crossing; dense fog; heat emergency,MEDICAL,1
"It's, um, A worker says there is a urban flooding near River Bridge. They noticed fallen tree. Traffic is building up.",fallen tree; river bridge; urban flooding,FLOOD,3
"It's, um, Reports are coming in from College Road about a truck accident. There is toxic fumes. People are moving away. The incident happened late last night. Please hurry!",truck accident; college road; toxic fumes,CRASH,2
Oh my god! There has been a evacuation near Central Flyover. I can see a sedan involved and one injured person.,one injured person; central flyover; sedan,RESCUE,2
Please hurry! There has been a flash flood near Highway Toll Plaza. I can see a delivery vehicle involved and a seriously injured driver. The weather is lightning.,a seriously injured driver; highway toll plaza; delivery vehicle,FLOOD,2
The caller says there is a wildfire at Bus Terminal. Traffic is building up.,bus terminal; wildfire; caller,FIRE,2
"Wait, yes, Oh my god! We have a crowd emergency near City Center. It happened around noon. What do I do?!",city center; crowd emergency; wait,RESCUE,2
911? There has been a electrical accident near Airport Road. I can see a train involved and several injured people. The weather is thunderstorm. Visibility is poor. Send someone now!,several injured people; electrical accident; airport road,FIRE,2
Help! Please send help to Underpass. We have a building fire involving a bus. Traffic is building up. The incident happened this afternoon. Please hurry!,building fire; bus; underpass,FIRE,2
"It's, um, Oh my god! The caller says there is a drowning at Dam Road. Traffic is building up.",dam road; drowning; caller,RESCUE,5
"It's, um, Help! We have a industrial accident near Railway Yard. It happened late last night. Traffic is building up. Visibility is poor. Send someone now!",railway yard; industrial accident; help,MEDICAL,2
"Wait, yes, The caller says there is a road blockage at Railway Yard. A resident is waiting. The incident happened a few minutes ago.",railway yard; road blockage; resident,RESCUE,2
Oh my god! Please send help to Bus Depot. We have a drowning involving a school bus. People are moving away. The incident happened around midnight. Send someone now!,school bus; bus depot; drowning,RESCUE,4
"It's, um, Oh my god! I think there has been a road blockage near Western Expressway. two injured people. A worker is waiting.",two injured people; road blockage; western expressway,RESCUE,2
Reports are coming in from Bus Terminal about a urban flooding. There is unstable structure.,unstable structure; urban flooding; bus terminal,FLOOD,3
A construction worker says there is a drowning near North Underpass. They noticed broken glass. The weather is extreme heat. The incident happened around noon.,broken glass; extreme heat; north underpass,RESCUE,4
A cyclist says there is a wildfire near City Center. They noticed blocked road. The incident happened during rush hour.,city center; blocked road; wildfire,FIRE,3
There's... Help! Caller reports a building fire at Forest Checkpoint. There is fire. People are moving away.,building fire; forest checkpoint; theres,FIRE,3
A pedestrian says there is a industrial accident near North Underpass. They noticed fire. The weather is extreme heat. Visibility is poor.,extreme heat; north underpass; industrial accident,MEDICAL,3
There's... Reports are coming in from Central Market about a storm damage. There is fire. A pedestrian is waiting.,storm damage; central market; pedestrian,CYCLONE,2
We have a car rollover near River Bridge. It happened during rush hour. The weather is cold weather. What do I do?!,cold weather; river bridge; car rollover,CRASH,2
"I... I don't know, There has been a industrial accident near Railway Station. I can see a sedan involved and three injured passengers. People are moving away. What do I do?!",three injured passengers; railway station; industrial accident,MEDICAL,3
"Wait, yes, Caller reports a warehouse fire at Airport Junction. There is gas leak.",airport junction; gas leak; warehouse fire,FIRE,2
Please hurry! I am near Railway Station and there has been a gas leak. The road is affected and I can see fire. The incident happened just now.,railway station; gas leak; fire,HAZMAT,2
I think there has been a factory fire near Bus Depot. three injured passengers.,three injured passengers; bus depot; factory fire,FIRE,3
I am near College Road and there has been a vehicle collision. The road is affected and I can see chemical fumes. People are moving away. People are moving away.,vehicle collision; chemical fumes; college road,CRASH,1
911? I think there has been a chemical spill near Main Highway. an injured child. Traffic is building up. A worker is waiting.,an injured child; main highway; chemical spill,HAZMAT,3
Help! A child says there is a truck accident near River Bridge. They noticed oil spill. What do I do?!,truck accident; oil spill; river bridge,CRASH,3
I think there has been a hazardous material incident near Industrial Gate. a seriously injured driver. The weather is cyclonic winds. People are moving away. Send someone now!,a seriously injured driver; hazardous material incident; industrial gate,HAZMAT,2
911? A elderly person says there is a crowd emergency near Market Road. They noticed blocked road. Traffic is building up.,crowd emergency; blocked road; elderly person,RESCUE,1
Ahhh! Heavy dust storm is making the situation worse near Coastal Road. There is a building fire. Traffic is building up. Traffic is building up.,dust storm; coastal road; building fire,FIRE,3
"It's, um, Help! I think there has been a cyclone damage near River Bridge. an unconscious person. Traffic is building up. What do I do?!",an unconscious person; cyclone damage; river bridge,CYCLONE,5
"It's, um, Please hurry! We have a drowning near Railway Yard. It happened before sunrise.",railway yard; drowning; please,RESCUE,5
Reports are coming in from Coastal Road about a dam overflow. There is live electrical wires. Traffic is building up. A cyclist is waiting.,live electrical wires; coastal road; dam overflow,FLOOD,2
Help! The caller says there is a crowd emergency at Ring Road. Traffic is building up. Visibility is poor. What do I do?!,ring road; crowd emergency; help,RESCUE,2
Please send help to Highway Toll Plaza. We have a wildfire involving a school bus.,highway toll plaza; school bus; wildfire,FIRE,3
Please send help to North Underpass. We have a medical emergency involving a car. The incident happened a few minutes ago. Traffic is building up.,north underpass; medical emergency; car,MEDICAL,2
"I... I don't know, Oh my god! We have a boat accident near Central Flyover. It happened late last night. A worker is waiting.",boat accident; central flyover; worker,CRASH,2
Please hurry! We have a factory fire near Western Expressway. It happened around noon.,factory fire; western expressway; please,FIRE,3
There's... 911? Reports are coming in from City Center about a heat emergency. There is fuel leak. A security guard is waiting.,city center; fuel leak; security guard,MEDICAL,3
Please hurry! The caller says there is a fallen tree at Highway Toll Plaza. People are moving away. People are moving away.,highway toll plaza; fallen tree; please,RESCUE,2
"I... I don't know, Heavy lightning is making the situation worse near North Underpass. There is a crowd emergency. What do I do?!",north underpass; crowd emergency; lightning,RESCUE,1
There's... Please send help to Riverbank. We have a car rollover involving a delivery vehicle. The weather is stormy weather.,stormy weather; delivery vehicle; car rollover,CRASH,3
911? The caller says there is a electrical accident at Residential Block. Visibility is poor. A cyclist is waiting. Send someone now!,electrical accident; residential block; cyclist,FIRE,1
I am near Riverbank and there has been a building collapse. The road is affected and I can see diesel leak. Traffic is building up. What do I do?!,building collapse; diesel leak; riverbank,RESCUE,4
I am near Station Road and there has been a explosion. The road is affected and I can see live electrical wires. The incident happened around midnight. The weather is cold weather. Send someone now!,live electrical wires; cold weather; station road,RESCUE,4
"I... I don't know, Ahhh! There has been a lightning strike near Residential Block. I can see a delivery vehicle involved and a trapped passenger. A worker is waiting.",a trapped passenger; lightning strike; residential block,CYCLONE,4
Help! Reports are coming in from Underpass about a earthquake damage. There is broken glass. Send someone now!,broken glass; earthquake damage; underpass,RESCUE,4
"Wait, yes, 911? The caller says there is a gas leak at Ring Road. The incident happened about half an hour ago. People are moving away. What do I do?!",ring road; gas leak; wait,HAZMAT,3
"I... I don't know, Please hurry! I am near Airport Junction and there has been a bridge damage. The road is affected and I can see toxic fumes. Please hurry!",airport junction; bridge damage; toxic fumes,RESCUE,2
"Wait, yes, Help! We have a drowning near Airport Road. It happened around midnight. Visibility is poor.",airport road; drowning; wait,RESCUE,4
Reports are coming in from Coastal Road about a building collapse. There is fallen tree. What do I do?!,fallen tree; building collapse; coastal road,RESCUE,4
There's... Oh my god! Heavy extreme heat is making the situation worse near Warehouse District. There is a motorcycle accident. Visibility is poor.,extreme heat; motorcycle accident; warehouse district,CRASH,2
Oh my god! There has been a road blockage near Industrial Gate. I can see a car involved and a trapped passenger. A driver is waiting. The incident happened early this morning.,a trapped passenger; industrial gate; road blockage,RESCUE,5
"I... I don't know, Oh my god! Reports are coming in from Station Road about a railway accident. There is blocked road. People are moving away. Send someone now!",railway accident; blocked road; station road,CRASH,2
I think there has been a industrial accident near Market Road. several injured people. People are moving away.,several injured people; industrial accident; market road,MEDICAL,2
A elderly person says there is a cyclone damage near River Bridge. They noticed toxic fumes. A elderly person is waiting. Please hurry!,cyclone damage; river bridge; elderly person,CYCLONE,2
"Wait, yes, Please hurry! Reports are coming in from Dam Road about a landslide. There is rising water. Visibility is poor.",rising water; dam road; landslide,RESCUE,2
911? Heavy poor visibility is making the situation worse near Port Entrance. There is a railway accident. A construction worker is waiting. A construction worker is waiting.,railway accident; construction worker; port entrance,CRASH,2
"It's, um, Help! The caller says there is a crowd emergency at Central Market.",crowd emergency; central market; help,RESCUE,1
"I... I don't know, Please send help to Harbor Area. We have a storm damage involving a bus. The weather is extreme heat. Send someone now!",storm damage; extreme heat; harbor area,CYCLONE,3
There's... Heavy cold weather is making the situation worse near Industrial Area. There is a medical emergency.,industrial area; cold weather; medical emergency,MEDICAL,2
A pedestrian says there is a earthquake damage near Station Road. They noticed blocked road. Visibility is poor.,blocked road; earthquake damage; station road,RESCUE,4
Reports are coming in from Coastal Road about a medical emergency. There is blocked road. What do I do?!,blocked road; coastal road; medical emergency,MEDICAL,2
There's... Help! Caller reports a building fire at Old Bridge. There is chemical fumes. Please hurry!,old bridge; chemical fumes; building fire,FIRE,2
"I... I don't know, Help! Caller reports a power line failure at Tunnel Entrance. There is fire. Visibility is poor.",power line failure; tunnel entrance; fire,HAZMAT,2
911? Please send help to Outer Ring Road. We have a bus crash involving a fuel tanker. Traffic is building up. Traffic is building up. Please hurry!,outer ring road; bus crash; fuel tanker,CRASH,3
Caller reports a forest fire at Industrial Area. There is smoke.,industrial area; forest fire; smoke,FIRE,2
Ahhh! Caller reports a aircraft emergency at Temple Road. There is fallen tree. The incident happened during rush hour. The incident happened during rush hour. Please hurry!,fallen tree; temple road; aircraft emergency,CRASH,1
"Wait, yes, 911? We have a crowd emergency near River Bridge. It happened early this morning. People are moving away.",crowd emergency; river bridge; wait,RESCUE,2
"It's, um, Heavy cyclonic winds is making the situation worse near Temple Road. There is a medical emergency. The weather is cyclonic winds.",temple road; cyclonic winds; medical emergency,MEDICAL,1
"Wait, yes, There has been a heat emergency near Coastal Road. I can see a tanker involved and three injured passengers. Traffic is building up. The incident happened during rush hour.",three injured passengers; coastal road; heat emergency,MEDICAL,3
Help! I think there has been a road blockage near River Bridge. a trapped passenger. Visibility is poor. Visibility is poor. Send someone now!,a trapped passenger; road blockage; river bridge,RESCUE,5
"I... I don't know, Please send help to Bus Depot. We have a severe rainfall involving a tanker.",severe rainfall; bus depot; tanker,CYCLONE,2
"Wait, yes, Help! Heavy lightning is making the situation worse near Shopping District. There is a heat emergency. The incident happened around midnight.",shopping district; heat emergency; lightning,MEDICAL,1
Please hurry! There has been a bus crash near South Flyover. I can see a fuel tanker involved and people with minor injuries. Please hurry!,people with minor injuries; bus crash; south flyover,CRASH,2
I am near College Road and there has been a hazardous material incident. The road is affected and I can see unstable structure. The incident happened around noon. Visibility is poor.,hazardous material incident; unstable structure; college road,HAZMAT,2
Caller reports a aircraft emergency at Bus Terminal. There is fuel leak. The incident happened about half an hour ago.,fuel leak; bus terminal; aircraft emergency,CRASH,3
Please hurry! Please send help to Old Railway Crossing. We have a power line failure involving a school bus.,old railway crossing; power line failure; school bus,HAZMAT,1
Ahhh! Reports are coming in from Central Flyover about a vehicle collision. There is blocked road. The weather is stormy weather.,stormy weather; blocked road; vehicle collision,CRASH,3
There has been a boat accident near Eastern Bypass. I can see a bus involved and several injured people. The weather is strong winds. The weather is strong winds.,several injured people; boat accident; strong winds,CRASH,2
There's... The caller says there is a hazardous material incident at Warehouse District. A passenger is waiting. What do I do?!,hazardous material incident; warehouse district; passenger,HAZMAT,1
Oh my god! Please send help to Coastal Road. We have a landslide involving a van.,coastal road; van; landslide,RESCUE,2
The caller says there is a stampede at Ring Road. The weather is cold weather. Visibility is poor. What do I do?!,ring road; cold weather; stampede,RESCUE,2
There's... Help! Caller reports a hazardous material incident at Temple Road. There is debris. Please hurry!,hazardous material incident; temple road; debris,HAZMAT,2
Please hurry! There has been a car rollover near Port Entrance. I can see a bus involved and a seriously injured driver.,a seriously injured driver; port entrance; car rollover,CRASH,2
Please send help to Underpass. We have a heat emergency involving a fuel tanker. The weather is continuous rainfall. Send someone now!,continuous rainfall; fuel tanker; heat emergency,MEDICAL,1
Heavy continuous rainfall is making the situation worse near Railway Yard. There is a lightning strike. The incident happened before sunrise. Traffic is building up. Please hurry!,lightning strike; railway yard; continuous rainfall,CYCLONE,2
There has been a motorcycle accident near City Hospital. I can see a sedan involved and one injured person. Traffic is building up.,one injured person; city hospital; motorcycle accident,CRASH,2
We have a cyclone damage near Western Expressway. It happened around midnight. The incident happened around midnight. Visibility is poor. Please hurry!,cyclone damage; western expressway; happened,CYCLONE,1
Heavy dense fog is making the situation worse near Central Market. There is a earthquake damage. A elderly person is waiting. Please hurry!,dense fog; earthquake damage; elderly person,RESCUE,5
I think there has been a factory fire near Airport Junction. multiple casualties. A passenger is waiting. The incident happened a few minutes ago.,airport junction; multiple casualties; factory fire,FIRE,4
"I... I don't know, Please hurry! I think there has been a earthquake damage near City Hospital. several injured people. What do I do?!",several injured people; city hospital; earthquake damage,RESCUE,4
"Wait, yes, 911? Caller reports a vehicle collision at Airport Junction. There is fuel leak. Traffic is building up.",airport junction; vehicle collision; fuel leak,CRASH,2
Heavy lightning is making the situation worse near North Underpass. There is a chemical spill. The weather is lightning.,north underpass; chemical spill; lightning,HAZMAT,2
Heavy extreme heat is making the situation worse near Station Road. There is a bridge damage. What do I do?!,extreme heat; bridge damage; station road,RESCUE,1
I think there has been a boat accident near College Road. several injured people. A child is waiting.,several injured people; boat accident; college road,CRASH,2
"Wait, yes, Please send help to South Flyover. We have a missing person involving a van. Traffic is building up. The incident happened about ten minutes ago. Send someone now!",missing person; south flyover; van,RESCUE,1
Ahhh! A elderly person says there is a warehouse fire near Central Flyover. They noticed blocked road. Visibility is poor. A elderly person is waiting. Please hurry!,blocked road; central flyover; elderly person,FIRE,3
"Wait, yes, Heavy strong winds is making the situation worse near Forest Checkpoint. There is a vehicle collision. A resident is waiting. The incident happened during rush hour.",vehicle collision; strong winds; forest checkpoint,CRASH,2
Please send help to Temple Road. We have a earthquake damage involving a car. A elderly person is waiting. Send someone now!,earthquake damage; temple road; elderly person,RESCUE,4
"It's, um, The caller says there is a bus crash at North Underpass. The incident happened about ten minutes ago.",north underpass; bus crash; caller,CRASH,2
"It's, um, Oh my god! Caller reports a severe rainfall at Airport Junction. There is unstable structure. A worker is waiting.",airport junction; severe rainfall; unstable structure,CYCLONE,2
"Wait, yes, Help! Caller reports a evacuation at Ring Road. There is toxic fumes.",ring road; toxic fumes; evacuation,RESCUE,2
There has been a industrial accident near Bus Depot. I can see a delivery vehicle involved and two injured people. Traffic is building up. A cyclist is waiting. What do I do?!,two injured people; industrial accident; bus depot,MEDICAL,2
"It's, um, I am near River Bridge and there has been a urban flooding. The road is affected and I can see rising water. A child is waiting. The weather is thunderstorm.",rising water; river bridge; urban flooding,FLOOD,3
There has been a medical emergency near Industrial Area. I can see a delivery vehicle involved and three injured passengers. Please hurry!,three injured passengers; industrial area; delivery vehicle,MEDICAL,2
There's... Ahhh! The caller says there is a chemical spill at Airport Junction. Visibility is poor. Visibility is poor.,airport junction; chemical spill; theres,HAZMAT,2
Oh my god! A resident says there is a medical emergency near Bus Terminal. They noticed rising water.,rising water; bus terminal; medical emergency,MEDICAL,2
"It's, um, Ahhh! Caller reports a severe rainfall at Railway Station. There is diesel leak. People are moving away. People are moving away.",severe rainfall; railway station; diesel leak,CYCLONE,2
I am near City Hospital and there has been a landslide. The road is affected and I can see debris. Visibility is poor. The weather is heavy rain.,city hospital; heavy rain; debris,RESCUE,2
Caller reports a explosion at Old Bridge. There is toxic fumes. A worker is waiting. Visibility is poor. Send someone now!,old bridge; toxic fumes; explosion,RESCUE,5
"I... I don't know, There has been a electrical accident near Factory Road. I can see a car involved and one injured person. The weather is heavy rain. The weather is heavy rain.",one injured person; electrical accident; heavy rain,FIRE,2
Please hurry! A construction worker says there is a warehouse fire near Riverbank. They noticed unstable structure. What do I do?!,construction worker; unstable structure; warehouse fire,FIRE,3
"I... I don't know, A construction worker says there is a building collapse near Industrial Gate. They noticed toxic fumes. People are moving away. Traffic is building up.",industrial gate; construction worker; building collapse,RESCUE,5
"It's, um, Oh my god! There has been a bus crash near Temple Road. I can see a school bus involved and a trapped passenger.",a trapped passenger; school bus; bus crash,CRASH,5
Heavy cyclonic winds is making the situation worse near Outer Ring Road. There is a chemical spill. A pedestrian is waiting. Traffic is building up.,outer ring road; chemical spill; cyclonic winds,HAZMAT,2
There's... I am near Old Bridge and there has been a missing person. The road is affected and I can see smoke. Send someone now!,old bridge; missing person; smoke,RESCUE,1
"It's, um, Please hurry! The caller says there is a motorcycle accident at Railway Station. The weather is extreme heat. Traffic is building up.",extreme heat; railway station; motorcycle accident,CRASH,2
"It's, um, Caller reports a earthquake damage at Port Entrance. There is fallen tree. Traffic is building up. What do I do?!",fallen tree; port entrance; earthquake damage,RESCUE,5
We have a bridge damage near Shopping District. It happened during rush hour. Please hurry!,shopping district; bridge damage; happened,RESCUE,2
"Wait, yes, I think there has been a train derailment near Old Railway Crossing. one injured person. Send someone now!",one injured person; old railway crossing; train derailment,CRASH,4
There has been a landslide near Residential Block. I can see a bus involved and three injured passengers. The weather is dust storm. People are moving away.,three injured passengers; dust storm; residential block,RESCUE,3
"Wait, yes, The caller says there is a bridge damage at Harbor Area. Visibility is poor. Visibility is poor. Send someone now!",harbor area; bridge damage; wait,RESCUE,2
"Wait, yes, I am near Factory Road and there has been a motorcycle accident. The road is affected and I can see unstable structure.",unstable structure; motorcycle accident; factory road,CRASH,2
Oh my god! Caller reports a factory fire at Outer Ring Road. There is blocked road. Visibility is poor. People are moving away. Send someone now!,outer ring road; blocked road; factory fire,FIRE,2
"I... I don't know, Oh my god! I am near River Bridge and there has been a hazardous material incident. The road is affected and I can see diesel leak. What do I do?!",hazardous material incident; diesel leak; river bridge,HAZMAT,3
"I... I don't know, Help! There has been a railway accident near City Center. I can see a sedan involved and people with minor injuries.",people with minor injuries; railway accident; city center,CRASH,2
"I... I don't know, Please hurry! Please send help to Bus Depot. We have a factory fire involving a SUV. The incident happened around midnight. Please hurry!",bus depot; factory fire; suv,FIRE,2
Caller reports a urban flooding at Outer Ring Road. There is blocked road. Visibility is poor.,outer ring road; blocked road; urban flooding,FLOOD,3
"It's, um, I think there has been a crowd emergency near Port Entrance. one injured person. What do I do?!",one injured person; crowd emergency; port entrance,RESCUE,2
The caller says there is a aircraft emergency at Airport Junction. People are moving away. The incident happened early this morning.,airport junction; aircraft emergency; caller,CRASH,2
"It's, um, Oh my god! Caller reports a crowd emergency at Highway Toll Plaza. There is fallen tree. A passenger is waiting. People are moving away. Send someone now!",highway toll plaza; crowd emergency; fallen tree,RESCUE,1
"I... I don't know, Reports are coming in from Underpass about a crowd emergency. There is smoke. Send someone now!",crowd emergency; underpass; smoke,RESCUE,2
There's... A security guard says there is a boat accident near Central Market. They noticed debris. What do I do?!,boat accident; security guard; central market,CRASH,1
"Wait, yes, 911? The caller says there is a bridge damage at Old Railway Crossing.",old railway crossing; bridge damage; wait,RESCUE,2
There's... Please send help to Port Entrance. We have a lightning strike involving a SUV. The incident happened around midnight. The weather is extreme heat. Send someone now!,lightning strike; extreme heat; port entrance,CYCLONE,1
"It's, um, 911? We have a cyclone damage near Commercial Street. It happened early this morning.",cyclone damage; commercial street; happened,CYCLONE,2
911? A construction worker says there is a cyclone damage near City Center. They noticed unstable structure. The incident happened this afternoon. The incident happened this afternoon.,city center; construction worker; cyclone damage,CYCLONE,1
"Wait, yes, A shopkeeper says there is a drowning near Commercial Street. They noticed broken glass.",broken glass; commercial street; drowning,RESCUE,4
Oh my god! I think there has been a flash flood near Western Expressway. several injured people. Visibility is poor. What do I do?!,several injured people; western expressway; flash flood,FLOOD,3
Help! We have a hazardous material incident near Railway Station. It happened about half an hour ago. A child is waiting. Traffic is building up.,hazardous material incident; railway station; child,HAZMAT,2
Please send help to City Hospital. We have a bridge damage involving a train. The incident happened early this morning. What do I do?!,city hospital; bridge damage; train,RESCUE,2
There's... We have a lightning strike near Industrial Area. It happened this afternoon. The incident happened this afternoon.,lightning strike; industrial area; theres,CYCLONE,2
Please hurry! We have a car rollover near North Underpass. It happened about ten minutes ago. Send someone now!,north underpass; car rollover; please,CRASH,2
Help! Heavy strong winds is making the situation worse near Outer Ring Road. There is a electrical accident. The weather is strong winds. The weather is strong winds.,outer ring road; electrical accident; strong winds,FIRE,1
Caller reports a road blockage at Highway Toll Plaza. There is oil spill. Visibility is poor.,highway toll plaza; road blockage; oil spill,RESCUE,3
"Wait, yes, Heavy extreme heat is making the situation worse near Central Market. There is a truck accident.",extreme heat; truck accident; central market,CRASH,2
Please hurry! There has been a hazardous material incident near Port Entrance. I can see a truck involved and people with minor injuries. Traffic is building up. A pedestrian is waiting.,people with minor injuries; hazardous material incident; port entrance,HAZMAT,2
There's... We have a crowd emergency near Industrial Gate. It happened during rush hour. A security guard is waiting. Traffic is building up. Please hurry!,crowd emergency; industrial gate; security guard,RESCUE,2
The caller says there is a fuel leak at Shopping District. Visibility is poor. Traffic is building up.,fuel leak; shopping district; caller,HAZMAT,2
"It's, um, Reports are coming in from Warehouse District about a railway accident. There is fuel leak. The weather is strong winds. People are moving away. Send someone now!",railway accident; fuel leak; strong winds,CRASH,2
Reports are coming in from Central Flyover about a medical emergency. There is unstable structure. Visibility is poor. Traffic is building up.,central flyover; unstable structure; medical emergency,MEDICAL,2
Oh my god! We have a severe rainfall near Central Market. It happened late last night. Traffic is building up.,severe rainfall; central market; happened,CYCLONE,1
Ahhh! We have a urban flooding near Old Railway Crossing. It happened this afternoon. The incident happened this afternoon.,old railway crossing; urban flooding; ahhh,FLOOD,2
911? I am near Eastern Bypass and there has been a hazardous material incident. The road is affected and I can see debris. Visibility is poor.,hazardous material incident; eastern bypass; debris,HAZMAT,2
Please hurry! Caller reports a heat emergency at Riverbank. There is live electrical wires. A worker is waiting. Visibility is poor.,live electrical wires; heat emergency; riverbank,MEDICAL,2
I think there has been a truck accident near Coastal Road. a trapped passenger. The weather is wet roads. People are moving away. Please hurry!,a trapped passenger; truck accident; wet roads,CRASH,4
"It's, um, The caller says there is a bridge damage at Industrial Area.",industrial area; bridge damage; caller,RESCUE,2
911? The caller says there is a fuel leak at Eastern Bypass. The weather is poor visibility. What do I do?!,poor visibility; fuel leak; eastern bypass,HAZMAT,2
"I... I don't know, Please hurry! I am near Underpass and there has been a forest fire. The road is affected and I can see broken glass. Visibility is poor. Send someone now!",broken glass; forest fire; underpass,FIRE,2
"Wait, yes, Heavy wet roads is making the situation worse near Underpass. There is a bus crash. Traffic is building up. The incident happened during rush hour. What do I do?!",bus crash; wet roads; underpass,CRASH,2
Reports are coming in from Warehouse District about a power line failure. There is debris. Please hurry!,power line failure; warehouse district; debris,HAZMAT,2
There's... Oh my god! Heavy poor visibility is making the situation worse near Railway Yard. There is a flash flood. The weather is poor visibility.,railway yard; poor visibility; flash flood,FLOOD,3
"Wait, yes, Please send help to Tunnel Entrance. We have a chemical spill involving a ambulance. Visibility is poor. A pedestrian is waiting. Send someone now!",chemical spill; tunnel entrance; pedestrian,HAZMAT,3
"I... I don't know, Please hurry! Please send help to Central Flyover. We have a hazardous material incident involving a bus. People are moving away.",hazardous material incident; central flyover; bus,HAZMAT,1
Help! We have a storm damage near Bus Terminal. It happened early this morning. People are moving away. People are moving away. What do I do?!,storm damage; bus terminal; help,CYCLONE,3
"Wait, yes, Ahhh! I am near City Hospital and there has been a earthquake damage. The road is affected and I can see fallen tree.",city hospital; fallen tree; earthquake damage,RESCUE,5
I think there has been a aircraft emergency near Forest Checkpoint. three injured passengers. A pedestrian is waiting. The incident happened before sunrise. Please hurry!,three injured passengers; aircraft emergency; forest checkpoint,CRASH,2
Ahhh! Reports are coming in from Western Expressway about a road blockage. There is live electrical wires. Traffic is building up. People are moving away. Please hurry!,live electrical wires; road blockage; western expressway,RESCUE,2
Ahhh! The caller says there is a landslide at Ring Road. The weather is thunderstorm. The weather is thunderstorm.,ring road; thunderstorm; landslide,RESCUE,3
"It's, um, Please send help to Old Bridge. We have a electrical accident involving a sedan. People are moving away.",electrical accident; old bridge; sedan,FIRE,1
"Wait, yes, I think there has been a urban flooding near Airport Junction. a trapped passenger. Traffic is building up. Send someone now!",a trapped passenger; airport junction; urban flooding,FLOOD,4
Ahhh! The caller says there is a building fire at Old Bridge.,old bridge; building fire; ahhh,FIRE,2
Please hurry! Please send help to Market Road. We have a vehicle collision involving a bus. A elderly person is waiting. Please hurry!,vehicle collision; elderly person; market road,CRASH,2
"Wait, yes, Heavy stormy weather is making the situation worse near Harbor Area. There is a severe rainfall. A child is waiting. What do I do?!",stormy weather; severe rainfall; harbor area,CYCLONE,3
There's... Oh my god! We have a aircraft emergency near Commercial Street. It happened before sunrise. A resident is waiting. Traffic is building up. Send someone now!,commercial street; aircraft emergency; resident,CRASH,1
I am near Old Bridge and there has been a vehicle collision. The road is affected and I can see blocked road. The incident happened late last night. A construction worker is waiting. Send someone now!,blocked road; construction worker; old bridge,CRASH,2
"Wait, yes, Help! I am near North Underpass and there has been a car rollover. The road is affected and I can see chemical fumes. The incident happened a few minutes ago. People are moving away.",north underpass; chemical fumes; car rollover,CRASH,2
"It's, um, Reports are coming in from Coastal Road about a cold exposure. There is toxic fumes. Traffic is building up. The incident happened during rush hour.",coastal road; cold exposure; toxic fumes,MEDICAL,1
Help! We have a power line failure near North Underpass. It happened this afternoon.,power line failure; north underpass; help,HAZMAT,1
I am near Eastern Bypass and there has been a cold exposure. The road is affected and I can see fallen tree. Traffic is building up.,fallen tree; cold exposure; eastern bypass,MEDICAL,2
"Wait, yes, Please send help to Port Entrance. We have a crowd emergency involving a delivery vehicle. People are moving away.",crowd emergency; port entrance; delivery vehicle,RESCUE,2
"It's, um, Caller reports a missing person at Industrial Area. There is smoke. The incident happened just now. The incident happened just now. Please hurry!",industrial area; missing person; smoke,RESCUE,1
"It's, um, I am near Riverbank and there has been a explosion. The road is affected and I can see rising water. What do I do?!",rising water; riverbank; explosion,RESCUE,4
"I... I don't know, 911? I am near Temple Road and there has been a truck accident. The road is affected and I can see diesel leak. People are moving away. A cyclist is waiting. Send someone now!",truck accident; diesel leak; temple road,CRASH,2
Please hurry! I am near Temple Road and there has been a fuel leak. The road is affected and I can see fallen tree. Visibility is poor.,fallen tree; fuel leak; temple road,HAZMAT,3
There's... Ahhh! A driver says there is a fallen tree near South Flyover. They noticed live electrical wires. Traffic is building up. What do I do?!,live electrical wires; fallen tree; south flyover,RESCUE,1
We have a industrial accident near Underpass. It happened just now. The weather is cyclonic winds. What do I do?!,industrial accident; cyclonic winds; underpass,MEDICAL,2
"I... I don't know, The caller says there is a fallen tree at Railway Station. A cyclist is waiting. A cyclist is waiting.",fallen tree; railway station; cyclist,RESCUE,2
There's... Ahhh! Reports are coming in from Bus Depot about a motorcycle accident. There is smoke. The incident happened early this morning. People are moving away.,motorcycle accident; bus depot; smoke,CRASH,1
"It's, um, There has been a drowning near Harbor Area. I can see a bus involved and a trapped passenger. What do I do?!",a trapped passenger; harbor area; bus,RESCUE,4
A worker says there is a cyclone damage near Temple Road. They noticed fire.,cyclone damage; temple road; fire,CYCLONE,3
Ahhh! A driver says there is a building fire near College Road. They noticed gas leak.,gas leak; college road; building fire,FIRE,2
We have a fallen tree near Eastern Bypass. It happened a few minutes ago. A construction worker is waiting. The weather is continuous rainfall. What do I do?!,fallen tree; construction worker; continuous rainfall,RESCUE,2
I think there has been a evacuation near City Hospital. two injured people. The weather is continuous rainfall.,two injured people; city hospital; continuous rainfall,RESCUE,2
I am near Port Entrance and there has been a aircraft emergency. The road is affected and I can see oil spill.,port entrance; oil spill; aircraft emergency,CRASH,2
We have a evacuation near Bus Terminal. It happened this afternoon. A passenger is waiting. What do I do?!,bus terminal; evacuation; passenger,RESCUE,2
"It's, um, A pedestrian says there is a gas leak near Factory Road. They noticed broken glass. People are moving away. Please hurry!",broken glass; gas leak; factory road,HAZMAT,3
Oh my god! We have a car rollover near Ring Road. It happened before sunrise. Visibility is poor. People are moving away.,ring road; car rollover; happened,CRASH,1
"It's, um, Please hurry! We have a medical emergency near Warehouse District. It happened during rush hour.",warehouse district; medical emergency; please,MEDICAL,2
There's... Reports are coming in from Railway Station about a medical emergency. There is diesel leak. The weather is cyclonic winds. Send someone now!,railway station; diesel leak; cyclonic winds,MEDICAL,3
"I... I don't know, Caller reports a severe rainfall at Airport Road. There is diesel leak. Traffic is building up.",airport road; severe rainfall; diesel leak,CYCLONE,3
"Wait, yes, Heavy stormy weather is making the situation worse near Coastal Road. There is a crowd emergency. The weather is stormy weather. Traffic is building up.",stormy weather; crowd emergency; coastal road,RESCUE,3
There has been a earthquake damage near Old Railway Crossing. I can see a motorcycle involved and a seriously injured driver.,a seriously injured driver; old railway crossing; earthquake damage,RESCUE,4
Reports are coming in from Bus Depot about a stampede. There is rising water.,rising water; bus depot; stampede,RESCUE,1
Please send help to Residential Block. We have a evacuation involving a motorcycle. The weather is continuous rainfall. People are moving away.,continuous rainfall; residential block; motorcycle,RESCUE,1
Heavy continuous rainfall is making the situation worse near South Flyover. There is a forest fire. Traffic is building up.,continuous rainfall; south flyover; forest fire,FIRE,2
I think there has been a boat accident near Railway Yard. an unconscious person. Traffic is building up. People are moving away.,an unconscious person; boat accident; railway yard,CRASH,4
I think there has been a flash flood near Underpass. multiple casualties. A security guard is waiting.,multiple casualties; security guard; flash flood,FLOOD,4
"I... I don't know, Oh my god! Caller reports a wildfire at Airport Road. There is gas leak. Traffic is building up.",airport road; gas leak; wildfire,FIRE,3
Please hurry! The caller says there is a factory fire at Old Railway Crossing. The weather is heavy rain. The incident happened before sunrise.,old railway crossing; heavy rain; factory fire,FIRE,2
There's... 911? Heavy cyclonic winds is making the situation worse near Old Bridge. There is a explosion. Visibility is poor. People are moving away. What do I do?!,old bridge; cyclonic winds; explosion,RESCUE,4
The caller says there is a severe rainfall at Riverbank. Traffic is building up. The weather is continuous rainfall.,severe rainfall; continuous rainfall; riverbank,CYCLONE,1
"Wait, yes, Please send help to Coastal Road. We have a motorcycle accident involving a motorcycle. A pedestrian is waiting.",motorcycle accident; coastal road; pedestrian,CRASH,1
We have a industrial accident near Ring Road. It happened just now.,ring road; industrial accident; happened,MEDICAL,1
There's... Caller reports a evacuation at Airport Road. There is unstable structure. Send someone now!,airport road; unstable structure; evacuation,RESCUE,1
"Wait, yes, 911? There has been a truck accident near Railway Yard. I can see a van involved and a seriously injured driver.",a seriously injured driver; railway yard; truck accident,CRASH,2
Ahhh! The caller says there is a industrial accident at Warehouse District. People are moving away. Please hurry!,industrial accident; warehouse district; ahhh,MEDICAL,1
A security guard says there is a railway accident near Forest Checkpoint. They noticed toxic fumes. What do I do?!,railway accident; security guard; toxic fumes,CRASH,1
There's... I think there has been a road blockage near Coastal Road. three injured passengers. Visibility is poor. A construction worker is waiting. Send someone now!,three injured passengers; construction worker; road blockage,RESCUE,3
Please send help to Old Railway Crossing. We have a factory fire involving a container truck. The weather is continuous rainfall.,old railway crossing; container truck; continuous rainfall,FIRE,3
Help! Reports are coming in from Bus Depot about a lightning strike. There is fallen tree. The incident happened late last night. The incident happened late last night.,lightning strike; fallen tree; bus depot,CYCLONE,2
I think there has been a power line failure near Tunnel Entrance. several injured people.,several injured people; power line failure; tunnel entrance,HAZMAT,3
"It's, um, Heavy lightning is making the situation worse near Industrial Area. There is a missing person. Visibility is poor. A security guard is waiting.",industrial area; missing person; security guard,RESCUE,2
Ahhh! I think there has been a road blockage near South Flyover. people with minor injuries. A resident is waiting.,people with minor injuries; road blockage; south flyover,RESCUE,2
Oh my god! We have a factory fire near Commercial Street. It happened about half an hour ago.,commercial street; factory fire; happened,FIRE,3
"I... I don't know, The caller says there is a aircraft emergency at Bus Terminal. Please hurry!",bus terminal; aircraft emergency; dont,CRASH,2
Please hurry! There has been a fallen tree near Industrial Area. I can see a tanker involved and two injured people.,two injured people; industrial area; fallen tree,RESCUE,3
Ahhh! A resident says there is a wildfire near Forest Checkpoint. They noticed blocked road. Visibility is poor. Visibility is poor. Send someone now!,blocked road; forest checkpoint; wildfire,FIRE,3
There's... Please hurry! The caller says there is a lightning strike at Industrial Area. Please hurry!,lightning strike; industrial area; theres,CYCLONE,2
911? The caller says there is a storm damage at Tunnel Entrance. Traffic is building up. Send someone now!,storm damage; tunnel entrance; caller,CYCLONE,3
There's... We have a building collapse near Temple Road. It happened about ten minutes ago. Visibility is poor. The incident happened about ten minutes ago. Send someone now!,building collapse; temple road; theres,RESCUE,5
There's... Ahhh! There has been a bus crash near Warehouse District. I can see a sedan involved and two injured people.,two injured people; bus crash; warehouse district,CRASH,3
A shopkeeper says there is a dam overflow near City Hospital. They noticed broken glass.,broken glass; city hospital; dam overflow,FLOOD,2
Ahhh! I think there has been a train derailment near Port Entrance. one injured person. Traffic is building up. The incident happened early this morning.,one injured person; port entrance; train derailment,CRASH,4
There's... Please send help to Old Railway Crossing. We have a medical emergency involving a SUV. People are moving away. Please hurry!,old railway crossing; medical emergency; suv,MEDICAL,2
"It's, um, Help! Please send help to Harbor Area. We have a flash flood involving a container truck. People are moving away. Please hurry!",container truck; harbor area; flash flood,FLOOD,3
Oh my god! I think there has been a heat emergency near Underpass. one injured person.,one injured person; heat emergency; underpass,MEDICAL,3
I think there has been a wildfire near Forest Checkpoint. an unconscious person. Send someone now!,an unconscious person; forest checkpoint; wildfire,FIRE,4
The caller says there is a road blockage at Old Railway Crossing. Please hurry!,old railway crossing; road blockage; caller,RESCUE,2
Please hurry! Reports are coming in from River Bridge about a gas leak. There is diesel leak. Please hurry!,diesel leak; river bridge; gas leak,HAZMAT,3
911? I am near Highway Toll Plaza and there has been a hazardous material incident. The road is affected and I can see fallen tree. Traffic is building up. A driver is waiting.,highway toll plaza; hazardous material incident; fallen tree,HAZMAT,2
The caller says there is a storm damage at Central Market.,storm damage; central market; caller,CYCLONE,2
"Wait, yes, Please hurry! I think there has been a building collapse near Residential Block. one injured person. Traffic is building up. Send someone now!",one injured person; building collapse; residential block,RESCUE,4
"It's, um, 911? Caller reports a industrial accident at Station Road. There is broken glass. People are moving away. What do I do?!",broken glass; industrial accident; station road,MEDICAL,1
Ahhh! Caller reports a truck accident at River Bridge. There is debris. Traffic is building up. What do I do?!,truck accident; river bridge; debris,CRASH,2
A security guard says there is a bus crash near Old Railway Crossing. They noticed unstable structure. Please hurry!,old railway crossing; unstable structure; bus crash,CRASH,2
There's... Ahhh! I think there has been a landslide near College Road. two injured people. People are moving away.,two injured people; college road; landslide,RESCUE,2
"It's, um, The caller says there is a building collapse at Residential Block. The incident happened this afternoon.",building collapse; residential block; caller,RESCUE,4
Ahhh! Heavy dust storm is making the situation worse near Railway Station. There is a heat emergency. The incident happened this afternoon. People are moving away. What do I do?!,dust storm; railway station; heat emergency,MEDICAL,2
Please hurry! Caller reports a heat emergency at Central Market. There is rising water. People are moving away.,rising water; central market; heat emergency,MEDICAL,1
Help! We have a heat emergency near Railway Yard. It happened just now.,railway yard; heat emergency; help,MEDICAL,1
Ahhh! I think there has been a warehouse fire near Industrial Area. a trapped passenger.,a trapped passenger; industrial area; warehouse fire,FIRE,4
We have a lightning strike near North Underpass. It happened about ten minutes ago.,lightning strike; north underpass; happened,CYCLONE,2
Reports are coming in from Railway Station about a missing person. There is debris. People are moving away. The weather is heavy rain.,railway station; missing person; heavy rain,RESCUE,2
"Wait, yes, Oh my god! I am near Station Road and there has been a building fire. The road is affected and I can see fuel leak. The weather is wet roads. Visibility is poor.",fuel leak; wet roads; building fire,FIRE,2
"I... I don't know, 911? I am near Airport Junction and there has been a train derailment. The road is affected and I can see chemical fumes. The weather is cyclonic winds. People are moving away.",airport junction; chemical fumes; cyclonic winds,CRASH,5
I think there has been a severe rainfall near City Center. one injured person. People are moving away. People are moving away. Please hurry!,one injured person; city center; severe rainfall,CYCLONE,3
"Wait, yes, Please send help to Eastern Bypass. We have a building fire involving a delivery vehicle. Please hurry!",building fire; eastern bypass; delivery vehicle,FIRE,2
The caller says there is a vehicle collision at Residential Block.,vehicle collision; residential block; caller,CRASH,2
911? The caller says there is a heat emergency at Dam Road. Visibility is poor. The incident happened this afternoon. What do I do?!,heat emergency; dam road; caller,MEDICAL,2
911? Please send help to Residential Block. We have a car rollover involving a car. The weather is lightning.,residential block; car rollover; lightning,CRASH,1
"Wait, yes, Oh my god! Heavy dust storm is making the situation worse near Port Entrance. There is a hazardous material incident. Send someone now!",hazardous material incident; dust storm; port entrance,HAZMAT,3
We have a road blockage near Temple Road. It happened early this morning. Traffic is building up.,road blockage; temple road; happened,RESCUE,1
Oh my god! We have a heat emergency near Commercial Street. It happened just now. People are moving away. Traffic is building up. Please hurry!,commercial street; heat emergency; happened,MEDICAL,2
Help! There has been a gas leak near Western Expressway. I can see a fuel tanker involved and a seriously injured driver. People are moving away.,a seriously injured driver; gas leak; fuel tanker,HAZMAT,2
Please hurry! Caller reports a drowning at Coastal Road. There is fallen tree. People are moving away. A driver is waiting. Please hurry!,fallen tree; coastal road; driver,RESCUE,4
Please hurry! A elderly person says there is a gas leak near Market Road. They noticed diesel leak. The incident happened just now.,diesel leak; elderly person; gas leak,HAZMAT,2
The caller says there is a building collapse at Riverbank. The weather is continuous rainfall.,building collapse; continuous rainfall; riverbank,RESCUE,4
"I... I don't know, Please send help to Tunnel Entrance. We have a vehicle collision involving a SUV. Send someone now!",vehicle collision; tunnel entrance; suv,CRASH,2
"It's, um, Please hurry! Caller reports a severe rainfall at Temple Road. There is smoke. Visibility is poor. Traffic is building up. Send someone now!",severe rainfall; temple road; smoke,CYCLONE,2
"It's, um, Heavy extreme heat is making the situation worse near Shopping District. There is a lightning strike. The weather is extreme heat. Send someone now!",lightning strike; extreme heat; shopping district,CYCLONE,2
There's... Please send help to North Underpass. We have a building fire involving a container truck.,north underpass; container truck; building fire,FIRE,2
Ahhh! I think there has been a drowning near Riverbank. several injured people. The weather is dust storm. People are moving away. Please hurry!,several injured people; dust storm; riverbank,RESCUE,4
"Wait, yes, We have a landslide near Old Railway Crossing. It happened this afternoon. A resident is waiting.",old railway crossing; resident; landslide,RESCUE,1
Please hurry! I think there has been a aircraft emergency near Factory Road. multiple casualties. People are moving away. Send someone now!,multiple casualties; aircraft emergency; factory road,CRASH,4
"I... I don't know, Oh my god! There has been a vehicle collision near Underpass. I can see a car involved and an unconscious person. The incident happened late last night. Send someone now!",an unconscious person; vehicle collision; car,CRASH,4
"It's, um, Heavy continuous rainfall is making the situation worse near Harbor Area. There is a forest fire. People are moving away. The incident happened just now.",continuous rainfall; harbor area; forest fire,FIRE,2
Help! We have a cold exposure near Residential Block. It happened about ten minutes ago. What do I do?!,residential block; cold exposure; help,MEDICAL,2
"Wait, yes, Help! Caller reports a motorcycle accident at Ring Road. There is blocked road. A shopkeeper is waiting. What do I do?!",ring road; blocked road; motorcycle accident,CRASH,2
Reports are coming in from Factory Road about a cold exposure. There is gas leak. A passenger is waiting. A passenger is waiting. What do I do?!,gas leak; cold exposure; factory road,MEDICAL,3
"I... I don't know, I am near Main Highway and there has been a landslide. The road is affected and I can see live electrical wires. The incident happened about half an hour ago.",live electrical wires; main highway; landslide,RESCUE,2
"Wait, yes, Oh my god! The caller says there is a medical emergency at Old Bridge. The incident happened about ten minutes ago. What do I do?!",old bridge; medical emergency; wait,MEDICAL,1
Please send help to Warehouse District. We have a boat accident involving a container truck.,boat accident; container truck; warehouse district,CRASH,2
The caller says there is a cyclone damage at Shopping District.,cyclone damage; shopping district; caller,CYCLONE,2
"I... I don't know, Please hurry! A worker says there is a road blockage near Market Road. They noticed diesel leak. Traffic is building up.",road blockage; diesel leak; market road,RESCUE,3
"Wait, yes, There has been a fuel leak near Factory Road. I can see a bus involved and three injured passengers.",three injured passengers; fuel leak; factory road,HAZMAT,3
"Wait, yes, Help! We have a warehouse fire near Dam Road. It happened a few minutes ago. Visibility is poor. The incident happened a few minutes ago.",warehouse fire; dam road; wait,FIRE,2
The caller says there is a dam overflow at Airport Junction. People are moving away. Visibility is poor. Send someone now!,airport junction; dam overflow; caller,FLOOD,1
Ahhh! Please send help to South Flyover. We have a industrial accident involving a container truck. Traffic is building up. Please hurry!,container truck; industrial accident; south flyover,MEDICAL,2
There's... We have a explosion near Eastern Bypass. It happened during rush hour. The weather is cyclonic winds. Send someone now!,cyclonic winds; eastern bypass; explosion,RESCUE,4
Help! Reports are coming in from Dam Road about a chemical spill. There is debris. The weather is lightning.,chemical spill; dam road; lightning,HAZMAT,2
"It's, um, Ahhh! I think there has been a fuel leak near South Flyover. one injured person. A worker is waiting. The weather is stormy weather.",one injured person; stormy weather; fuel leak,HAZMAT,2
Please hurry! Caller reports a fallen tree at Ring Road. There is broken glass. People are moving away. A passenger is waiting.,ring road; broken glass; fallen tree,RESCUE,2
There's... Please hurry! The caller says there is a forest fire at Forest Checkpoint.,forest fire; forest checkpoint; theres,FIRE,2
Ahhh! Please send help to Harbor Area. We have a chemical spill involving a ambulance. The weather is cold weather. Please hurry!,cold weather; chemical spill; harbor area,HAZMAT,2
We have a cold exposure near Station Road. It happened just now.,cold exposure; station road; happened,MEDICAL,2
A cyclist says there is a gas leak near Port Entrance. They noticed fire. A cyclist is waiting. The incident happened late last night. Send someone now!,port entrance; gas leak; cyclist,HAZMAT,2
We have a electrical accident near Industrial Area. It happened around noon. The weather is strong winds. A shopkeeper is waiting. Send someone now!,industrial area; electrical accident; strong winds,FIRE,1
911? Please send help to Airport Junction. We have a motorcycle accident involving a tanker. Visibility is poor. A driver is waiting.,airport junction; motorcycle accident; driver,CRASH,1
"I... I don't know, A pedestrian says there is a landslide near City Hospital. They noticed unstable structure.",city hospital; unstable structure; pedestrian,RESCUE,2
"I... I don't know, Ahhh! Heavy wet roads is making the situation worse near Industrial Gate. There is a bus crash. Please hurry!",industrial gate; bus crash; wet roads,CRASH,2
There's... 911? Please send help to River Bridge. We have a building fire involving a sedan. Visibility is poor.,river bridge; building fire; sedan,FIRE,2
"Wait, yes, There has been a crowd emergency near Industrial Area. I can see a sedan involved and people with minor injuries. Visibility is poor.",people with minor injuries; industrial area; crowd emergency,RESCUE,1
There's... A worker says there is a medical emergency near Outer Ring Road. They noticed gas leak. Traffic is building up.,outer ring road; gas leak; medical emergency,MEDICAL,2
Please hurry! We have a medical emergency near Railway Station. It happened around midnight. Traffic is building up. The incident happened around midnight.,railway station; medical emergency; please,MEDICAL,1
There's... I am near Underpass and there has been a fallen tree. The road is affected and I can see fire. Traffic is building up. The incident happened during rush hour.,fallen tree; fire; underpass,RESCUE,2
There has been a earthquake damage near City Hospital. I can see a delivery vehicle involved and three injured passengers. Visibility is poor. Send someone now!,three injured passengers; city hospital; earthquake damage,RESCUE,4
I think there has been a bridge damage near Coastal Road. a seriously injured driver. Visibility is poor. The incident happened late last night.,a seriously injured driver; coastal road; bridge damage,RESCUE,3
There's... Reports are coming in from Factory Road about a hazardous material incident. There is fuel leak. People are moving away. Send someone now!,hazardous material incident; fuel leak; factory road,HAZMAT,3
"Wait, yes, The caller says there is a electrical accident at City Hospital. The weather is strong winds. Visibility is poor.",electrical accident; city hospital; strong winds,FIRE,2
"It's, um, I think there has been a crowd emergency near Underpass. an unconscious person. People are moving away.",an unconscious person; crowd emergency; underpass,RESCUE,5
"It's, um, Heavy strong winds is making the situation worse near Railway Station. There is a severe rainfall. Visibility is poor. Visibility is poor. Send someone now!",severe rainfall; railway station; strong winds,CYCLONE,2
"I... I don't know, I am near North Underpass and there has been a train derailment. The road is affected and I can see smoke. People are moving away. A security guard is waiting.",north underpass; security guard; train derailment,CRASH,4
Ahhh! The caller says there is a bridge damage at Warehouse District. The weather is strong winds.,strong winds; bridge damage; warehouse district,RESCUE,2
Heavy strong winds is making the situation worse near Market Road. There is a evacuation. The incident happened around noon. The incident happened around noon.,strong winds; market road; evacuation,RESCUE,1
There's... 911? Reports are coming in from Port Entrance about a truck accident. There is chemical fumes. A child is waiting.,truck accident; port entrance; chemical fumes,CRASH,2
"Wait, yes, The caller says there is a dam overflow at Old Bridge. What do I do?!",old bridge; dam overflow; wait,FLOOD,1
"It's, um, I am near City Hospital and there has been a explosion. The road is affected and I can see diesel leak. What do I do?!",city hospital; diesel leak; explosion,RESCUE,4
There has been a urban flooding near Outer Ring Road. I can see a van involved and two injured people.,two injured people; outer ring road; urban flooding,FLOOD,2
"Wait, yes, Reports are coming in from Bus Terminal about a crowd emergency. There is broken glass. What do I do?!",broken glass; crowd emergency; bus terminal,RESCUE,1
I am near Industrial Gate and there has been a chemical spill. The road is affected and I can see fallen tree. Visibility is poor. Visibility is poor. What do I do?!,fallen tree; industrial gate; chemical spill,HAZMAT,2
There has been a landslide near City Hospital. I can see a truck involved and two injured people. People are moving away. Send someone now!,two injured people; city hospital; truck,RESCUE,2
There has been a fallen tree near Railway Station. I can see a container truck involved and three injured passengers.,three injured passengers; container truck; fallen tree,RESCUE,3
911? I think there has been a lightning strike near South Flyover. three injured passengers. Traffic is building up. Visibility is poor.,three injured passengers; lightning strike; south flyover,CYCLONE,3
Please hurry! Caller reports a urban flooding at Industrial Area. There is oil spill. Traffic is building up. Traffic is building up. What do I do?!,industrial area; oil spill; urban flooding,FLOOD,2
We have a evacuation near Bus Terminal. It happened a few minutes ago. Traffic is building up. A security guard is waiting.,security guard; bus terminal; evacuation,RESCUE,2
I think there has been a earthquake damage near Main Highway. a trapped passenger. People are moving away. Traffic is building up.,a trapped passenger; main highway; earthquake damage,RESCUE,5
Help! There has been a lightning strike near College Road. I can see a container truck involved and a trapped passenger. The weather is continuous rainfall. A pedestrian is waiting.,a trapped passenger; lightning strike; container truck,CYCLONE,5
Please send help to Shopping District. We have a landslide involving a fuel tanker. Traffic is building up. People are moving away.,fuel tanker; shopping district; landslide,RESCUE,1
A passenger says there is a evacuation near Main Highway. They noticed live electrical wires. Traffic is building up. Traffic is building up. Send someone now!,live electrical wires; main highway; evacuation,RESCUE,2
Oh my god! There has been a urban flooding near Commercial Street. I can see a bus involved and multiple casualties. The weather is cold weather.,cold weather; multiple casualties; urban flooding,FLOOD,4
"It's, um, Caller reports a car rollover at Tunnel Entrance. There is rising water. Please hurry!",rising water; tunnel entrance; car rollover,CRASH,2
"It's, um, Caller reports a cyclone damage at Dam Road. There is broken glass.",broken glass; cyclone damage; dam road,CYCLONE,1
"It's, um, Reports are coming in from Dam Road about a truck accident. There is broken glass. Visibility is poor. People are moving away. What do I do?!",broken glass; truck accident; dam road,CRASH,2
Please hurry! There has been a heat emergency near Eastern Bypass. I can see a train involved and an unconscious person. The incident happened early this morning. The incident happened early this morning.,an unconscious person; eastern bypass; heat emergency,MEDICAL,4
Please hurry! Heavy heavy rain is making the situation worse near Main Highway. There is a severe rainfall. Visibility is poor. Send someone now!,main highway; severe rainfall; heavy rain,CYCLONE,1
Ahhh! Reports are coming in from Dam Road about a lightning strike. There is gas leak. Traffic is building up.,lightning strike; gas leak; dam road,CYCLONE,2
There has been a flash flood near City Center. I can see a bus involved and one injured person. Please hurry!,one injured person; city center; flash flood,FLOOD,2
911? A passenger says there is a cyclone damage near Highway Toll Plaza. They noticed rising water. Traffic is building up. A passenger is waiting.,highway toll plaza; rising water; cyclone damage,CYCLONE,2
Reports are coming in from Bus Terminal about a vehicle collision. There is fire. The incident happened this afternoon. Please hurry!,vehicle collision; bus terminal; fire,CRASH,3
Help! Please send help to Bus Depot. We have a cold exposure involving a fuel tanker. People are moving away.,bus depot; fuel tanker; cold exposure,MEDICAL,2
Ahhh! Caller reports a power line failure at South Flyover. There is gas leak. Visibility is poor. What do I do?!,power line failure; gas leak; south flyover,HAZMAT,3
Help! There has been a industrial accident near Station Road. I can see a truck involved and a seriously injured driver. The incident happened during rush hour. The incident happened during rush hour.,a seriously injured driver; industrial accident; station road,MEDICAL,3
Please hurry! The caller says there is a gas leak at Underpass. Visibility is poor. Visibility is poor.,gas leak; underpass; please,HAZMAT,2
"Wait, yes, There has been a cyclone damage near Riverbank. I can see a SUV involved and three injured passengers. Traffic is building up.",three injured passengers; cyclone damage; riverbank,CYCLONE,3
Please hurry! There has been a wildfire near Commercial Street. I can see a SUV involved and one injured person. Traffic is building up.,one injured person; commercial street; wildfire,FIRE,2
There's... Ahhh! Reports are coming in from Industrial Area about a truck accident. There is fire. People are moving away.,industrial area; truck accident; fire,CRASH,3
I am near Ring Road and there has been a wildfire. The road is affected and I can see blocked road.,ring road; blocked road; wildfire,FIRE,3
"It's, um, Please hurry! Please send help to City Center. We have a crowd emergency involving a truck. Send someone now!",city center; crowd emergency; truck,RESCUE,1
Ahhh! There has been a forest fire near Station Road. I can see a SUV involved and several injured people. A passenger is waiting. What do I do?!,several injured people; forest fire; station road,FIRE,3
"I... I don't know, Help! Heavy dust storm is making the situation worse near Airport Road. There is a storm damage. Visibility is poor. Please hurry!",storm damage; airport road; dust storm,CYCLONE,3
"Wait, yes, There has been a car rollover near Dam Road. I can see a tanker involved and a seriously injured driver. Send someone now!",a seriously injured driver; dam road; car rollover,CRASH,2
We have a cold exposure near Market Road. It happened around noon.,market road; cold exposure; happened,MEDICAL,1
"I... I don't know, Heavy heavy rain is making the situation worse near North Underpass. There is a warehouse fire. People are moving away. Please hurry!",north underpass; heavy rain; warehouse fire,FIRE,3
Oh my god! Please send help to Riverbank. We have a vehicle collision involving a fuel tanker. A cyclist is waiting. Send someone now!,vehicle collision; fuel tanker; cyclist,CRASH,1
"It's, um, There has been a severe rainfall near Bus Depot. I can see a container truck involved and multiple casualties.",container truck; severe rainfall; multiple casualties,CYCLONE,5
Oh my god! We have a severe rainfall near Airport Road. It happened just now. The weather is cold weather. Please hurry!,cold weather; airport road; severe rainfall,CYCLONE,2
"It's, um, Reports are coming in from Dam Road about a storm damage. There is fire. Traffic is building up. Send someone now!",storm damage; dam road; fire,CYCLONE,3
Please send help to South Flyover. We have a storm damage involving a van. The weather is cold weather. A pedestrian is waiting. What do I do?!,storm damage; cold weather; south flyover,CYCLONE,3
911? Reports are coming in from Station Road about a storm damage. There is oil spill. Send someone now!,storm damage; oil spill; station road,CYCLONE,2
Oh my god! I think there has been a factory fire near Port Entrance. several injured people. Visibility is poor. The weather is dust storm.,several injured people; dust storm; port entrance,FIRE,3
A cyclist says there is a bus crash near South Flyover. They noticed chemical fumes. The incident happened before sunrise. Send someone now!,bus crash; south flyover; chemical fumes,CRASH,3
Please send help to Central Flyover. We have a building collapse involving a truck. A driver is waiting.,central flyover; building collapse; driver,RESCUE,5
The caller says there is a building collapse at Commercial Street.,building collapse; commercial street; caller,RESCUE,4
There's... Oh my god! Reports are coming in from Coastal Road about a bridge damage. There is broken glass. What do I do?!,broken glass; coastal road; bridge damage,RESCUE,2
There's... Ahhh! I am near Coastal Road and there has been a industrial accident. The road is affected and I can see fallen tree.,fallen tree; industrial accident; coastal road,MEDICAL,1
"Wait, yes, We have a fallen tree near Forest Checkpoint. It happened late last night.",fallen tree; forest checkpoint; wait,RESCUE,1
There's... Heavy lightning is making the situation worse near Airport Road. There is a gas leak.,airport road; gas leak; lightning,HAZMAT,2
"It's, um, Please hurry! We have a railway accident near Commercial Street. It happened around noon. People are moving away. A construction worker is waiting.",railway accident; construction worker; commercial street,CRASH,2
The caller says there is a truck accident at Bus Depot. Send someone now!,truck accident; bus depot; caller,CRASH,1
The caller says there is a chemical spill at Western Expressway. The weather is strong winds. The incident happened late last night.,strong winds; chemical spill; western expressway,HAZMAT,3
911? Please send help to College Road. We have a crowd emergency involving a car. Visibility is poor.,crowd emergency; college road; car,RESCUE,1
Reports are coming in from Old Bridge about a vehicle collision. There is diesel leak. Visibility is poor. People are moving away.,old bridge; vehicle collision; diesel leak,CRASH,3
We have a power line failure near Outer Ring Road. It happened before sunrise. What do I do?!,power line failure; outer ring road; happened,HAZMAT,2
Ahhh! Heavy strong winds is making the situation worse near Main Highway. There is a explosion. Please hurry!,main highway; strong winds; explosion,RESCUE,5
Please hurry! I think there has been a cyclone damage near Railway Station. an injured child. Visibility is poor. Visibility is poor.,an injured child; railway station; cyclone damage,CYCLONE,2
"I... I don't know, Help! I think there has been a flash flood near Railway Station. one injured person. The weather is dust storm.",one injured person; dust storm; railway station,FLOOD,2
Please hurry! Please send help to Factory Road. We have a storm damage involving a truck. The weather is dust storm. Traffic is building up.,storm damage; dust storm; factory road,CYCLONE,2
A pedestrian says there is a vehicle collision near Warehouse District. They noticed diesel leak. The weather is wet roads. The weather is wet roads.,vehicle collision; diesel leak; wet roads,CRASH,3
"I... I don't know, 911? I think there has been a earthquake damage near South Flyover. several injured people. A cyclist is waiting. A cyclist is waiting.",several injured people; earthquake damage; south flyover,RESCUE,4
The caller says there is a storm damage at Outer Ring Road. The weather is extreme heat.,outer ring road; storm damage; extreme heat,CYCLONE,2
"I... I don't know, Please send help to Underpass. We have a landslide involving a SUV.",suv; underpass; landslide,RESCUE,2
Help! I think there has been a truck accident near Outer Ring Road. two injured people. The incident happened about half an hour ago. Traffic is building up. What do I do?!,two injured people; outer ring road; truck accident,CRASH,2
Reports are coming in from Central Flyover about a electrical accident. There is broken glass. The weather is continuous rainfall.,broken glass; electrical accident; central flyover,FIRE,2
There's... Help! We have a storm damage near Central Flyover. It happened about half an hour ago. The incident happened about half an hour ago. The weather is wet roads.,storm damage; central flyover; wet roads,CYCLONE,3
Reports are coming in from Tunnel Entrance about a fuel leak. There is broken glass.,broken glass; fuel leak; tunnel entrance,HAZMAT,2
"It's, um, We have a landslide near Underpass. It happened around noon. Visibility is poor. The weather is poor visibility. Please hurry!",poor visibility; underpass; landslide,RESCUE,2
911? There has been a train derailment near Main Highway. I can see a container truck involved and an injured child. The weather is cold weather. Visibility is poor. Please hurry!,an injured child; main highway; cold weather,CRASH,5
The caller says there is a cyclone damage at Station Road. The weather is thunderstorm. What do I do?!,cyclone damage; station road; thunderstorm,CYCLONE,3
The caller says there is a severe rainfall at Railway Yard. Send someone now!,railway yard; severe rainfall; caller,CYCLONE,2
"I... I don't know, There has been a railway accident near Industrial Gate. I can see a sedan involved and people with minor injuries. People are moving away.",people with minor injuries; railway accident; industrial gate,CRASH,1
Oh my god! The caller says there is a building collapse at Warehouse District. Visibility is poor. A elderly person is waiting.,building collapse; elderly person; warehouse district,RESCUE,4
"Wait, yes, I am near Old Railway Crossing and there has been a wildfire. The road is affected and I can see fire. Send someone now!",old railway crossing; wildfire; wait,FIRE,2
Please hurry! Please send help to City Center. We have a boat accident involving a container truck. A cyclist is waiting. The weather is poor visibility.,boat accident; city center; container truck,CRASH,2
"I... I don't know, 911? A child says there is a flash flood near Riverbank. They noticed toxic fumes. What do I do?!",flash flood; toxic fumes; riverbank,FLOOD,3
"Wait, yes, Caller reports a dam overflow at Old Bridge. There is unstable structure. Please hurry!",old bridge; unstable structure; dam overflow,FLOOD,1
I think there has been a bus crash near Outer Ring Road. an unconscious person. A elderly person is waiting.,an unconscious person; outer ring road; bus crash,CRASH,4
Please hurry! We have a medical emergency near Forest Checkpoint. It happened just now. What do I do?!,medical emergency; forest checkpoint; please,MEDICAL,2
Ahhh! Heavy thunderstorm is making the situation worse near Old Railway Crossing. There is a truck accident. Traffic is building up. Traffic is building up.,old railway crossing; truck accident; thunderstorm,CRASH,2
"I... I don't know, I am near Ring Road and there has been a railway accident. The road is affected and I can see diesel leak.",ring road; railway accident; diesel leak,CRASH,2
"It's, um, We have a evacuation near Bus Terminal. It happened around midnight. People are moving away. People are moving away. What do I do?!",bus terminal; evacuation; happened,RESCUE,2
Please hurry! We have a railway accident near Bus Depot. It happened about half an hour ago. Traffic is building up. A resident is waiting.,railway accident; bus depot; resident,CRASH,2
Please hurry! There has been a cold exposure near Eastern Bypass. I can see a motorcycle involved and an unconscious person. Traffic is building up.,an unconscious person; cold exposure; eastern bypass,MEDICAL,5
911? Heavy stormy weather is making the situation worse near North Underpass. There is a drowning.,stormy weather; north underpass; drowning,RESCUE,5
The caller says there is a power line failure at Underpass.,power line failure; underpass; caller,HAZMAT,1
"I... I don't know, Help! There has been a car rollover near River Bridge. I can see a truck involved and an injured child. People are moving away. Visibility is poor.",an injured child; river bridge; car rollover,CRASH,2
Please send help to River Bridge. We have a wildfire involving a car. The weather is thunderstorm. Traffic is building up.,river bridge; wildfire; thunderstorm,FIRE,3
The caller says there is a urban flooding at Temple Road. The weather is dense fog. Traffic is building up.,dense fog; temple road; urban flooding,FLOOD,3
Help! A security guard says there is a wildfire near Riverbank. They noticed oil spill.,oil spill; security guard; wildfire,FIRE,3
Oh my god! A cyclist says there is a hazardous material incident near Highway Toll Plaza. They noticed smoke.,highway toll plaza; hazardous material incident; cyclist,HAZMAT,2
"It's, um, Please hurry! Caller reports a cyclone damage at Airport Road. There is toxic fumes. Visibility is poor. People are moving away. Please hurry!",airport road; cyclone damage; toxic fumes,CYCLONE,2
There's... Please hurry! Please send help to Port Entrance. We have a road blockage involving a tanker. A cyclist is waiting.,port entrance; road blockage; cyclist,RESCUE,2
We have a gas leak near Port Entrance. It happened a few minutes ago. What do I do?!,port entrance; gas leak; happened,HAZMAT,2
Ahhh! Reports are coming in from Port Entrance about a train derailment. There is unstable structure. Please hurry!,port entrance; unstable structure; train derailment,CRASH,5
"I... I don't know, The caller says there is a electrical accident at North Underpass.",electrical accident; north underpass; dont,FIRE,2
"I... I don't know, The caller says there is a storm damage at Railway Station. Send someone now!",storm damage; railway station; dont,CYCLONE,2
"Wait, yes, I think there has been a industrial accident near Dam Road. an unconscious person. Visibility is poor.",an unconscious person; industrial accident; dam road,MEDICAL,5
"I... I don't know, Oh my god! I am near Airport Road and there has been a storm damage. The road is affected and I can see rising water.",storm damage; airport road; rising water,CYCLONE,2
"I... I don't know, We have a building fire near Ring Road. It happened around noon. Traffic is building up. Traffic is building up.",ring road; building fire; dont,FIRE,3
Help! We have a warehouse fire near Harbor Area. It happened late last night. A driver is waiting. What do I do?!,warehouse fire; harbor area; driver,FIRE,3
"I... I don't know, I think there has been a crowd emergency near City Hospital. an unconscious person. A cyclist is waiting. A cyclist is waiting. What do I do?!",an unconscious person; crowd emergency; city hospital,RESCUE,5
Help! Caller reports a medical emergency at Eastern Bypass. There is gas leak. Traffic is building up. People are moving away.,gas leak; eastern bypass; medical emergency,MEDICAL,3
911? There has been a factory fire near Western Expressway. I can see a school bus involved and people with minor injuries. A cyclist is waiting. Visibility is poor.,people with minor injuries; school bus; factory fire,FIRE,2
The caller says there is a stampede at City Center.,city center; stampede; caller,RESCUE,2
Oh my god! I think there has been a forest fire near Temple Road. a trapped passenger. The weather is dense fog. What do I do?!,a trapped passenger; dense fog; temple road,FIRE,4
"It's, um, Heavy dust storm is making the situation worse near Highway Toll Plaza. There is a urban flooding. Traffic is building up. People are moving away.",highway toll plaza; dust storm; urban flooding,FLOOD,2
Oh my god! Heavy stormy weather is making the situation worse near Airport Junction. There is a cyclone damage. The incident happened around noon. Visibility is poor.,stormy weather; airport junction; cyclone damage,CYCLONE,3
911? I am near Dam Road and there has been a road blockage. The road is affected and I can see toxic fumes. Visibility is poor.,road blockage; dam road; toxic fumes,RESCUE,2
Oh my god! Caller reports a flash flood at Airport Road. There is blocked road. Traffic is building up. What do I do?!,airport road; blocked road; flash flood,FLOOD,2
There's... I am near Bus Depot and there has been a urban flooding. The road is affected and I can see unstable structure.,unstable structure; urban flooding; bus depot,FLOOD,3
The caller says there is a cold exposure at Railway Station. Send someone now!,railway station; cold exposure; caller,MEDICAL,2
We have a landslide near Eastern Bypass. It happened around noon.,eastern bypass; landslide; happened,RESCUE,2
Ahhh! The caller says there is a electrical accident at Western Expressway. The weather is dense fog. The weather is dense fog. Send someone now!,electrical accident; dense fog; western expressway,FIRE,1
I think there has been a storm damage near Dam Road. a trapped passenger. Visibility is poor.,a trapped passenger; storm damage; dam road,CYCLONE,5
Ahhh! Caller reports a chemical spill at Bus Terminal. There is gas leak.,chemical spill; gas leak; bus terminal,HAZMAT,3
"It's, um, Oh my god! I think there has been a warehouse fire near City Center. one injured person. The incident happened just now. Send someone now!",one injured person; city center; warehouse fire,FIRE,3
Please send help to Outer Ring Road. We have a earthquake damage involving a container truck.,outer ring road; container truck; earthquake damage,RESCUE,5
"I... I don't know, Help! Please send help to Temple Road. We have a heat emergency involving a car. The weather is heavy rain. The weather is heavy rain.",temple road; heavy rain; heat emergency,MEDICAL,1
911? There has been a fuel leak near Industrial Gate. I can see a sedan involved and a trapped passenger. Visibility is poor. People are moving away.,a trapped passenger; industrial gate; fuel leak,HAZMAT,4
"I... I don't know, Ahhh! Reports are coming in from Temple Road about a building collapse. There is blocked road.",blocked road; building collapse; temple road,RESCUE,4
We have a train derailment near Central Flyover. It happened early this morning.,central flyover; train derailment; happened,CRASH,4
There's... 911? A driver says there is a urban flooding near Commercial Street. They noticed fire. Traffic is building up. Please hurry!,urban flooding; commercial street; driver,FLOOD,2
We have a explosion near Airport Junction. It happened about ten minutes ago. People are moving away. What do I do?!,airport junction; explosion; happened,RESCUE,4
Caller reports a gas leak at Market Road. There is chemical fumes. The weather is wet roads. Please hurry!,wet roads; gas leak; market road,HAZMAT,2
"It's, um, Ahhh! I think there has been a medical emergency near Railway Yard. a seriously injured driver. People are moving away.",a seriously injured driver; railway yard; medical emergency,MEDICAL,3
"I... I don't know, Ahhh! The caller says there is a vehicle collision at Harbor Area. A driver is waiting. People are moving away.",vehicle collision; harbor area; driver,CRASH,2
Help! A security guard says there is a cyclone damage near City Hospital. They noticed gas leak. The incident happened a few minutes ago. Visibility is poor. What do I do?!,city hospital; cyclone damage; security guard,CYCLONE,2
Oh my god! Reports are coming in from South Flyover about a railway accident. There is gas leak. Please hurry!,railway accident; gas leak; south flyover,CRASH,3
"I... I don't know, Please hurry! Reports are coming in from Industrial Area about a explosion. There is diesel leak. The incident happened just now. A worker is waiting. Send someone now!",industrial area; diesel leak; explosion,RESCUE,4
Oh my god! A worker says there is a missing person near Central Flyover. They noticed fallen tree.,fallen tree; missing person; central flyover,RESCUE,1
There's... Help! I am near Airport Road and there has been a vehicle collision. The road is affected and I can see live electrical wires. What do I do?!,live electrical wires; airport road; vehicle collision,CRASH,1
Reports are coming in from Factory Road about a storm damage. There is toxic fumes. People are moving away. What do I do?!,storm damage; factory road; toxic fumes,CYCLONE,3
"Wait, yes, Caller reports a earthquake damage at Highway Toll Plaza. There is fallen tree. The weather is continuous rainfall. Traffic is building up. Please hurry!",highway toll plaza; fallen tree; earthquake damage,RESCUE,4
Caller reports a train derailment at Industrial Area. There is unstable structure. A driver is waiting.,industrial area; unstable structure; train derailment,CRASH,4
I think there has been a missing person near Shopping District. a seriously injured driver. People are moving away.,a seriously injured driver; missing person; shopping district,RESCUE,2
Ahhh! We have a dam overflow near Airport Road. It happened about ten minutes ago. Please hurry!,airport road; dam overflow; ahhh,FLOOD,1
"It's, um, Please send help to Coastal Road. We have a car rollover involving a tanker. A worker is waiting. People are moving away.",coastal road; car rollover; tanker,CRASH,2
There's... Please hurry! We have a lightning strike near Factory Road. It happened about ten minutes ago. Traffic is building up. Traffic is building up.,lightning strike; factory road; theres,CYCLONE,1
911? The caller says there is a motorcycle accident at Old Railway Crossing.,old railway crossing; motorcycle accident; caller,CRASH,1
"Wait, yes, Please hurry! We have a gas leak near Shopping District. It happened late last night.",gas leak; shopping district; wait,HAZMAT,3
There has been a railway accident near South Flyover. I can see a fuel tanker involved and a seriously injured driver. The incident happened early this morning.,a seriously injured driver; railway accident; south flyover,CRASH,2
"It's, um, I am near City Center and there has been a train derailment. The road is affected and I can see fire. Please hurry!",city center; train derailment; fire,CRASH,5
The caller says there is a building collapse at Central Flyover.,central flyover; building collapse; caller,RESCUE,4
"Wait, yes, Help! I think there has been a evacuation near Bus Terminal. a trapped passenger. The incident happened during rush hour. What do I do?!",a trapped passenger; bus terminal; evacuation,RESCUE,5
Ahhh! Reports are coming in from Railway Yard about a stampede. There is toxic fumes. The weather is dust storm.,railway yard; dust storm; toxic fumes,RESCUE,2
Please send help to Harbor Area. We have a train derailment involving a ambulance. A worker is waiting.,harbor area; train derailment; worker,CRASH,5
Please send help to Industrial Area. We have a factory fire involving a sedan.,industrial area; factory fire; sedan,FIRE,3
Oh my god! A construction worker says there is a electrical accident near Station Road. They noticed blocked road. A construction worker is waiting.,electrical accident; blocked road; construction worker,FIRE,1
Ahhh! The caller says there is a medical emergency at South Flyover.,south flyover; medical emergency; ahhh,MEDICAL,2
"Wait, yes, There has been a crowd emergency near Outer Ring Road. I can see a tanker involved and an unconscious person.",an unconscious person; outer ring road; crowd emergency,RESCUE,5
Help! I think there has been a truck accident near Railway Station. a seriously injured driver.,a seriously injured driver; railway station; truck accident,CRASH,3
"I... I don't know, A cyclist says there is a motorcycle accident near River Bridge. They noticed rising water. Send someone now!",rising water; river bridge; motorcycle accident,CRASH,2
There's... Reports are coming in from Railway Station about a wildfire. There is blocked road. Visibility is poor. People are moving away. Send someone now!,blocked road; railway station; wildfire,FIRE,3
Heavy dust storm is making the situation worse near Central Market. There is a cold exposure. People are moving away. Visibility is poor.,dust storm; cold exposure; central market,MEDICAL,2
Oh my god! The caller says there is a aircraft emergency at Port Entrance. The incident happened around noon. People are moving away. What do I do?!,port entrance; aircraft emergency; caller,CRASH,1
Caller reports a forest fire at Railway Station. There is live electrical wires. People are moving away. A elderly person is waiting.,live electrical wires; railway station; elderly person,FIRE,3
Oh my god! Reports are coming in from Railway Station about a fallen tree. There is rising water. Visibility is poor.,fallen tree; railway station; rising water,RESCUE,1
"It's, um, Help! We have a lightning strike near Residential Block. It happened a few minutes ago. Traffic is building up. The incident happened a few minutes ago.",lightning strike; residential block; help,CYCLONE,2
"I... I don't know, I think there has been a fuel leak near Railway Station. people with minor injuries. Traffic is building up. People are moving away.",people with minor injuries; railway station; fuel leak,HAZMAT,3
Please send help to Main Highway. We have a boat accident involving a school bus. The incident happened around midnight. A cyclist is waiting.,school bus; main highway; boat accident,CRASH,2
"It's, um, Ahhh! Please send help to City Center. We have a chemical spill involving a sedan.",city center; chemical spill; sedan,HAZMAT,2
Heavy dense fog is making the situation worse near Tunnel Entrance. There is a factory fire. The weather is dense fog. A elderly person is waiting.,dense fog; elderly person; tunnel entrance,FIRE,3
"Wait, yes, Ahhh! Caller reports a car rollover at Ring Road. There is smoke. People are moving away.",ring road; car rollover; smoke,CRASH,1
There's... Please hurry! Please send help to Factory Road. We have a cold exposure involving a truck.,cold exposure; factory road; truck,MEDICAL,1
Oh my god! Please send help to Highway Toll Plaza. We have a severe rainfall involving a fuel tanker. The incident happened around midnight. Please hurry!,highway toll plaza; severe rainfall; fuel tanker,CYCLONE,2
Caller reports a warehouse fire at City Hospital. There is chemical fumes. Traffic is building up. Send someone now!,city hospital; chemical fumes; warehouse fire,FIRE,3
Heavy thunderstorm is making the situation worse near Airport Road. There is a missing person. People are moving away.,airport road; missing person; thunderstorm,RESCUE,2
Help! I am near City Center and there has been a drowning. The road is affected and I can see blocked road. The incident happened this afternoon.,city center; blocked road; drowning,RESCUE,4
Reports are coming in from Riverbank about a explosion. There is toxic fumes. A shopkeeper is waiting. People are moving away.,toxic fumes; riverbank; explosion,RESCUE,5
Reports are coming in from Industrial Area about a crowd emergency. There is debris. People are moving away. Please hurry!,industrial area; crowd emergency; debris,RESCUE,1
There's... We have a urban flooding near Factory Road. It happened around noon. Visibility is poor. Please hurry!,urban flooding; factory road; theres,FLOOD,2
I am near Airport Road and there has been a evacuation. The road is affected and I can see debris.,airport road; debris; evacuation,RESCUE,1
There's... I am near Airport Road and there has been a boat accident. The road is affected and I can see toxic fumes. People are moving away. The incident happened just now.,boat accident; airport road; toxic fumes,CRASH,2
911? There has been a railway accident near River Bridge. I can see a train involved and an unconscious person. People are moving away. Visibility is poor.,an unconscious person; railway accident; river bridge,CRASH,5
Help! We have a car rollover near Commercial Street. It happened early this morning. A pedestrian is waiting.,commercial street; car rollover; pedestrian,CRASH,1
Reports are coming in from Industrial Area about a explosion. There is fire. Visibility is poor.,industrial area; explosion; fire,RESCUE,4
I think there has been a fuel leak near Tunnel Entrance. a seriously injured driver. Visibility is poor. A elderly person is waiting.,a seriously injured driver; fuel leak; elderly person,HAZMAT,3
"Wait, yes, I think there has been a vehicle collision near North Underpass. three injured passengers. Visibility is poor. The weather is stormy weather.",three injured passengers; stormy weather; north underpass,CRASH,3
Oh my god! There has been a car rollover near Central Market. I can see a school bus involved and two injured people.,two injured people; school bus; central market,CRASH,2
Reports are coming in from Old Bridge about a vehicle collision. There is fuel leak.,old bridge; vehicle collision; fuel leak,CRASH,2
Ahhh! The caller says there is a industrial accident at Industrial Gate.,industrial gate; industrial accident; ahhh,MEDICAL,2
Help! A passenger says there is a fuel leak near Warehouse District. They noticed broken glass. Please hurry!,broken glass; fuel leak; warehouse district,HAZMAT,2
Oh my god! There has been a building fire near Industrial Gate. I can see a ambulance involved and people with minor injuries. Visibility is poor.,people with minor injuries; industrial gate; building fire,FIRE,3
"Wait, yes, Please hurry! Heavy strong winds is making the situation worse near Factory Road. There is a dam overflow. A construction worker is waiting.",construction worker; strong winds; dam overflow,FLOOD,1
There has been a storm damage near Highway Toll Plaza. I can see a tanker involved and multiple casualties. Send someone now!,highway toll plaza; storm damage; multiple casualties,CYCLONE,4
A worker says there is a fuel leak near Bus Terminal. They noticed oil spill. What do I do?!,oil spill; fuel leak; bus terminal,HAZMAT,2
"Wait, yes, I am near Warehouse District and there has been a fuel leak. The road is affected and I can see fuel leak. The weather is dense fog.",dense fog; fuel leak; warehouse district,HAZMAT,2
"It's, um, A security guard says there is a power line failure near Factory Road. They noticed unstable structure. Visibility is poor. Visibility is poor. Send someone now!",power line failure; unstable structure; security guard,HAZMAT,1
"It's, um, The caller says there is a power line failure at Central Flyover.",power line failure; central flyover; caller,HAZMAT,2
Please send help to Industrial Gate. We have a building fire involving a ambulance. Visibility is poor. Visibility is poor.,industrial gate; building fire; ambulance,FIRE,3
Caller reports a car rollover at Forest Checkpoint. There is broken glass. What do I do?!,broken glass; car rollover; forest checkpoint,CRASH,1
Oh my god! I think there has been a industrial accident near Factory Road. an injured child. The weather is stormy weather.,an injured child; stormy weather; industrial accident,MEDICAL,3
There's... Help! Heavy strong winds is making the situation worse near Forest Checkpoint. There is a electrical accident. The weather is strong winds.,electrical accident; strong winds; forest checkpoint,FIRE,1
Oh my god! I am near Railway Yard and there has been a evacuation. The road is affected and I can see toxic fumes.,railway yard; toxic fumes; evacuation,RESCUE,2
Oh my god! Caller reports a railway accident at Western Expressway. There is fallen tree. A cyclist is waiting.,railway accident; fallen tree; western expressway,CRASH,2
"Wait, yes, Please hurry! Caller reports a building collapse at Dam Road. There is chemical fumes. Visibility is poor. A pedestrian is waiting. What do I do?!",building collapse; chemical fumes; dam road,RESCUE,4
Reports are coming in from College Road about a vehicle collision. There is rising water. People are moving away. Visibility is poor.,vehicle collision; rising water; college road,CRASH,1
"Wait, yes, Please hurry! Please send help to Highway Toll Plaza. We have a lightning strike involving a bus. The incident happened a few minutes ago.",highway toll plaza; lightning strike; bus,CYCLONE,2
I think there has been a boat accident near Port Entrance. a trapped passenger. People are moving away. A shopkeeper is waiting. Please hurry!,a trapped passenger; boat accident; port entrance,CRASH,5
911? Please send help to Commercial Street. We have a evacuation involving a container truck. Traffic is building up. The weather is strong winds.,container truck; strong winds; commercial street,RESCUE,1
Help! Reports are coming in from Western Expressway about a vehicle collision. There is chemical fumes.,vehicle collision; chemical fumes; western expressway,CRASH,1
A resident says there is a building fire near Industrial Gate. They noticed fuel leak. A resident is waiting. Visibility is poor. Please hurry!,industrial gate; fuel leak; building fire,FIRE,3
There has been a industrial accident near Old Bridge. I can see a SUV involved and one injured person. Traffic is building up. People are moving away. What do I do?!,one injured person; old bridge; industrial accident,MEDICAL,2
A elderly person says there is a motorcycle accident near Eastern Bypass. They noticed fuel leak.,fuel leak; elderly person; motorcycle accident,CRASH,2
"Wait, yes, The caller says there is a landslide at City Center.",city center; landslide; wait,RESCUE,2
Please send help to Forest Checkpoint. We have a motorcycle accident involving a school bus.,school bus; motorcycle accident; forest checkpoint,CRASH,1
"I... I don't know, Help! Caller reports a building fire at Riverbank. There is unstable structure.",unstable structure; building fire; riverbank,FIRE,3
Help! Heavy strong winds is making the situation worse near Highway Toll Plaza. There is a building fire. The weather is strong winds.,highway toll plaza; strong winds; building fire,FIRE,3
There's... Oh my god! Heavy heavy rain is making the situation worse near Airport Junction. There is a wildfire. Please hurry!,airport junction; heavy rain; wildfire,FIRE,3
A cyclist says there is a warehouse fire near Harbor Area. They noticed smoke. A cyclist is waiting. A cyclist is waiting. Please hurry!,warehouse fire; harbor area; cyclist,FIRE,2
"Wait, yes, Ahhh! Please send help to Market Road. We have a electrical accident involving a sedan. Traffic is building up.",electrical accident; market road; sedan,FIRE,1
Help! The caller says there is a power line failure at Railway Yard. The weather is wet roads. Traffic is building up.,power line failure; railway yard; wet roads,HAZMAT,2
"It's, um, Reports are coming in from Underpass about a vehicle collision. There is debris. Traffic is building up. A shopkeeper is waiting.",vehicle collision; debris; shopkeeper,CRASH,1
There's... I think there has been a bus crash near Commercial Street. a trapped passenger. Please hurry!,a trapped passenger; bus crash; commercial street,CRASH,4
"Wait, yes, Please hurry! Caller reports a bridge damage at Old Railway Crossing. There is rising water. People are moving away. The incident happened during rush hour. Please hurry!",old railway crossing; rising water; bridge damage,RESCUE,1
Heavy dust storm is making the situation worse near South Flyover. There is a missing person. The weather is dust storm. Visibility is poor. Send someone now!,dust storm; missing person; south flyover,RESCUE,2
Ahhh! There has been a fuel leak near Shopping District. I can see a fuel tanker involved and a trapped passenger. People are moving away. The incident happened early this morning.,a trapped passenger; fuel leak; fuel tanker,HAZMAT,4
I think there has been a medical emergency near Old Bridge. several injured people. Visibility is poor. A resident is waiting. What do I do?!,several injured people; old bridge; medical emergency,MEDICAL,2
Ahhh! Reports are coming in from Bus Depot about a factory fire. There is fallen tree. The incident happened during rush hour. Traffic is building up.,fallen tree; bus depot; factory fire,FIRE,3
There's... I am near Factory Road and there has been a road blockage. The road is affected and I can see blocked road. People are moving away. A child is waiting. Send someone now!,blocked road; road blockage; factory road,RESCUE,2
Oh my god! We have a hazardous material incident near Temple Road. It happened before sunrise. Please hurry!,hazardous material incident; temple road; happened,HAZMAT,1
Oh my god! Caller reports a crowd emergency at Riverbank. There is live electrical wires. A driver is waiting. What do I do?!,live electrical wires; crowd emergency; driver,RESCUE,1
"It's, um, Help! Caller reports a road blockage at Tunnel Entrance. There is broken glass. A child is waiting. People are moving away.",broken glass; road blockage; tunnel entrance,RESCUE,2
"It's, um, A security guard says there is a vehicle collision near Railway Yard. They noticed broken glass. A security guard is waiting. Send someone now!",broken glass; railway yard; vehicle collision,CRASH,1
A cyclist says there is a train derailment near Underpass. They noticed fire. People are moving away.,train derailment; cyclist; fire,CRASH,5
"Wait, yes, Ahhh! Heavy lightning is making the situation worse near River Bridge. There is a industrial accident. Send someone now!",river bridge; industrial accident; lightning,MEDICAL,1
"It's, um, There has been a car rollover near Dam Road. I can see a delivery vehicle involved and people with minor injuries. The incident happened around noon. Please hurry!",people with minor injuries; delivery vehicle; dam road,CRASH,1
I am near Industrial Area and there has been a severe rainfall. The road is affected and I can see debris. The weather is poor visibility.,industrial area; severe rainfall; poor visibility,CYCLONE,1
Oh my god! The caller says there is a train derailment at Old Bridge.,old bridge; train derailment; caller,CRASH,4
Oh my god! Please send help to Bus Depot. We have a stampede involving a SUV.,bus depot; stampede; suv,RESCUE,2
There's... Ahhh! There has been a explosion near Dam Road. I can see a train involved and two injured people. Visibility is poor. Send someone now!,two injured people; dam road; train,RESCUE,5
"It's, um, A worker says there is a gas leak near Ring Road. They noticed debris. Please hurry!",ring road; gas leak; debris,HAZMAT,2
"I... I don't know, 911? We have a building collapse near Market Road. It happened during rush hour. Traffic is building up. Traffic is building up.",building collapse; market road; dont,RESCUE,5
There's... Help! A security guard says there is a evacuation near Industrial Area. They noticed unstable structure.,industrial area; unstable structure; security guard,RESCUE,1
"It's, um, I think there has been a electrical accident near Shopping District. one injured person. People are moving away. The weather is extreme heat.",one injured person; electrical accident; extreme heat,FIRE,2
"It's, um, Please hurry! Caller reports a train derailment at Old Bridge. There is fuel leak. Visibility is poor. People are moving away. What do I do?!",old bridge; fuel leak; train derailment,CRASH,5
911? I am near Railway Yard and there has been a road blockage. The road is affected and I can see chemical fumes. Traffic is building up. Traffic is building up. Send someone now!,railway yard; road blockage; chemical fumes,RESCUE,1
Heavy cold weather is making the situation worse near Outer Ring Road. There is a missing person. The weather is cold weather. A security guard is waiting. What do I do?!,outer ring road; cold weather; missing person,RESCUE,1
A cyclist says there is a explosion near Underpass. They noticed diesel leak.,diesel leak; cyclist; explosion,RESCUE,5
"It's, um, Ahhh! A cyclist says there is a cyclone damage near Commercial Street. They noticed fuel leak. The incident happened during rush hour. A cyclist is waiting.",cyclone damage; fuel leak; commercial street,CYCLONE,3
We have a crowd emergency near Bus Depot. It happened around noon. People are moving away.,crowd emergency; bus depot; happened,RESCUE,1
911? Caller reports a earthquake damage at Western Expressway. There is broken glass.,broken glass; earthquake damage; western expressway,RESCUE,4
Ahhh! I am near Dam Road and there has been a motorcycle accident. The road is affected and I can see toxic fumes.,motorcycle accident; dam road; toxic fumes,CRASH,1
There has been a cyclone damage near Coastal Road. I can see a bus involved and a trapped passenger. Visibility is poor. Visibility is poor. Please hurry!,a trapped passenger; cyclone damage; coastal road,CYCLONE,4
There has been a evacuation near City Hospital. I can see a tanker involved and an injured child. A pedestrian is waiting. A pedestrian is waiting.,an injured child; city hospital; tanker,RESCUE,3
"I... I don't know, Ahhh! I think there has been a medical emergency near Underpass. a seriously injured driver. Please hurry!",a seriously injured driver; medical emergency; underpass,MEDICAL,3
Reports are coming in from Eastern Bypass about a vehicle collision. There is chemical fumes. People are moving away. People are moving away.,vehicle collision; chemical fumes; eastern bypass,CRASH,2
Please hurry! Heavy heavy rain is making the situation worse near Station Road. There is a dam overflow.,heavy rain; dam overflow; station road,FLOOD,1
Oh my god! Reports are coming in from Temple Road about a cold exposure. There is fire. A child is waiting. Send someone now!,temple road; cold exposure; child,MEDICAL,2
A cyclist says there is a cyclone damage near Bus Terminal. They noticed fallen tree. The weather is strong winds. Visibility is poor.,fallen tree; cyclone damage; strong winds,CYCLONE,1
911? A elderly person says there is a explosion near Station Road. They noticed gas leak.,elderly person; gas leak; station road,RESCUE,5
"Wait, yes, Ahhh! Caller reports a landslide at Temple Road. There is fallen tree. The weather is heavy rain. People are moving away.",fallen tree; temple road; heavy rain,RESCUE,1
Oh my god! I am near Railway Yard and there has been a fuel leak. The road is affected and I can see fire. The weather is lightning.,railway yard; fuel leak; lightning,HAZMAT,2
"It's, um, 911? Heavy wet roads is making the situation worse near Eastern Bypass. There is a storm damage. The incident happened late last night. Send someone now!",storm damage; wet roads; eastern bypass,CYCLONE,3
"It's, um, Oh my god! Please send help to Central Market. We have a vehicle collision involving a tanker. The weather is heavy rain. What do I do?!",vehicle collision; heavy rain; central market,CRASH,1
Ahhh! There has been a storm damage near Airport Road. I can see a train involved and people with minor injuries. Please hurry!,people with minor injuries; storm damage; airport road,CYCLONE,2
911? Please send help to Railway Yard. We have a storm damage involving a car.,storm damage; railway yard; car,CYCLONE,2
A worker says there is a earthquake damage near Factory Road. They noticed diesel leak. Traffic is building up. Send someone now!,earthquake damage; diesel leak; factory road,RESCUE,5
"Wait, yes, Caller reports a road blockage at Underpass. There is smoke. The incident happened just now. Visibility is poor. Send someone now!",road blockage; underpass; smoke,RESCUE,1
The caller says there is a chemical spill at City Center. Visibility is poor.,city center; chemical spill; caller,HAZMAT,2
We have a factory fire near Underpass. It happened around noon. What do I do?!,factory fire; underpass; happened,FIRE,2
We have a electrical accident near Residential Block. It happened a few minutes ago. A elderly person is waiting. The weather is thunderstorm.,electrical accident; elderly person; residential block,FIRE,2
Help! I think there has been a cyclone damage near Factory Road. a seriously injured driver. A child is waiting. What do I do?!,a seriously injured driver; cyclone damage; factory road,CYCLONE,3
Heavy strong winds is making the situation worse near South Flyover. There is a drowning.,strong winds; south flyover; drowning,RESCUE,5
I think there has been a motorcycle accident near Factory Road. several injured people.,several injured people; motorcycle accident; factory road,CRASH,2
Ahhh! There has been a medical emergency near Market Road. I can see a fuel tanker involved and a trapped passenger.,a trapped passenger; market road; fuel tanker,MEDICAL,4
Ahhh! I am near Residential Block and there has been a chemical spill. The road is affected and I can see broken glass. Traffic is building up. What do I do?!,broken glass; chemical spill; residential block,HAZMAT,2
Please hurry! Reports are coming in from Central Market about a bus crash. There is debris. People are moving away.,bus crash; central market; debris,CRASH,2
Ahhh! Caller reports a heat emergency at Station Road. There is oil spill.,oil spill; station road; heat emergency,MEDICAL,3
"Wait, yes, Ahhh! I think there has been a boat accident near Port Entrance. a seriously injured driver.",a seriously injured driver; boat accident; port entrance,CRASH,3
Caller reports a motorcycle accident at Temple Road. There is live electrical wires. A security guard is waiting.,live electrical wires; temple road; security guard,CRASH,2
I am near Industrial Area and there has been a hazardous material incident. The road is affected and I can see oil spill. The weather is extreme heat.,hazardous material incident; industrial area; extreme heat,HAZMAT,2
Caller reports a car rollover at Riverbank. There is fallen tree. People are moving away.,fallen tree; car rollover; riverbank,CRASH,2
Please hurry! There has been a urban flooding near Central Flyover. I can see a ambulance involved and multiple casualties. People are moving away. Traffic is building up. Please hurry!,central flyover; multiple casualties; urban flooding,FLOOD,5
There's... Please hurry! A elderly person says there is a railway accident near Dam Road. They noticed oil spill. People are moving away. People are moving away.,railway accident; oil spill; elderly person,CRASH,3
Heavy dense fog is making the situation worse near Bus Depot. There is a factory fire. The incident happened before sunrise. Visibility is poor.,dense fog; bus depot; factory fire,FIRE,3
There has been a wildfire near Forest Checkpoint. I can see a container truck involved and a trapped passenger. The weather is wet roads. Visibility is poor.,a trapped passenger; container truck; wet roads,FIRE,5
911? We have a flash flood near Industrial Area. It happened around midnight.,industrial area; flash flood; happened,FLOOD,2
"It's, um, We have a fuel leak near Outer Ring Road. It happened before sunrise. A construction worker is waiting.",outer ring road; construction worker; fuel leak,HAZMAT,3
Heavy poor visibility is making the situation worse near City Hospital. There is a bus crash. The weather is poor visibility. The weather is poor visibility. Send someone now!,city hospital; poor visibility; bus crash,CRASH,3
"I... I don't know, We have a urban flooding near College Road. It happened before sunrise. The weather is poor visibility. The incident happened before sunrise.",poor visibility; urban flooding; college road,FLOOD,3
"I... I don't know, A cyclist says there is a gas leak near City Center. They noticed chemical fumes.",city center; gas leak; chemical fumes,HAZMAT,3
We have a earthquake damage near North Underpass. It happened about half an hour ago. People are moving away. Please hurry!,north underpass; earthquake damage; happened,RESCUE,4
"Wait, yes, The caller says there is a crowd emergency at College Road. The weather is cold weather. Send someone now!",cold weather; crowd emergency; college road,RESCUE,2
911? I think there has been a train derailment near Central Market. one injured person. Traffic is building up.,one injured person; central market; train derailment,CRASH,4
Oh my god! Please send help to Industrial Gate. We have a medical emergency involving a car. People are moving away. Traffic is building up.,industrial gate; medical emergency; car,MEDICAL,2
"Wait, yes, Ahhh! Reports are coming in from Commercial Street about a dam overflow. There is debris. Visibility is poor. Visibility is poor.",commercial street; dam overflow; debris,FLOOD,2
"Wait, yes, I think there has been a railway accident near Ring Road. several injured people. A security guard is waiting. Send someone now!",several injured people; ring road; railway accident,CRASH,2
Please send help to Main Highway. We have a storm damage involving a train.,main highway; storm damage; train,CYCLONE,3
We have a fuel leak near City Hospital. It happened around noon. A resident is waiting. Traffic is building up.,city hospital; fuel leak; resident,HAZMAT,3
Reports are coming in from Industrial Area about a bridge damage. There is rising water. Send someone now!,industrial area; rising water; bridge damage,RESCUE,2
"Wait, yes, Please send help to Main Highway. We have a missing person involving a delivery vehicle. Traffic is building up.",main highway; missing person; delivery vehicle,RESCUE,2
There's... Ahhh! The caller says there is a industrial accident at Tunnel Entrance.,industrial accident; tunnel entrance; theres,MEDICAL,2
I think there has been a motorcycle accident near Railway Yard. three injured passengers. A passenger is waiting.,three injured passengers; railway yard; motorcycle accident,CRASH,3
"It's, um, Please send help to Airport Junction. We have a road blockage involving a tanker. People are moving away.",airport junction; road blockage; tanker,RESCUE,2
The caller says there is a vehicle collision at Central Market.,vehicle collision; central market; caller,CRASH,2
Caller reports a railway accident at Western Expressway. There is oil spill. Visibility is poor. Visibility is poor.,railway accident; oil spill; western expressway,CRASH,2
There has been a stampede near Railway Yard. I can see a school bus involved and several injured people. The weather is heavy rain. People are moving away.,several injured people; school bus; railway yard,RESCUE,3
"It's, um, There has been a electrical accident near Industrial Area. I can see a truck involved and people with minor injuries. Traffic is building up. The incident happened a few minutes ago.",people with minor injuries; industrial area; electrical accident,FIRE,2
There's... Caller reports a urban flooding at Market Road. There is smoke. People are moving away. Visibility is poor.,urban flooding; market road; smoke,FLOOD,3
Heavy continuous rainfall is making the situation worse near Bus Depot. There is a chemical spill. The weather is continuous rainfall. Traffic is building up.,continuous rainfall; chemical spill; bus depot,HAZMAT,3
I am near College Road and there has been a fallen tree. The road is affected and I can see broken glass. Traffic is building up. The incident happened around noon. What do I do?!,broken glass; fallen tree; college road,RESCUE,1
"I... I don't know, We have a chemical spill near Old Bridge. It happened this afternoon. Visibility is poor.",old bridge; chemical spill; dont,HAZMAT,3
The caller says there is a landslide at Western Expressway. People are moving away. What do I do?!,western expressway; landslide; caller,RESCUE,2
Please hurry! Please send help to Industrial Gate. We have a bridge damage involving a truck. Visibility is poor. People are moving away.,industrial gate; bridge damage; truck,RESCUE,1
"Wait, yes, A security guard says there is a landslide near Industrial Gate. They noticed fallen tree. A security guard is waiting. Send someone now!",fallen tree; industrial gate; security guard,RESCUE,1
I am near River Bridge and there has been a industrial accident. The road is affected and I can see live electrical wires. The incident happened just now. The incident happened just now. Send someone now!,live electrical wires; river bridge; industrial accident,MEDICAL,2
There's... Ahhh! A shopkeeper says there is a chemical spill near Station Road. They noticed oil spill. People are moving away. Send someone now!,oil spill; chemical spill; station road,HAZMAT,2
Help! A elderly person says there is a chemical spill near South Flyover. They noticed fire. What do I do?!,elderly person; chemical spill; south flyover,HAZMAT,2
Please hurry! Heavy poor visibility is making the situation worse near Railway Yard. There is a electrical accident. People are moving away. Please hurry!,electrical accident; railway yard; poor visibility,FIRE,2
There has been a flash flood near Commercial Street. I can see a van involved and a trapped passenger. The incident happened this afternoon.,a trapped passenger; commercial street; flash flood,FLOOD,4
I think there has been a heat emergency near Central Market. an unconscious person.,an unconscious person; central market; heat emergency,MEDICAL,5
Oh my god! We have a bridge damage near Airport Road. It happened during rush hour. What do I do?!,airport road; bridge damage; happened,RESCUE,1
Oh my god! The caller says there is a aircraft emergency at Eastern Bypass. The incident happened just now. People are moving away.,aircraft emergency; eastern bypass; caller,CRASH,1
There has been a fallen tree near Ring Road. I can see a school bus involved and an injured child. Visibility is poor.,an injured child; ring road; school bus,RESCUE,2
Heavy thunderstorm is making the situation worse near South Flyover. There is a heat emergency. People are moving away. The weather is thunderstorm.,south flyover; heat emergency; thunderstorm,MEDICAL,3
911? Please send help to Airport Junction. We have a cold exposure involving a fuel tanker. People are moving away. The weather is dust storm.,airport junction; dust storm; fuel tanker,MEDICAL,2
Please hurry! Please send help to North Underpass. We have a evacuation involving a sedan. The incident happened about half an hour ago.,north underpass; sedan; evacuation,RESCUE,2
"Wait, yes, Oh my god! Heavy wet roads is making the situation worse near Port Entrance. There is a landslide. Visibility is poor.",port entrance; wet roads; landslide,RESCUE,2
"I... I don't know, There has been a dam overflow near Western Expressway. I can see a container truck involved and several injured people.",several injured people; container truck; western expressway,FLOOD,3
"It's, um, Reports are coming in from Underpass about a storm damage. There is smoke. People are moving away. Visibility is poor. Please hurry!",storm damage; underpass; smoke,CYCLONE,3
"I... I don't know, Please hurry! I am near Station Road and there has been a road blockage. The road is affected and I can see rising water. The incident happened early this morning.",rising water; road blockage; station road,RESCUE,1
"It's, um, A shopkeeper says there is a wildfire near North Underpass. They noticed debris. Traffic is building up. Send someone now!",north underpass; wildfire; debris,FIRE,2
"It's, um, Help! The caller says there is a lightning strike at North Underpass. The incident happened about ten minutes ago.",lightning strike; north underpass; help,CYCLONE,2
There's... 911? I am near Railway Yard and there has been a building collapse. The road is affected and I can see live electrical wires. Traffic is building up.,live electrical wires; railway yard; building collapse,RESCUE,4
Heavy dust storm is making the situation worse near Shopping District. There is a hazardous material incident. Visibility is poor. The weather is dust storm.,hazardous material incident; dust storm; shopping district,HAZMAT,2
"Wait, yes, Heavy continuous rainfall is making the situation worse near Harbor Area. There is a car rollover. Please hurry!",continuous rainfall; harbor area; car rollover,CRASH,1
"It's, um, Please hurry! We have a building collapse near Bus Depot. It happened early this morning. The incident happened early this morning. A driver is waiting. Send someone now!",building collapse; bus depot; driver,RESCUE,4
Caller reports a hazardous material incident at Warehouse District. There is broken glass. A pedestrian is waiting. People are moving away.,hazardous material incident; broken glass; warehouse district,HAZMAT,2
Oh my god! Heavy heavy rain is making the situation worse near Highway Toll Plaza. There is a stampede. Send someone now!,highway toll plaza; heavy rain; stampede,RESCUE,1
Reports are coming in from Market Road about a landslide. There is debris. Visibility is poor.,market road; debris; landslide,RESCUE,1
Help! Heavy thunderstorm is making the situation worse near Industrial Area. There is a railway accident. Send someone now!,railway accident; industrial area; thunderstorm,CRASH,3
The caller says there is a crowd emergency at Residential Block. A passenger is waiting.,crowd emergency; residential block; passenger,RESCUE,2
"Wait, yes, We have a dam overflow near City Center. It happened before sunrise. The incident happened before sunrise. Please hurry!",city center; dam overflow; wait,FLOOD,1
Heavy continuous rainfall is making the situation worse near Factory Road. There is a explosion. People are moving away. People are moving away.,continuous rainfall; factory road; explosion,RESCUE,4
Caller reports a earthquake damage at South Flyover. There is oil spill. The incident happened early this morning.,oil spill; earthquake damage; south flyover,RESCUE,5
Oh my god! Caller reports a severe rainfall at Dam Road. There is rising water.,severe rainfall; rising water; dam road,CYCLONE,2
There's... Please send help to Highway Toll Plaza. We have a fallen tree involving a school bus. The weather is continuous rainfall. The weather is continuous rainfall. Send someone now!,highway toll plaza; school bus; fallen tree,RESCUE,2
Oh my god! The caller says there is a building fire at Temple Road. A child is waiting.,temple road; building fire; child,FIRE,3
Oh my god! There has been a hazardous material incident near Port Entrance. I can see a bus involved and three injured passengers. The incident happened late last night.,three injured passengers; hazardous material incident; port entrance,HAZMAT,2
There has been a car rollover near Residential Block. I can see a tanker involved and several injured people. Please hurry!,several injured people; residential block; car rollover,CRASH,3
Caller reports a aircraft emergency at Airport Road. There is oil spill.,airport road; oil spill; aircraft emergency,CRASH,3
"Wait, yes, I am near Industrial Area and there has been a cyclone damage. The road is affected and I can see toxic fumes. Visibility is poor. A worker is waiting.",industrial area; cyclone damage; toxic fumes,CYCLONE,2
"I... I don't know, Ahhh! We have a severe rainfall near City Hospital. It happened late last night. The weather is poor visibility. The weather is poor visibility.",city hospital; severe rainfall; poor visibility,CYCLONE,1
"It's, um, Oh my god! We have a train derailment near North Underpass. It happened around midnight. A construction worker is waiting.",north underpass; construction worker; train derailment,CRASH,5
"It's, um, 911? I think there has been a stampede near Station Road. a seriously injured driver. Traffic is building up.",a seriously injured driver; station road; stampede,RESCUE,3
Help! I think there has been a electrical accident near Bus Terminal. an injured child. The incident happened late last night.,an injured child; electrical accident; bus terminal,FIRE,3
"Wait, yes, Ahhh! I think there has been a wildfire near South Flyover. two injured people. Traffic is building up.",two injured people; south flyover; wildfire,FIRE,3
"Wait, yes, I think there has been a drowning near Central Flyover. one injured person. The weather is poor visibility.",one injured person; central flyover; poor visibility,RESCUE,5
Please send help to Industrial Gate. We have a drowning involving a tanker. A security guard is waiting. Traffic is building up. Please hurry!,industrial gate; security guard; tanker,RESCUE,4
I think there has been a cyclone damage near Bus Depot. three injured passengers. Visibility is poor.,three injured passengers; cyclone damage; bus depot,CYCLONE,2
Please hurry! Heavy wet roads is making the situation worse near Airport Junction. There is a dam overflow.,airport junction; wet roads; dam overflow,FLOOD,2
"I... I don't know, Ahhh! Heavy stormy weather is making the situation worse near Airport Road. There is a cyclone damage. People are moving away. Visibility is poor.",stormy weather; airport road; cyclone damage,CYCLONE,3
Reports are coming in from Eastern Bypass about a road blockage. There is oil spill. Please hurry!,road blockage; oil spill; eastern bypass,RESCUE,2
Oh my god! A elderly person says there is a wildfire near Industrial Gate. They noticed smoke. People are moving away.,industrial gate; elderly person; wildfire,FIRE,3
Reports are coming in from City Hospital about a factory fire. There is live electrical wires. A resident is waiting.,live electrical wires; city hospital; factory fire,FIRE,2
"Wait, yes, Ahhh! Reports are coming in from Warehouse District about a power line failure. There is fuel leak.",power line failure; fuel leak; warehouse district,HAZMAT,3
I think there has been a building collapse near Harbor Area. two injured people. People are moving away. The incident happened just now. Please hurry!,two injured people; building collapse; harbor area,RESCUE,4
"I... I don't know, Caller reports a lightning strike at South Flyover. There is fuel leak. The weather is lightning.",lightning strike; fuel leak; south flyover,CYCLONE,2
There's... I am near Commercial Street and there has been a electrical accident. The road is affected and I can see blocked road. Traffic is building up. What do I do?!,electrical accident; blocked road; commercial street,FIRE,1
There's... Oh my god! Heavy continuous rainfall is making the situation worse near Railway Yard. There is a electrical accident. Send someone now!,electrical accident; railway yard; continuous rainfall,FIRE,1
"It's, um, Oh my god! A construction worker says there is a storm damage near Eastern Bypass. They noticed smoke. The incident happened before sunrise. The weather is extreme heat. Send someone now!",storm damage; extreme heat; construction worker,CYCLONE,2
A passenger says there is a stampede near Airport Junction. They noticed oil spill. The weather is extreme heat. A passenger is waiting. Send someone now!,extreme heat; airport junction; oil spill,RESCUE,3
Please send help to College Road. We have a aircraft emergency involving a van.,aircraft emergency; college road; van,CRASH,1
"I... I don't know, Oh my god! Reports are coming in from Western Expressway about a severe rainfall. There is live electrical wires.",live electrical wires; severe rainfall; western expressway,CYCLONE,1
Ahhh! Reports are coming in from Commercial Street about a warehouse fire. There is oil spill. The weather is thunderstorm. A resident is waiting. Please hurry!,oil spill; commercial street; warehouse fire,FIRE,2
Please hurry! I am near College Road and there has been a hazardous material incident. The road is affected and I can see oil spill. People are moving away.,hazardous material incident; oil spill; college road,HAZMAT,3
"Wait, yes, Oh my god! Heavy stormy weather is making the situation worse near Central Flyover. There is a car rollover. The weather is stormy weather. The incident happened about half an hour ago.",stormy weather; central flyover; car rollover,CRASH,2
A security guard says there is a car rollover near Central Flyover. They noticed fuel leak. People are moving away. The incident happened a few minutes ago.,central flyover; fuel leak; security guard,CRASH,3
There's... We have a railway accident near Bus Terminal. It happened about ten minutes ago. Traffic is building up. Traffic is building up.,railway accident; bus terminal; theres,CRASH,2
I am near Highway Toll Plaza and there has been a boat accident. The road is affected and I can see gas leak. What do I do?!,highway toll plaza; boat accident; gas leak,CRASH,3
911? We have a boat accident near Outer Ring Road. It happened early this morning. The incident happened early this morning.,outer ring road; boat accident; happened,CRASH,2
"I... I don't know, Oh my god! Caller reports a truck accident at Old Railway Crossing. There is rising water. The incident happened about half an hour ago. Please hurry!",old railway crossing; truck accident; rising water,CRASH,2
"I... I don't know, Oh my god! There has been a building collapse near Old Bridge. I can see a container truck involved and multiple casualties. People are moving away. People are moving away.",container truck; old bridge; building collapse,RESCUE,4
We have a road blockage near Railway Station. It happened just now. A worker is waiting. A worker is waiting.,railway station; road blockage; worker,RESCUE,2
There has been a chemical spill near Port Entrance. I can see a truck involved and an injured child. Please hurry!,an injured child; port entrance; chemical spill,HAZMAT,3
There's... There has been a factory fire near South Flyover. I can see a bus involved and two injured people. A shopkeeper is waiting. Send someone now!,two injured people; south flyover; factory fire,FIRE,2
There has been a vehicle collision near Highway Toll Plaza. I can see a tanker involved and an unconscious person. People are moving away. Visibility is poor.,an unconscious person; highway toll plaza; vehicle collision,CRASH,4
Caller reports a aircraft emergency at Central Flyover. There is broken glass. Traffic is building up. Traffic is building up.,broken glass; central flyover; aircraft emergency,CRASH,1
"I... I don't know, 911? There has been a explosion near Eastern Bypass. I can see a train involved and a trapped passenger. A worker is waiting. Send someone now!",a trapped passenger; eastern bypass; train,RESCUE,5
"Wait, yes, Please hurry! I am near Industrial Area and there has been a factory fire. The road is affected and I can see toxic fumes. People are moving away. Visibility is poor. Please hurry!",industrial area; factory fire; toxic fumes,FIRE,3
Please hurry! I think there has been a train derailment near Airport Road. three injured passengers. People are moving away. Visibility is poor.,three injured passengers; airport road; train derailment,CRASH,5
Please send help to Factory Road. We have a missing person involving a school bus. The weather is cold weather.,school bus; cold weather; missing person,RESCUE,1
Ahhh! Please send help to Bus Depot. We have a stampede involving a sedan.,bus depot; sedan; stampede,RESCUE,2
"I... I don't know, Reports are coming in from Tunnel Entrance about a fuel leak. There is gas leak.",fuel leak; gas leak; tunnel entrance,HAZMAT,2
Heavy dense fog is making the situation worse near Old Railway Crossing. There is a chemical spill.,old railway crossing; dense fog; chemical spill,HAZMAT,3
Heavy lightning is making the situation worse near Underpass. There is a crowd emergency. The weather is lightning. People are moving away. Send someone now!,crowd emergency; lightning; underpass,RESCUE,1
Please hurry! We have a drowning near Riverbank. It happened around midnight. Traffic is building up. The incident happened around midnight.,riverbank; drowning; please,RESCUE,4
"I... I don't know, We have a storm damage near City Hospital. It happened early this morning. People are moving away. People are moving away.",storm damage; city hospital; dont,CYCLONE,2
Reports are coming in from Underpass about a fuel leak. There is smoke. A security guard is waiting. The weather is strong winds.,fuel leak; security guard; strong winds,HAZMAT,3
There has been a urban flooding near Forest Checkpoint. I can see a fuel tanker involved and several injured people.,several injured people; urban flooding; fuel tanker,FLOOD,2
A construction worker says there is a boat accident near Ring Road. They noticed smoke.,ring road; boat accident; construction worker,CRASH,2
Please hurry! There has been a fallen tree near Underpass. I can see a motorcycle involved and one injured person.,one injured person; fallen tree; motorcycle,RESCUE,2
"It's, um, Ahhh! A shopkeeper says there is a missing person near Market Road. They noticed fire. The weather is cold weather.",cold weather; missing person; market road,RESCUE,3
Please hurry! Reports are coming in from North Underpass about a boat accident. There is fuel leak. Visibility is poor.,boat accident; north underpass; fuel leak,CRASH,3
There's... Oh my god! I am near Ring Road and there has been a industrial accident. The road is affected and I can see fire. Visibility is poor. The incident happened early this morning.,ring road; industrial accident; fire,MEDICAL,3
Caller reports a aircraft emergency at Central Market. There is unstable structure.,unstable structure; aircraft emergency; central market,CRASH,2
We have a motorcycle accident near Airport Junction. It happened a few minutes ago.,airport junction; motorcycle accident; happened,CRASH,2
There's... Caller reports a urban flooding at Factory Road. There is diesel leak. Traffic is building up. Visibility is poor. What do I do?!,diesel leak; urban flooding; factory road,FLOOD,3
A pedestrian says there is a drowning near Airport Junction. They noticed fire. A pedestrian is waiting. Please hurry!,airport junction; drowning; pedestrian,RESCUE,5
I am near Shopping District and there has been a earthquake damage. The road is affected and I can see broken glass. What do I do?!,broken glass; earthquake damage; shopping district,RESCUE,5
911? The caller says there is a urban flooding at City Hospital.,city hospital; urban flooding; caller,FLOOD,3
911? I think there has been a bridge damage near City Hospital. a seriously injured driver. A driver is waiting.,a seriously injured driver; city hospital; bridge damage,RESCUE,2
Help! Please send help to Main Highway. We have a drowning involving a container truck. What do I do?!,main highway; container truck; drowning,RESCUE,5
"Wait, yes, Heavy extreme heat is making the situation worse near Tunnel Entrance. There is a missing person. People are moving away. A elderly person is waiting. Send someone now!",extreme heat; missing person; elderly person,RESCUE,1
"It's, um, Please hurry! I think there has been a hazardous material incident near City Hospital. an injured child. People are moving away. Send someone now!",an injured child; hazardous material incident; city hospital,HAZMAT,3
"Wait, yes, Please hurry! There has been a industrial accident near Airport Junction. I can see a delivery vehicle involved and an injured child. People are moving away. Visibility is poor. Send someone now!",an injured child; airport junction; industrial accident,MEDICAL,2
We have a train derailment near Highway Toll Plaza. It happened a few minutes ago.,highway toll plaza; train derailment; happened,CRASH,4
911? The caller says there is a boat accident at Coastal Road. The incident happened late last night.,boat accident; coastal road; caller,CRASH,1
911? Heavy cold weather is making the situation worse near Central Flyover. There is a chemical spill. The weather is cold weather. Please hurry!,cold weather; central flyover; chemical spill,HAZMAT,2
There has been a stampede near South Flyover. I can see a train involved and a trapped passenger. Send someone now!,a trapped passenger; south flyover; train,RESCUE,4
Help! Heavy dust storm is making the situation worse near Port Entrance. There is a motorcycle accident. A security guard is waiting. A security guard is waiting.,dust storm; port entrance; security guard,CRASH,3
There's... Ahhh! There has been a storm damage near Underpass. I can see a school bus involved and two injured people. The incident happened around midnight. What do I do?!,two injured people; school bus; storm damage,CYCLONE,2
Help! A resident says there is a electrical accident near Shopping District. They noticed fire. The weather is heavy rain. Send someone now!,electrical accident; heavy rain; shopping district,FIRE,2
The caller says there is a factory fire at Forest Checkpoint.,factory fire; forest checkpoint; caller,FIRE,2
Please hurry! Please send help to Main Highway. We have a hazardous material incident involving a car. People are moving away.,hazardous material incident; main highway; car,HAZMAT,2
Help! Reports are coming in from Western Expressway about a hazardous material incident. There is unstable structure. Traffic is building up. Send someone now!,hazardous material incident; unstable structure; western expressway,HAZMAT,2
"I... I don't know, Heavy cold weather is making the situation worse near City Center. There is a railway accident.",railway accident; city center; cold weather,CRASH,2
Reports are coming in from Western Expressway about a evacuation. There is debris. The weather is cyclonic winds. People are moving away. Please hurry!,western expressway; cyclonic winds; debris,RESCUE,2
I am near Riverbank and there has been a missing person. The road is affected and I can see fallen tree.,fallen tree; missing person; riverbank,RESCUE,2
911? The caller says there is a aircraft emergency at Railway Yard. What do I do?!,railway yard; aircraft emergency; caller,CRASH,2
Oh my god! We have a earthquake damage near Central Flyover. It happened just now. People are moving away. Please hurry!,central flyover; earthquake damage; happened,RESCUE,5
Help! Reports are coming in from Factory Road about a car rollover. There is oil spill. A elderly person is waiting. The weather is thunderstorm. Please hurry!,oil spill; elderly person; factory road,CRASH,2
I am near Bus Terminal and there has been a forest fire. The road is affected and I can see live electrical wires. Traffic is building up. Send someone now!,live electrical wires; bus terminal; forest fire,FIRE,2
Oh my god! Reports are coming in from Residential Block about a bridge damage. There is fire.,residential block; bridge damage; fire,RESCUE,3
Oh my god! Reports are coming in from Bus Depot about a landslide. There is toxic fumes. The incident happened around noon. Please hurry!,bus depot; toxic fumes; landslide,RESCUE,1
Reports are coming in from Harbor Area about a wildfire. There is smoke.,harbor area; wildfire; smoke,FIRE,3
There's... 911? Reports are coming in from North Underpass about a fallen tree. There is chemical fumes.,north underpass; fallen tree; chemical fumes,RESCUE,2
"It's, um, Ahhh! There has been a medical emergency near Warehouse District. I can see a container truck involved and multiple casualties. Visibility is poor. The incident happened during rush hour.",container truck; multiple casualties; warehouse district,MEDICAL,5
"It's, um, I am near Industrial Gate and there has been a chemical spill. The road is affected and I can see diesel leak. Visibility is poor. What do I do?!",industrial gate; diesel leak; chemical spill,HAZMAT,2
Reports are coming in from Tunnel Entrance about a earthquake damage. There is rising water. A resident is waiting. People are moving away.,rising water; earthquake damage; tunnel entrance,RESCUE,4
Please send help to Airport Junction. We have a chemical spill involving a car. Visibility is poor. The incident happened just now.,airport junction; chemical spill; car,HAZMAT,3
Oh my god! Please send help to North Underpass. We have a lightning strike involving a truck. The weather is lightning.,lightning strike; north underpass; truck,CYCLONE,1
Heavy dust storm is making the situation worse near Central Flyover. There is a missing person. A security guard is waiting. A security guard is waiting. Please hurry!,dust storm; missing person; central flyover,RESCUE,2
There's... Ahhh! I think there has been a stampede near Highway Toll Plaza. a trapped passenger. Traffic is building up. Traffic is building up. Please hurry!,a trapped passenger; highway toll plaza; stampede,RESCUE,4
I think there has been a evacuation near Industrial Area. one injured person.,one injured person; industrial area; evacuation,RESCUE,3
I am near Coastal Road and there has been a chemical spill. The road is affected and I can see unstable structure. Send someone now!,unstable structure; chemical spill; coastal road,HAZMAT,3
The caller says there is a flash flood at Ring Road. Visibility is poor. A driver is waiting.,ring road; flash flood; driver,FLOOD,2
"I... I don't know, Ahhh! Caller reports a train derailment at Railway Yard. There is debris. Visibility is poor. Send someone now!",railway yard; train derailment; debris,CRASH,4
Oh my god! We have a landslide near Riverbank. It happened during rush hour. The incident happened during rush hour. The weather is extreme heat.,extreme heat; riverbank; landslide,RESCUE,2
Oh my god! Please send help to Shopping District. We have a boat accident involving a tanker. A driver is waiting. The weather is stormy weather.,boat accident; stormy weather; shopping district,CRASH,2
Oh my god! Reports are coming in from Ring Road about a earthquake damage. There is live electrical wires. Visibility is poor. Traffic is building up. What do I do?!,live electrical wires; ring road; earthquake damage,RESCUE,5
Oh my god! Reports are coming in from Airport Junction about a wildfire. There is unstable structure. People are moving away.,airport junction; unstable structure; wildfire,FIRE,2
"It's, um, Please send help to North Underpass. We have a storm damage involving a school bus.",school bus; storm damage; north underpass,CYCLONE,3
"I... I don't know, There has been a fuel leak near Bus Terminal. I can see a school bus involved and multiple casualties. The incident happened this afternoon. The incident happened this afternoon. Please hurry!",school bus; fuel leak; multiple casualties,HAZMAT,4
Ahhh! Heavy wet roads is making the situation worse near Underpass. There is a dam overflow. Visibility is poor. A child is waiting.,wet roads; dam overflow; child,FLOOD,2
"Wait, yes, Help! Heavy extreme heat is making the situation worse near Dam Road. There is a wildfire. What do I do?!",extreme heat; dam road; wildfire,FIRE,2
Help! Reports are coming in from Station Road about a car rollover. There is rising water. Visibility is poor. A shopkeeper is waiting. Please hurry!,rising water; station road; car rollover,CRASH,2
"I... I don't know, I think there has been a building fire near Railway Yard. two injured people.",two injured people; railway yard; building fire,FIRE,2
"It's, um, Oh my god! Reports are coming in from Bus Terminal about a heat emergency. There is debris.",bus terminal; heat emergency; debris,MEDICAL,1
"I... I don't know, There has been a chemical spill near Factory Road. I can see a train involved and a trapped passenger. Traffic is building up.",a trapped passenger; chemical spill; factory road,HAZMAT,5
There's... Oh my god! There has been a flash flood near Airport Junction. I can see a ambulance involved and two injured people. A elderly person is waiting. Send someone now!,two injured people; airport junction; elderly person,FLOOD,2
"Wait, yes, Reports are coming in from City Center about a explosion. There is live electrical wires. A cyclist is waiting. What do I do?!",live electrical wires; city center; cyclist,RESCUE,5
"It's, um, Ahhh! Reports are coming in from Market Road about a building fire. There is unstable structure. The weather is extreme heat.",extreme heat; unstable structure; market road,FIRE,3
"It's, um, Please hurry! I think there has been a drowning near South Flyover. two injured people. Visibility is poor. The incident happened early this morning. Please hurry!",two injured people; south flyover; drowning,RESCUE,4
"Wait, yes, We have a lightning strike near South Flyover. It happened during rush hour. People are moving away.",lightning strike; south flyover; wait,CYCLONE,1
There's... A elderly person says there is a evacuation near Dam Road. They noticed debris. A elderly person is waiting. What do I do?!,elderly person; dam road; debris,RESCUE,1
"Wait, yes, The caller says there is a dam overflow at Old Railway Crossing.",old railway crossing; dam overflow; wait,FLOOD,1
There has been a bus crash near Underpass. I can see a SUV involved and people with minor injuries. What do I do?!,people with minor injuries; bus crash; suv,CRASH,2
Oh my god! Heavy wet roads is making the situation worse near Riverbank. There is a forest fire. Traffic is building up. The incident happened before sunrise. Send someone now!,wet roads; forest fire; riverbank,FIRE,3
There has been a factory fire near Warehouse District. I can see a car involved and one injured person. A shopkeeper is waiting. Visibility is poor.,one injured person; factory fire; warehouse district,FIRE,2
"I... I don't know, Caller reports a landslide at South Flyover. There is broken glass.",broken glass; south flyover; landslide,RESCUE,1
Please hurry! I think there has been a explosion near Dam Road. a trapped passenger.,a trapped passenger; dam road; explosion,RESCUE,5
"I... I don't know, Please send help to River Bridge. We have a bridge damage involving a van. What do I do?!",river bridge; bridge damage; van,RESCUE,1
Please send help to Western Expressway. We have a railway accident involving a sedan. A shopkeeper is waiting. The incident happened late last night. Send someone now!,railway accident; western expressway; sedan,CRASH,2
"Wait, yes, Please hurry! Caller reports a warehouse fire at Airport Junction. There is fuel leak. What do I do?!",airport junction; fuel leak; warehouse fire,FIRE,2
911? The caller says there is a building collapse at Western Expressway.,building collapse; western expressway; caller,RESCUE,4
A cyclist says there is a landslide near Eastern Bypass. They noticed fuel leak. The weather is extreme heat.,extreme heat; fuel leak; eastern bypass,RESCUE,3
Help! Caller reports a severe rainfall at Railway Yard. There is oil spill.,railway yard; severe rainfall; oil spill,CYCLONE,2
Please send help to Eastern Bypass. We have a boat accident involving a train. A pedestrian is waiting. People are moving away. What do I do?!,boat accident; eastern bypass; train,CRASH,1
"I... I don't know, Reports are coming in from Western Expressway about a earthquake damage. There is diesel leak. People are moving away. Please hurry!",earthquake damage; diesel leak; western expressway,RESCUE,4
"I... I don't know, I am near Old Railway Crossing and there has been a hazardous material incident. The road is affected and I can see debris. Visibility is poor. What do I do?!",old railway crossing; hazardous material incident; debris,HAZMAT,1
There's... Oh my god! I think there has been a severe rainfall near Forest Checkpoint. two injured people. Please hurry!,two injured people; severe rainfall; forest checkpoint,CYCLONE,3
Ahhh! A pedestrian says there is a industrial accident near North Underpass. They noticed debris. Send someone now!,north underpass; industrial accident; pedestrian,MEDICAL,1
Please hurry! I think there has been a cyclone damage near Main Highway. several injured people. The weather is lightning.,several injured people; main highway; cyclone damage,CYCLONE,3
I am near Station Road and there has been a industrial accident. The road is affected and I can see fallen tree.,fallen tree; industrial accident; station road,MEDICAL,1
Heavy cold weather is making the situation worse near Central Flyover. There is a bridge damage. Traffic is building up. The weather is cold weather.,cold weather; central flyover; bridge damage,RESCUE,2
Help! Heavy extreme heat is making the situation worse near North Underpass. There is a heat emergency. The weather is extreme heat. Visibility is poor.,extreme heat; north underpass; heat emergency,MEDICAL,1
I am near City Hospital and there has been a evacuation. The road is affected and I can see fire.,city hospital; fire; evacuation,RESCUE,2
911? The caller says there is a evacuation at Bus Depot. A driver is waiting. The incident happened just now. What do I do?!,bus depot; driver; evacuation,RESCUE,2
"Wait, yes, I am near Central Flyover and there has been a vehicle collision. The road is affected and I can see unstable structure. People are moving away. Visibility is poor. Please hurry!",vehicle collision; central flyover; unstable structure,CRASH,2
Reports are coming in from Airport Road about a bus crash. There is fire.,airport road; bus crash; fire,CRASH,3
"I... I don't know, Oh my god! Reports are coming in from Railway Yard about a truck accident. There is chemical fumes. What do I do?!",railway yard; truck accident; chemical fumes,CRASH,2
911? Please send help to Airport Junction. We have a drowning involving a ambulance. The weather is cold weather.,airport junction; cold weather; drowning,RESCUE,5
There's... A worker says there is a factory fire near Harbor Area. They noticed blocked road. People are moving away. Please hurry!,blocked road; factory fire; harbor area,FIRE,2
"It's, um, The caller says there is a drowning at Residential Block. The incident happened around midnight. Send someone now!",residential block; drowning; caller,RESCUE,5
Oh my god! I think there has been a car rollover near College Road. people with minor injuries. Send someone now!,people with minor injuries; college road; car rollover,CRASH,2
"It's, um, Ahhh! Heavy poor visibility is making the situation worse near College Road. There is a warehouse fire. A pedestrian is waiting. The weather is poor visibility. Please hurry!",poor visibility; college road; warehouse fire,FIRE,3
The caller says there is a building collapse at City Center. The weather is extreme heat. Send someone now!,city center; extreme heat; building collapse,RESCUE,4
Ahhh! We have a heat emergency near South Flyover. It happened late last night. A cyclist is waiting. The incident happened late last night. Please hurry!,south flyover; heat emergency; cyclist,MEDICAL,1
Help! We have a heat emergency near South Flyover. It happened a few minutes ago. The weather is continuous rainfall. The weather is continuous rainfall.,continuous rainfall; south flyover; heat emergency,MEDICAL,2
The caller says there is a crowd emergency at Central Market. Traffic is building up. Visibility is poor. What do I do?!,crowd emergency; central market; caller,RESCUE,1
Oh my god! Please send help to Western Expressway. We have a gas leak involving a motorcycle. Traffic is building up.,gas leak; western expressway; motorcycle,HAZMAT,2
Help! Caller reports a vehicle collision at Highway Toll Plaza. There is fuel leak. A worker is waiting. Please hurry!,highway toll plaza; vehicle collision; fuel leak,CRASH,3
Oh my god! I am near Airport Junction and there has been a explosion. The road is affected and I can see broken glass. Visibility is poor. What do I do?!,broken glass; airport junction; explosion,RESCUE,4
"It's, um, I think there has been a fuel leak near Central Market. one injured person. Traffic is building up.",one injured person; fuel leak; central market,HAZMAT,2
Oh my god! A child says there is a flash flood near Airport Junction. They noticed toxic fumes. Traffic is building up. Traffic is building up. Send someone now!,airport junction; flash flood; toxic fumes,FLOOD,2
The caller says there is a fuel leak at Underpass. Send someone now!,fuel leak; underpass; caller,HAZMAT,2
"It's, um, Caller reports a electrical accident at North Underpass. There is diesel leak. Traffic is building up.",electrical accident; north underpass; diesel leak,FIRE,2
I am near Coastal Road and there has been a building collapse. The road is affected and I can see oil spill. The weather is extreme heat.,extreme heat; building collapse; oil spill,RESCUE,5
Caller reports a warehouse fire at North Underpass. There is debris. People are moving away.,north underpass; warehouse fire; debris,FIRE,3
"I... I don't know, Help! Heavy cyclonic winds is making the situation worse near Factory Road. There is a bridge damage. Visibility is poor.",cyclonic winds; bridge damage; factory road,RESCUE,1
"It's, um, Oh my god! Caller reports a forest fire at Forest Checkpoint. There is oil spill. People are moving away. Please hurry!",oil spill; forest fire; forest checkpoint,FIRE,2
Help! I am near Airport Road and there has been a industrial accident. The road is affected and I can see diesel leak. Traffic is building up. The weather is wet roads. What do I do?!,airport road; diesel leak; industrial accident,MEDICAL,2
911? I am near Western Expressway and there has been a electrical accident. The road is affected and I can see debris. Send someone now!,electrical accident; western expressway; debris,FIRE,1
"Wait, yes, Help! There has been a train derailment near Station Road. I can see a tanker involved and a trapped passenger.",a trapped passenger; train derailment; station road,CRASH,5
"Wait, yes, Oh my god! Caller reports a boat accident at Eastern Bypass. There is fallen tree. People are moving away.",boat accident; fallen tree; eastern bypass,CRASH,2
"I... I don't know, Please send help to Railway Yard. We have a cold exposure involving a ambulance. The incident happened around noon. What do I do?!",railway yard; cold exposure; ambulance,MEDICAL,1
I am near City Center and there has been a explosion. The road is affected and I can see unstable structure. People are moving away. What do I do?!,city center; unstable structure; explosion,RESCUE,4
We have a missing person near City Center. It happened before sunrise. Traffic is building up. A pedestrian is waiting.,city center; missing person; pedestrian,RESCUE,1
Please hurry! A driver says there is a hazardous material incident near Railway Yard. They noticed fuel leak. Send someone now!,hazardous material incident; railway yard; fuel leak,HAZMAT,3
Please hurry! The caller says there is a road blockage at River Bridge. Visibility is poor. A construction worker is waiting.,construction worker; road blockage; river bridge,RESCUE,2
Help! We have a cold exposure near Old Railway Crossing. It happened late last night. A resident is waiting. Send someone now!,old railway crossing; cold exposure; resident,MEDICAL,2
There's... Please hurry! We have a industrial accident near Market Road. It happened before sunrise. The incident happened before sunrise. Visibility is poor. Send someone now!,industrial accident; market road; theres,MEDICAL,1
Reports are coming in from Highway Toll Plaza about a heat emergency. There is fuel leak. Traffic is building up. What do I do?!,highway toll plaza; fuel leak; heat emergency,MEDICAL,2
911? Heavy dust storm is making the situation worse near Market Road. There is a aircraft emergency. The incident happened around midnight. Visibility is poor.,dust storm; aircraft emergency; market road,CRASH,3
There's... There has been a cold exposure near Commercial Street. I can see a tanker involved and people with minor injuries. Visibility is poor. Send someone now!,people with minor injuries; commercial street; cold exposure,MEDICAL,1
"I... I don't know, I think there has been a urban flooding near Port Entrance. multiple casualties. Traffic is building up. Send someone now!",port entrance; multiple casualties; urban flooding,FLOOD,5
We have a warehouse fire near City Center. It happened before sunrise. What do I do?!,city center; warehouse fire; happened,FIRE,3
Help! I think there has been a railway accident near Airport Road. one injured person. The incident happened about half an hour ago.,one injured person; railway accident; airport road,CRASH,2
911? A elderly person says there is a building collapse near Bus Terminal. They noticed live electrical wires. Send someone now!,live electrical wires; building collapse; elderly person,RESCUE,5
Please hurry! Caller reports a fallen tree at Highway Toll Plaza. There is blocked road. People are moving away. A elderly person is waiting. Please hurry!,highway toll plaza; fallen tree; blocked road,RESCUE,1
Caller reports a flash flood at Temple Road. There is fuel leak. Send someone now!,fuel leak; temple road; flash flood,FLOOD,2
911? I think there has been a road blockage near Residential Block. multiple casualties. The weather is wet roads.,road blockage; multiple casualties; wet roads,RESCUE,4
"It's, um, 911? Heavy poor visibility is making the situation worse near Old Railway Crossing. There is a urban flooding. Visibility is poor.",old railway crossing; poor visibility; urban flooding,FLOOD,2
911? There has been a chemical spill near River Bridge. I can see a truck involved and people with minor injuries. A child is waiting. Please hurry!,people with minor injuries; river bridge; chemical spill,HAZMAT,3
There's... Ahhh! Please send help to Airport Junction. We have a explosion involving a SUV. The weather is extreme heat. Visibility is poor. Please hurry!,extreme heat; airport junction; explosion,RESCUE,5
Help! Please send help to Tunnel Entrance. We have a drowning involving a tanker.,tunnel entrance; tanker; drowning,RESCUE,5
Heavy extreme heat is making the situation worse near Central Flyover. There is a truck accident. Please hurry!,extreme heat; central flyover; truck accident,CRASH,2
Help! Caller reports a building fire at College Road. There is chemical fumes. People are moving away.,chemical fumes; college road; building fire,FIRE,2
"Wait, yes, Help! I think there has been a bus crash near Shopping District. one injured person. The incident happened during rush hour.",one injured person; bus crash; shopping district,CRASH,3
"I... I don't know, Oh my god! I think there has been a medical emergency near Residential Block. several injured people. The weather is lightning.",several injured people; residential block; medical emergency,MEDICAL,2
There's... Please send help to Eastern Bypass. We have a cyclone damage involving a sedan. The weather is heavy rain. Send someone now!,cyclone damage; heavy rain; eastern bypass,CYCLONE,1
Caller reports a railway accident at Harbor Area. There is rising water. The incident happened during rush hour. What do I do?!,railway accident; rising water; harbor area,CRASH,2
"Wait, yes, Please hurry! I think there has been a evacuation near Ring Road. an injured child. A security guard is waiting. The incident happened during rush hour.",an injured child; ring road; security guard,RESCUE,3
"It's, um, Heavy strong winds is making the situation worse near Ring Road. There is a landslide. Please hurry!",ring road; strong winds; landslide,RESCUE,1
I think there has been a car rollover near Old Railway Crossing. several injured people. The weather is lightning. Send someone now!,old railway crossing; several injured people; car rollover,CRASH,2
There has been a road blockage near Factory Road. I can see a SUV involved and a seriously injured driver.,a seriously injured driver; road blockage; factory road,RESCUE,2
911? I think there has been a landslide near Harbor Area. an unconscious person. Traffic is building up.,an unconscious person; harbor area; landslide,RESCUE,4
There's... The caller says there is a drowning at Main Highway. A shopkeeper is waiting. What do I do?!,main highway; drowning; shopkeeper,RESCUE,4
Ahhh! The caller says there is a cold exposure at Port Entrance. Traffic is building up. Traffic is building up.,port entrance; cold exposure; ahhh,MEDICAL,2
Help! I think there has been a car rollover near Industrial Gate. an unconscious person. Traffic is building up.,an unconscious person; industrial gate; car rollover,CRASH,4
Help! I am near Railway Yard and there has been a train derailment. The road is affected and I can see fire. The weather is cyclonic winds. Traffic is building up. Send someone now!,railway yard; cyclonic winds; train derailment,CRASH,5
Caller reports a warehouse fire at Underpass. There is rising water.,rising water; warehouse fire; underpass,FIRE,2
Please send help to Station Road. We have a building fire involving a delivery vehicle. Traffic is building up. Traffic is building up.,building fire; delivery vehicle; station road,FIRE,2
There has been a power line failure near Ring Road. I can see a motorcycle involved and two injured people. The incident happened about half an hour ago. People are moving away. Please hurry!,two injured people; power line failure; ring road,HAZMAT,3
Help! The caller says there is a medical emergency at Central Flyover. A passenger is waiting. Visibility is poor. What do I do?!,central flyover; medical emergency; passenger,MEDICAL,2
There's... 911? I think there has been a motorcycle accident near Airport Junction. an injured child. Send someone now!,an injured child; airport junction; motorcycle accident,CRASH,2
There's... Help! We have a fuel leak near Old Railway Crossing. It happened during rush hour. Visibility is poor.,old railway crossing; fuel leak; theres,HAZMAT,3
"I... I don't know, Oh my god! I am near Tunnel Entrance and there has been a missing person. The road is affected and I can see live electrical wires. Traffic is building up. People are moving away.",live electrical wires; missing person; tunnel entrance,RESCUE,1
"Wait, yes, 911? There has been a gas leak near Bus Depot. I can see a train involved and several injured people.",several injured people; gas leak; bus depot,HAZMAT,3
"I... I don't know, Caller reports a building collapse at River Bridge. There is fire. Traffic is building up.",building collapse; river bridge; fire,RESCUE,4
"It's, um, The caller says there is a chemical spill at Port Entrance.",port entrance; chemical spill; caller,HAZMAT,3
There has been a train derailment near Forest Checkpoint. I can see a tanker involved and people with minor injuries. Visibility is poor. The weather is cold weather.,people with minor injuries; cold weather; train derailment,CRASH,5
Please send help to North Underpass. We have a building collapse involving a car. A construction worker is waiting.,north underpass; construction worker; building collapse,RESCUE,5
There's... Caller reports a missing person at Warehouse District. There is oil spill. Send someone now!,missing person; oil spill; warehouse district,RESCUE,2
Ahhh! Heavy extreme heat is making the situation worse near River Bridge. There is a warehouse fire. People are moving away. The weather is extreme heat.,extreme heat; river bridge; warehouse fire,FIRE,2
We have a building collapse near Port Entrance. It happened around midnight. Visibility is poor. Traffic is building up. Please hurry!,building collapse; port entrance; happened,RESCUE,5
911? A worker says there is a motorcycle accident near Residential Block. They noticed rising water. The weather is thunderstorm. What do I do?!,rising water; residential block; motorcycle accident,CRASH,3
"Wait, yes, 911? The caller says there is a gas leak at Outer Ring Road. The incident happened early this morning.",outer ring road; gas leak; wait,HAZMAT,2
"I... I don't know, Oh my god! We have a fuel leak near Residential Block. It happened about half an hour ago. A pedestrian is waiting. The incident happened about half an hour ago.",fuel leak; residential block; pedestrian,HAZMAT,2
911? Heavy dust storm is making the situation worse near Old Bridge. There is a urban flooding. People are moving away. People are moving away. Please hurry!,dust storm; old bridge; urban flooding,FLOOD,3
A shopkeeper says there is a lightning strike near South Flyover. They noticed fallen tree. Traffic is building up. Send someone now!,lightning strike; fallen tree; south flyover,CYCLONE,2
"I... I don't know, Oh my god! Heavy poor visibility is making the situation worse near Factory Road. There is a boat accident. The incident happened before sunrise. People are moving away. Please hurry!",boat accident; poor visibility; factory road,CRASH,2
A passenger says there is a fuel leak near Highway Toll Plaza. They noticed blocked road. People are moving away. People are moving away. Please hurry!,highway toll plaza; blocked road; fuel leak,HAZMAT,3
"I... I don't know, Oh my god! I think there has been a medical emergency near College Road. multiple casualties.",multiple casualties; college road; medical emergency,MEDICAL,4
"It's, um, Help! Please send help to Bus Terminal. We have a road blockage involving a car. People are moving away. The incident happened a few minutes ago.",road blockage; bus terminal; car,RESCUE,2
Please hurry! I think there has been a urban flooding near College Road. three injured passengers. The weather is poor visibility. Visibility is poor. Send someone now!,three injured passengers; poor visibility; urban flooding,FLOOD,2
Ahhh! Reports are coming in from River Bridge about a urban flooding. There is smoke. A worker is waiting. Traffic is building up. Please hurry!,river bridge; urban flooding; worker,FLOOD,2
There's... Oh my god! A worker says there is a railway accident near Old Railway Crossing. They noticed oil spill.,old railway crossing; railway accident; oil spill,CRASH,3
"Wait, yes, Heavy strong winds is making the situation worse near City Hospital. There is a crowd emergency. Visibility is poor. The weather is strong winds.",crowd emergency; city hospital; strong winds,RESCUE,1
911? I am near Old Bridge and there has been a drowning. The road is affected and I can see oil spill. A construction worker is waiting. The weather is continuous rainfall.,construction worker; old bridge; oil spill,RESCUE,4
Oh my god! The caller says there is a stampede at Old Railway Crossing. Traffic is building up. Send someone now!,old railway crossing; stampede; caller,RESCUE,2
Reports are coming in from Shopping District about a building fire. There is fire. Traffic is building up. Please hurry!,building fire; shopping district; reports,FIRE,3
Help! The caller says there is a fuel leak at Factory Road. What do I do?!,fuel leak; factory road; help,HAZMAT,3
Reports are coming in from Highway Toll Plaza about a industrial accident. There is blocked road. What do I do?!,highway toll plaza; blocked road; industrial accident,MEDICAL,1
"I... I don't know, Help! Caller reports a train derailment at South Flyover. There is debris. People are moving away. Please hurry!",south flyover; train derailment; debris,CRASH,4
Oh my god! Reports are coming in from College Road about a earthquake damage. There is chemical fumes. The weather is continuous rainfall. What do I do?!,earthquake damage; continuous rainfall; chemical fumes,RESCUE,5
There's... The caller says there is a landslide at Station Road. A resident is waiting. Please hurry!,station road; resident; landslide,RESCUE,2
I think there has been a landslide near Factory Road. multiple casualties. Traffic is building up. The incident happened early this morning. Send someone now!,multiple casualties; factory road; landslide,RESCUE,4
911? Please send help to Residential Block. We have a storm damage involving a bus. The incident happened about half an hour ago.,storm damage; residential block; bus,CYCLONE,3
"Wait, yes, We have a chemical spill near Port Entrance. It happened around midnight.",port entrance; chemical spill; wait,HAZMAT,3
"I... I don't know, Help! A construction worker says there is a severe rainfall near Riverbank. They noticed fire. The incident happened around noon.",construction worker; severe rainfall; riverbank,CYCLONE,3
There has been a bus crash near Port Entrance. I can see a delivery vehicle involved and a seriously injured driver. Send someone now!,a seriously injured driver; port entrance; bus crash,CRASH,2
A child says there is a truck accident near Old Bridge. They noticed rising water. Traffic is building up. Visibility is poor. Send someone now!,old bridge; truck accident; rising water,CRASH,2
The caller says there is a warehouse fire at Outer Ring Road. People are moving away. People are moving away. Please hurry!,outer ring road; warehouse fire; caller,FIRE,3
There has been a drowning near Warehouse District. I can see a delivery vehicle involved and people with minor injuries. A child is waiting.,people with minor injuries; delivery vehicle; warehouse district,RESCUE,4
Caller reports a landslide at Warehouse District. There is blocked road. A driver is waiting. Send someone now!,blocked road; warehouse district; driver,RESCUE,2
"Wait, yes, Oh my god! A child says there is a cold exposure near South Flyover. They noticed toxic fumes. People are moving away.",south flyover; cold exposure; toxic fumes,MEDICAL,1
Help! Please send help to Ring Road. We have a evacuation involving a train. People are moving away. Traffic is building up.,ring road; train; evacuation,RESCUE,1
Ahhh! Caller reports a aircraft emergency at Bus Terminal. There is fuel leak. Send someone now!,fuel leak; bus terminal; aircraft emergency,CRASH,2
There's... Oh my god! We have a gas leak near River Bridge. It happened early this morning. A construction worker is waiting. What do I do?!,construction worker; river bridge; gas leak,HAZMAT,2
Help! Heavy stormy weather is making the situation worse near College Road. There is a cold exposure. Traffic is building up. Please hurry!,stormy weather; college road; cold exposure,MEDICAL,3
Caller reports a factory fire at Port Entrance. There is blocked road.,blocked road; port entrance; factory fire,FIRE,2
I am near Central Market and there has been a chemical spill. The road is affected and I can see toxic fumes. The incident happened about ten minutes ago.,chemical spill; central market; toxic fumes,HAZMAT,3
Heavy poor visibility is making the situation worse near Old Railway Crossing. There is a building fire. Visibility is poor. A passenger is waiting. Send someone now!,old railway crossing; poor visibility; building fire,FIRE,2
Reports are coming in from Railway Yard about a fuel leak. There is smoke. Traffic is building up. Send someone now!,railway yard; fuel leak; smoke,HAZMAT,3
"I... I don't know, A pedestrian says there is a wildfire near Highway Toll Plaza. They noticed fuel leak. The weather is dust storm. Send someone now!",highway toll plaza; dust storm; fuel leak,FIRE,2
Ahhh! There has been a bus crash near Station Road. I can see a van involved and a trapped passenger. Traffic is building up. The weather is dust storm.,a trapped passenger; dust storm; bus crash,CRASH,4
Oh my god! Heavy extreme heat is making the situation worse near Factory Road. There is a train derailment.,extreme heat; train derailment; factory road,CRASH,4
Reports are coming in from City Center about a truck accident. There is blocked road. The weather is thunderstorm. A cyclist is waiting. Send someone now!,city center; blocked road; truck accident,CRASH,3
Caller reports a factory fire at Bus Depot. There is toxic fumes.,bus depot; factory fire; toxic fumes,FIRE,3
"It's, um, I am near Market Road and there has been a forest fire. The road is affected and I can see chemical fumes. People are moving away. The incident happened about ten minutes ago.",market road; chemical fumes; forest fire,FIRE,2
Ahhh! There has been a truck accident near Bus Depot. I can see a delivery vehicle involved and an unconscious person. Please hurry!,an unconscious person; truck accident; bus depot,CRASH,4
There's... Please hurry! Please send help to River Bridge. We have a train derailment involving a train. A security guard is waiting.,river bridge; security guard; train derailment,CRASH,5
There has been a urban flooding near Warehouse District. I can see a sedan involved and three injured passengers.,three injured passengers; urban flooding; warehouse district,FLOOD,3
Please send help to Commercial Street. We have a hazardous material incident involving a delivery vehicle. People are moving away. The weather is cold weather. What do I do?!,hazardous material incident; cold weather; commercial street,HAZMAT,1
There's... Caller reports a boat accident at Airport Junction. There is oil spill.,boat accident; airport junction; oil spill,CRASH,2
I am near Railway Yard and there has been a building collapse. The road is affected and I can see blocked road.,railway yard; blocked road; building collapse,RESCUE,5
There's... Heavy poor visibility is making the situation worse near Dam Road. There is a crowd emergency. What do I do?!,crowd emergency; poor visibility; dam road,RESCUE,1
911? Heavy dense fog is making the situation worse near Forest Checkpoint. There is a hazardous material incident. People are moving away. The incident happened around midnight. Please hurry!,hazardous material incident; dense fog; forest checkpoint,HAZMAT,2
"It's, um, 911? There has been a aircraft emergency near Railway Station. I can see a container truck involved and a trapped passenger. Traffic is building up. The incident happened early this morning. What do I do?!",a trapped passenger; container truck; railway station,CRASH,4
"Wait, yes, Ahhh! There has been a missing person near Airport Road. I can see a fuel tanker involved and a seriously injured driver. Visibility is poor. What do I do?!",a seriously injured driver; airport road; missing person,RESCUE,3
"Wait, yes, I think there has been a stampede near Railway Station. multiple casualties. People are moving away.",railway station; multiple casualties; stampede,RESCUE,5
Please send help to Industrial Gate. We have a chemical spill involving a school bus. The incident happened early this morning.,school bus; industrial gate; chemical spill,HAZMAT,3
911? I think there has been a missing person near Port Entrance. people with minor injuries. Visibility is poor. The incident happened a few minutes ago.,people with minor injuries; missing person; port entrance,RESCUE,2
There's... Reports are coming in from Old Bridge about a wildfire. There is toxic fumes. Traffic is building up. People are moving away.,old bridge; toxic fumes; wildfire,FIRE,2
"I... I don't know, Help! Caller reports a severe rainfall at Bus Terminal. There is blocked road.",blocked road; severe rainfall; bus terminal,CYCLONE,2
"It's, um, We have a evacuation near Old Bridge. It happened early this morning.",old bridge; evacuation; happened,RESCUE,1
There's... I think there has been a severe rainfall near South Flyover. one injured person. Traffic is building up. The incident happened during rush hour. What do I do?!,one injured person; severe rainfall; south flyover,CYCLONE,2
Help! Caller reports a industrial accident at Railway Yard. There is blocked road. Send someone now!,railway yard; blocked road; industrial accident,MEDICAL,2
"I... I don't know, Please send help to Old Railway Crossing. We have a building collapse involving a van.",old railway crossing; building collapse; van,RESCUE,5
There's... I think there has been a train derailment near Industrial Area. an unconscious person. A child is waiting.,an unconscious person; industrial area; train derailment,CRASH,5
A worker says there is a hazardous material incident near Riverbank. They noticed smoke.,hazardous material incident; riverbank; worker,HAZMAT,2
911? We have a railway accident near Bus Depot. It happened before sunrise. People are moving away. Visibility is poor. Please hurry!,railway accident; bus depot; happened,CRASH,1
Oh my god! I think there has been a car rollover near Old Railway Crossing. a seriously injured driver. Please hurry!,a seriously injured driver; old railway crossing; car rollover,CRASH,3
The caller says there is a medical emergency at Ring Road.,ring road; medical emergency; caller,MEDICAL,1
There's... Oh my god! We have a fallen tree near College Road. It happened a few minutes ago. The incident happened a few minutes ago. The incident happened a few minutes ago.,fallen tree; college road; theres,RESCUE,2
Please hurry! Caller reports a car rollover at Outer Ring Road. There is rising water.,outer ring road; rising water; car rollover,CRASH,2
There's... Help! Heavy strong winds is making the situation worse near Western Expressway. There is a truck accident.,truck accident; strong winds; western expressway,CRASH,2
Help! We have a storm damage near River Bridge. It happened this afternoon. Send someone now!,storm damage; river bridge; help,CYCLONE,3
Please hurry! Caller reports a aircraft emergency at Riverbank. There is fuel leak. The incident happened during rush hour.,fuel leak; aircraft emergency; riverbank,CRASH,3
Oh my god! We have a fallen tree near Underpass. It happened a few minutes ago. The weather is cold weather.,cold weather; fallen tree; underpass,RESCUE,2
I am near Riverbank and there has been a cyclone damage. The road is affected and I can see toxic fumes. Visibility is poor. Please hurry!,cyclone damage; toxic fumes; riverbank,CYCLONE,2
Caller reports a factory fire at Main Highway. There is blocked road. Visibility is poor. Please hurry!,main highway; blocked road; factory fire,FIRE,3
I think there has been a factory fire near College Road. multiple casualties.,multiple casualties; college road; factory fire,FIRE,4
"Wait, yes, I think there has been a explosion near College Road. multiple casualties. People are moving away. People are moving away.",multiple casualties; college road; explosion,RESCUE,5
"Wait, yes, I think there has been a aircraft emergency near College Road. multiple casualties. People are moving away.",multiple casualties; aircraft emergency; college road,CRASH,4
There has been a cold exposure near Shopping District. I can see a car involved and several injured people. Traffic is building up. A elderly person is waiting.,several injured people; elderly person; cold exposure,MEDICAL,2
Reports are coming in from Shopping District about a motorcycle accident. There is broken glass. Please hurry!,broken glass; motorcycle accident; shopping district,CRASH,2
"Wait, yes, Oh my god! I think there has been a gas leak near City Hospital. three injured passengers. A worker is waiting. The weather is thunderstorm. What do I do?!",three injured passengers; city hospital; gas leak,HAZMAT,2
Please hurry! We have a aircraft emergency near Industrial Area. It happened around noon. Traffic is building up. Please hurry!,industrial area; aircraft emergency; please,CRASH,1
"It's, um, Please send help to Main Highway. We have a hazardous material incident involving a van. Visibility is poor. The incident happened around midnight.",hazardous material incident; main highway; van,HAZMAT,1
"It's, um, Oh my god! Caller reports a dam overflow at Temple Road. There is unstable structure. A child is waiting.",unstable structure; temple road; dam overflow,FLOOD,1
"I... I don't know, A pedestrian says there is a forest fire near Central Flyover. They noticed smoke. The weather is lightning. Visibility is poor.",central flyover; forest fire; pedestrian,FIRE,3
"Wait, yes, Oh my god! Please send help to College Road. We have a dam overflow involving a tanker. Traffic is building up.",college road; dam overflow; tanker,FLOOD,1
Ahhh! I am near Central Market and there has been a chemical spill. The road is affected and I can see rising water. A cyclist is waiting. Traffic is building up.,rising water; chemical spill; central market,HAZMAT,3
Reports are coming in from Commercial Street about a evacuation. There is blocked road. The incident happened just now. A elderly person is waiting. What do I do?!,blocked road; elderly person; commercial street,RESCUE,1
I am near Airport Road and there has been a earthquake damage. The road is affected and I can see gas leak.,airport road; earthquake damage; gas leak,RESCUE,4
Reports are coming in from Old Railway Crossing about a wildfire. There is broken glass.,old railway crossing; broken glass; wildfire,FIRE,2
"I... I don't know, Caller reports a gas leak at Central Flyover. There is chemical fumes. Traffic is building up. Please hurry!",central flyover; gas leak; chemical fumes,HAZMAT,2
A cyclist says there is a chemical spill near College Road. They noticed gas leak.,chemical spill; gas leak; college road,HAZMAT,3
"Wait, yes, Please send help to Coastal Road. We have a bus crash involving a container truck. Please hurry!",container truck; bus crash; coastal road,CRASH,2
"It's, um, Help! Caller reports a wildfire at Railway Station. There is rising water. People are moving away. Please hurry!",railway station; rising water; wildfire,FIRE,2
Please hurry! There has been a storm damage near Residential Block. I can see a delivery vehicle involved and an unconscious person. People are moving away.,an unconscious person; storm damage; residential block,CYCLONE,5
There's... Reports are coming in from City Center about a evacuation. There is chemical fumes.,city center; chemical fumes; evacuation,RESCUE,1
"I... I don't know, There has been a severe rainfall near Old Bridge. I can see a sedan involved and a seriously injured driver. A passenger is waiting. Visibility is poor.",a seriously injured driver; severe rainfall; old bridge,CYCLONE,2
"I... I don't know, Please hurry! The caller says there is a missing person at Central Flyover. Traffic is building up. The weather is dust storm. What do I do?!",dust storm; missing person; central flyover,RESCUE,2
Oh my god! Reports are coming in from Factory Road about a missing person. There is debris.,missing person; factory road; debris,RESCUE,2
I am near Bus Depot and there has been a vehicle collision. The road is affected and I can see unstable structure. A pedestrian is waiting.,vehicle collision; unstable structure; bus depot,CRASH,1
Please hurry! The caller says there is a truck accident at Railway Yard. Visibility is poor. The incident happened before sunrise.,railway yard; truck accident; please,CRASH,2
911? A resident says there is a urban flooding near Airport Junction. They noticed gas leak. Please hurry!,airport junction; urban flooding; gas leak,FLOOD,3
"It's, um, Help! Please send help to Western Expressway. We have a fallen tree involving a sedan. Visibility is poor. Traffic is building up. Send someone now!",fallen tree; western expressway; sedan,RESCUE,1
Please hurry! We have a dam overflow near Riverbank. It happened a few minutes ago. Visibility is poor. Send someone now!,dam overflow; riverbank; please,FLOOD,1
There's... Reports are coming in from Forest Checkpoint about a wildfire. There is smoke. Visibility is poor. People are moving away.,forest checkpoint; wildfire; smoke,FIRE,3
We have a chemical spill near Ring Road. It happened about half an hour ago. Traffic is building up.,ring road; chemical spill; happened,HAZMAT,3
Help! I am near Harbor Area and there has been a bus crash. The road is affected and I can see smoke. People are moving away. People are moving away.,bus crash; harbor area; smoke,CRASH,3
I am near North Underpass and there has been a crowd emergency. The road is affected and I can see blocked road. The weather is dense fog. The weather is dense fog.,north underpass; crowd emergency; blocked road,RESCUE,1
A child says there is a cold exposure near South Flyover. They noticed fallen tree. The incident happened about ten minutes ago. People are moving away. Send someone now!,fallen tree; south flyover; cold exposure,MEDICAL,2
Please send help to Western Expressway. We have a boat accident involving a van.,boat accident; western expressway; van,CRASH,1
Oh my god! I think there has been a earthquake damage near Old Bridge. a seriously injured driver. People are moving away. People are moving away.,a seriously injured driver; old bridge; earthquake damage,RESCUE,5
Please send help to Old Railway Crossing. We have a bus crash involving a sedan. Send someone now!,old railway crossing; bus crash; sedan,CRASH,2
There's... 911? A construction worker says there is a gas leak near Coastal Road. They noticed gas leak.,construction worker; gas leak; coastal road,HAZMAT,2
"Wait, yes, We have a cold exposure near Temple Road. It happened early this morning. Send someone now!",temple road; cold exposure; wait,MEDICAL,2
"I... I don't know, Caller reports a crowd emergency at River Bridge. There is fuel leak. Traffic is building up. Send someone now!",crowd emergency; fuel leak; river bridge,RESCUE,2
I am near Commercial Street and there has been a missing person. The road is affected and I can see oil spill. Visibility is poor. People are moving away.,missing person; oil spill; commercial street,RESCUE,2
There's... Help! Please send help to Railway Station. We have a cyclone damage involving a fuel tanker. The incident happened before sunrise.,railway station; cyclone damage; fuel tanker,CYCLONE,1
"I... I don't know, The caller says there is a bus crash at South Flyover.",bus crash; south flyover; dont,CRASH,3
There has been a landslide near Industrial Gate. I can see a bus involved and multiple casualties. Traffic is building up.,industrial gate; multiple casualties; bus,RESCUE,5
I am near Dam Road and there has been a missing person. The road is affected and I can see unstable structure. Please hurry!,missing person; unstable structure; dam road,RESCUE,2
A child says there is a wildfire near City Hospital. They noticed rising water. The weather is strong winds.,city hospital; rising water; strong winds,FIRE,3
"Wait, yes, I am near Commercial Street and there has been a cold exposure. The road is affected and I can see rising water. The weather is dust storm. The incident happened before sunrise.",dust storm; rising water; commercial street,MEDICAL,3
Ahhh! Reports are coming in from Ring Road about a car rollover. There is smoke. A security guard is waiting.,ring road; security guard; car rollover,CRASH,2
Heavy dust storm is making the situation worse near Eastern Bypass. There is a bus crash. The weather is dust storm.,dust storm; bus crash; eastern bypass,CRASH,3
Ahhh! A construction worker says there is a bridge damage near Outer Ring Road. They noticed gas leak. Visibility is poor. Traffic is building up.,outer ring road; construction worker; gas leak,RESCUE,2
Please hurry! Reports are coming in from Airport Road about a warehouse fire. There is blocked road. A passenger is waiting.,airport road; blocked road; warehouse fire,FIRE,2
"It's, um, Please hurry! A passenger says there is a bus crash near Riverbank. They noticed fire. People are moving away. The weather is continuous rainfall. Please hurry!",continuous rainfall; bus crash; riverbank,CRASH,3
Ahhh! I am near Factory Road and there has been a boat accident. The road is affected and I can see live electrical wires.,live electrical wires; boat accident; factory road,CRASH,2
Please hurry! There has been a aircraft emergency near Residential Block. I can see a SUV involved and two injured people.,two injured people; residential block; aircraft emergency,CRASH,2
911? I think there has been a severe rainfall near Commercial Street. people with minor injuries. The weather is extreme heat. The incident happened late last night. Send someone now!,people with minor injuries; extreme heat; severe rainfall,CYCLONE,2
"It's, um, Help! Please send help to Market Road. We have a chemical spill involving a van. People are moving away. Traffic is building up. What do I do?!",chemical spill; market road; van,HAZMAT,3
There's... 911? I am near Eastern Bypass and there has been a evacuation. The road is affected and I can see fire.,eastern bypass; fire; evacuation,RESCUE,2
Oh my god! Reports are coming in from Residential Block about a drowning. There is fire. A shopkeeper is waiting. The weather is poor visibility.,poor visibility; residential block; drowning,RESCUE,5
There's... Ahhh! Heavy dense fog is making the situation worse near Bus Depot. There is a severe rainfall. A security guard is waiting.,severe rainfall; dense fog; security guard,CYCLONE,2
There's... Oh my god! Heavy cold weather is making the situation worse near Temple Road. There is a hazardous material incident. A worker is waiting. People are moving away.,hazardous material incident; cold weather; temple road,HAZMAT,1
"I... I don't know, We have a gas leak near Underpass. It happened a few minutes ago. The weather is poor visibility. What do I do?!",poor visibility; gas leak; underpass,HAZMAT,2
"It's, um, Help! Heavy cyclonic winds is making the situation worse near Main Highway. There is a stampede. Visibility is poor. The incident happened this afternoon.",main highway; cyclonic winds; stampede,RESCUE,1
911? There has been a flash flood near Port Entrance. I can see a fuel tanker involved and people with minor injuries. The incident happened before sunrise. The incident happened before sunrise.,people with minor injuries; port entrance; fuel tanker,FLOOD,2
"It's, um, Oh my god! I think there has been a bridge damage near Railway Station. multiple casualties. Traffic is building up. What do I do?!",railway station; multiple casualties; bridge damage,RESCUE,4
"It's, um, Caller reports a truck accident at Airport Junction. There is fire. People are moving away. Send someone now!",airport junction; truck accident; fire,CRASH,2
911? A shopkeeper says there is a factory fire near Highway Toll Plaza. They noticed live electrical wires. The weather is dense fog. People are moving away. Send someone now!,highway toll plaza; live electrical wires; dense fog,FIRE,2
Ahhh! Please send help to Main Highway. We have a evacuation involving a delivery vehicle. Please hurry!,main highway; delivery vehicle; evacuation,RESCUE,2
Please hurry! A cyclist says there is a explosion near City Center. They noticed rising water. Traffic is building up. A cyclist is waiting. Please hurry!,city center; rising water; cyclist,RESCUE,5
Oh my god! The caller says there is a bridge damage at Market Road. Send someone now!,market road; bridge damage; caller,RESCUE,1
911? There has been a building fire near Factory Road. I can see a bus involved and an injured child. People are moving away. The incident happened about half an hour ago. Send someone now!,an injured child; building fire; factory road,FIRE,2
Reports are coming in from Western Expressway about a cyclone damage. There is smoke. Please hurry!,cyclone damage; western expressway; smoke,CYCLONE,2
There's... Please hurry! There has been a urban flooding near Industrial Area. I can see a truck involved and a seriously injured driver.,a seriously injured driver; industrial area; urban flooding,FLOOD,2
Caller reports a cyclone damage at River Bridge. There is rising water. The incident happened late last night. A shopkeeper is waiting. Send someone now!,rising water; cyclone damage; river bridge,CYCLONE,1
Please send help to Outer Ring Road. We have a urban flooding involving a motorcycle. The incident happened during rush hour.,outer ring road; urban flooding; motorcycle,FLOOD,3
"It's, um, Please send help to Industrial Gate. We have a power line failure involving a truck. A driver is waiting.",power line failure; industrial gate; driver,HAZMAT,1
Ahhh! There has been a hazardous material incident near Bus Depot. I can see a SUV involved and several injured people. The incident happened just now.,several injured people; hazardous material incident; bus depot,HAZMAT,3
"I... I don't know, There has been a medical emergency near Warehouse District. I can see a container truck involved and an unconscious person. A pedestrian is waiting.",an unconscious person; container truck; warehouse district,MEDICAL,4
Please hurry! I think there has been a building collapse near Main Highway. three injured passengers. What do I do?!,three injured passengers; main highway; building collapse,RESCUE,5
"It's, um, Please hurry! Caller reports a building fire at Airport Road. There is oil spill. Traffic is building up. The incident happened a few minutes ago.",airport road; oil spill; building fire,FIRE,2
"It's, um, I am near Ring Road and there has been a motorcycle accident. The road is affected and I can see smoke. The weather is extreme heat.",ring road; extreme heat; motorcycle accident,CRASH,1
There's... I think there has been a chemical spill near Market Road. several injured people. A passenger is waiting. Visibility is poor. Send someone now!,several injured people; chemical spill; market road,HAZMAT,2
I am near Tunnel Entrance and there has been a medical emergency. The road is affected and I can see rising water.,rising water; tunnel entrance; medical emergency,MEDICAL,1
Please hurry! The caller says there is a medical emergency at Outer Ring Road. Traffic is building up.,outer ring road; medical emergency; please,MEDICAL,1
A driver says there is a train derailment near Industrial Area. They noticed toxic fumes.,industrial area; train derailment; toxic fumes,CRASH,4
Please hurry! Please send help to Tunnel Entrance. We have a stampede involving a ambulance.,tunnel entrance; stampede; ambulance,RESCUE,1
Heavy dust storm is making the situation worse near Harbor Area. There is a railway accident.,railway accident; dust storm; harbor area,CRASH,3
"It's, um, There has been a crowd emergency near Bus Terminal. I can see a bus involved and several injured people. Please hurry!",several injured people; crowd emergency; bus terminal,RESCUE,3
There has been a forest fire near Riverbank. I can see a delivery vehicle involved and a trapped passenger.,a trapped passenger; forest fire; delivery vehicle,FIRE,4
911? A driver says there is a truck accident near Old Railway Crossing. They noticed oil spill. The weather is stormy weather. Please hurry!,old railway crossing; stormy weather; truck accident,CRASH,2
"Wait, yes, A shopkeeper says there is a landslide near Residential Block. They noticed fallen tree.",fallen tree; residential block; shopkeeper,RESCUE,2
The caller says there is a fallen tree at Underpass.,fallen tree; underpass; caller,RESCUE,2
Ahhh! There has been a industrial accident near Old Railway Crossing. I can see a bus involved and two injured people. Visibility is poor. Traffic is building up. Send someone now!,old railway crossing; two injured people; industrial accident,MEDICAL,3
A elderly person says there is a fuel leak near Bus Terminal. They noticed fuel leak. The weather is stormy weather.,stormy weather; fuel leak; elderly person,HAZMAT,3
911? A cyclist says there is a car rollover near City Hospital. They noticed unstable structure. A cyclist is waiting. The weather is dust storm. What do I do?!,city hospital; dust storm; unstable structure,CRASH,2
"I... I don't know, Please hurry! Reports are coming in from Underpass about a cyclone damage. There is rising water. Send someone now!",rising water; cyclone damage; underpass,CYCLONE,1
Oh my god! The caller says there is a fallen tree at Railway Yard. Visibility is poor. People are moving away. Send someone now!,fallen tree; railway yard; caller,RESCUE,2
"Wait, yes, Ahhh! Reports are coming in from Central Market about a earthquake damage. There is smoke. Traffic is building up. Visibility is poor. Please hurry!",earthquake damage; central market; smoke,RESCUE,5
"It's, um, Help! Reports are coming in from Old Railway Crossing about a dam overflow. There is gas leak. Visibility is poor.",old railway crossing; gas leak; dam overflow,FLOOD,3
Please hurry! I think there has been a landslide near College Road. an unconscious person.,an unconscious person; college road; landslide,RESCUE,4
There's... A child says there is a bridge damage near Factory Road. They noticed fallen tree. Visibility is poor. People are moving away.,fallen tree; bridge damage; factory road,RESCUE,1
Oh my god! Reports are coming in from Factory Road about a fallen tree. There is blocked road. Traffic is building up. A security guard is waiting. Send someone now!,fallen tree; blocked road; security guard,RESCUE,1
Caller reports a dam overflow at Western Expressway. There is toxic fumes. The incident happened around noon. A security guard is waiting. Please hurry!,security guard; western expressway; dam overflow,FLOOD,1
911? There has been a fuel leak near Industrial Area. I can see a truck involved and a trapped passenger. Send someone now!,a trapped passenger; industrial area; fuel leak,HAZMAT,5
Please send help to Bus Terminal. We have a bus crash involving a truck. What do I do?!,bus crash; bus terminal; truck,CRASH,3
We have a power line failure near Tunnel Entrance. It happened a few minutes ago.,power line failure; tunnel entrance; happened,HAZMAT,2
Help! Please send help to Old Bridge. We have a aircraft emergency involving a ambulance. People are moving away. The weather is dense fog.,old bridge; dense fog; aircraft emergency,CRASH,2
Oh my god! Reports are coming in from Airport Junction about a flash flood. There is oil spill. The weather is thunderstorm.,airport junction; oil spill; flash flood,FLOOD,2
"It's, um, There has been a chemical spill near Forest Checkpoint. I can see a train involved and one injured person. The incident happened during rush hour. What do I do?!",one injured person; chemical spill; forest checkpoint,HAZMAT,2
Please hurry! Please send help to Airport Road. We have a hazardous material incident involving a bus.,hazardous material incident; airport road; bus,HAZMAT,2
"Wait, yes, Ahhh! Reports are coming in from City Hospital about a motorcycle accident. There is fallen tree. People are moving away. Send someone now!",city hospital; fallen tree; motorcycle accident,CRASH,1
I think there has been a fallen tree near Airport Junction. an injured child. Send someone now!,an injured child; airport junction; fallen tree,RESCUE,3
"I... I don't know, Please hurry! We have a evacuation near Industrial Area. It happened about half an hour ago.",industrial area; evacuation; dont,RESCUE,2
Caller reports a bus crash at Highway Toll Plaza. There is smoke. Please hurry!,highway toll plaza; bus crash; smoke,CRASH,3
"It's, um, Help! We have a forest fire near Highway Toll Plaza. It happened about ten minutes ago. The weather is cold weather. Visibility is poor.",highway toll plaza; cold weather; forest fire,FIRE,2
There has been a fuel leak near Shopping District. I can see a school bus involved and an injured child. A passenger is waiting.,an injured child; school bus; fuel leak,HAZMAT,3
"Wait, yes, We have a gas leak near Industrial Area. It happened around noon. The weather is dense fog.",industrial area; dense fog; gas leak,HAZMAT,3
The caller says there is a lightning strike at Industrial Area. The incident happened just now. The incident happened just now. Please hurry!,lightning strike; industrial area; caller,CYCLONE,1
There's... We have a building collapse near Airport Junction. It happened before sunrise. Traffic is building up. People are moving away. Send someone now!,airport junction; building collapse; theres,RESCUE,5
Please send help to Riverbank. We have a building collapse involving a SUV. A pedestrian is waiting.,building collapse; riverbank; pedestrian,RESCUE,5
There's... Please send help to Old Railway Crossing. We have a storm damage involving a car. People are moving away.,old railway crossing; storm damage; car,CYCLONE,3
There's... Oh my god! We have a chemical spill near Railway Yard. It happened a few minutes ago. A cyclist is waiting. People are moving away.,railway yard; chemical spill; cyclist,HAZMAT,3
There's... Oh my god! I think there has been a fallen tree near Main Highway. one injured person. Visibility is poor. The weather is dust storm.,one injured person; main highway; fallen tree,RESCUE,3
Please hurry! I am near Residential Block and there has been a cyclone damage. The road is affected and I can see diesel leak. Send someone now!,cyclone damage; diesel leak; residential block,CYCLONE,3
"I... I don't know, Ahhh! A cyclist says there is a electrical accident near Eastern Bypass. They noticed blocked road.",electrical accident; blocked road; eastern bypass,FIRE,1
Please send help to Forest Checkpoint. We have a factory fire involving a car.,factory fire; forest checkpoint; car,FIRE,2
"Wait, yes, Please send help to Central Market. We have a power line failure involving a tanker. People are moving away. Visibility is poor.",power line failure; central market; tanker,HAZMAT,1
911? Reports are coming in from Eastern Bypass about a car rollover. There is oil spill.,oil spill; eastern bypass; car rollover,CRASH,2
911? There has been a fuel leak near South Flyover. I can see a delivery vehicle involved and three injured passengers. A passenger is waiting. Visibility is poor. What do I do?!,three injured passengers; fuel leak; south flyover,HAZMAT,3
"It's, um, A shopkeeper says there is a forest fire near Factory Road. They noticed toxic fumes. People are moving away. The incident happened during rush hour.",forest fire; factory road; toxic fumes,FIRE,3
There's... I think there has been a cold exposure near Old Railway Crossing. one injured person. The weather is poor visibility.,one injured person; old railway crossing; poor visibility,MEDICAL,3
"I... I don't know, 911? A cyclist says there is a cold exposure near South Flyover. They noticed blocked road. People are moving away. Please hurry!",blocked road; south flyover; cold exposure,MEDICAL,2
Oh my god! Heavy cyclonic winds is making the situation worse near Dam Road. There is a building fire. The incident happened late last night. People are moving away.,building fire; cyclonic winds; dam road,FIRE,2
Please send help to Factory Road. We have a urban flooding involving a van. Traffic is building up. What do I do?!,urban flooding; factory road; van,FLOOD,3
"I... I don't know, Oh my god! Caller reports a building collapse at Residential Block. There is chemical fumes. What do I do?!",building collapse; residential block; chemical fumes,RESCUE,5
Help! The caller says there is a car rollover at Railway Yard. The incident happened this afternoon. Traffic is building up.,railway yard; car rollover; help,CRASH,2
There's... I think there has been a flash flood near Market Road. one injured person. A pedestrian is waiting. Send someone now!,one injured person; market road; flash flood,FLOOD,2
"Wait, yes, Help! The caller says there is a aircraft emergency at Station Road.",aircraft emergency; station road; wait,CRASH,2
Oh my god! A pedestrian says there is a storm damage near Market Road. They noticed live electrical wires.,live electrical wires; storm damage; market road,CYCLONE,3
Please send help to Eastern Bypass. We have a explosion involving a tanker. The weather is extreme heat. Traffic is building up. Send someone now!,extreme heat; eastern bypass; tanker,RESCUE,5
The caller says there is a medical emergency at Tunnel Entrance. People are moving away. People are moving away.,tunnel entrance; medical emergency; caller,MEDICAL,2
Ahhh! I am near Central Flyover and there has been a car rollover. The road is affected and I can see fire. The weather is heavy rain. Please hurry!,central flyover; heavy rain; car rollover,CRASH,2
There has been a severe rainfall near North Underpass. I can see a tanker involved and several injured people. Please hurry!,several injured people; north underpass; severe rainfall,CYCLONE,3
911? Caller reports a earthquake damage at Highway Toll Plaza. There is unstable structure. People are moving away.,highway toll plaza; earthquake damage; unstable structure,RESCUE,4
Help! The caller says there is a motorcycle accident at Dam Road.,motorcycle accident; dam road; help,CRASH,1
Help! Reports are coming in from Central Flyover about a train derailment. There is fuel leak.,central flyover; fuel leak; train derailment,CRASH,5
"I... I don't know, Ahhh! Reports are coming in from Western Expressway about a car rollover. There is fire. A driver is waiting. Visibility is poor. Please hurry!",western expressway; car rollover; driver,CRASH,2
"I... I don't know, I am near Warehouse District and there has been a train derailment. The road is affected and I can see chemical fumes. People are moving away.",chemical fumes; train derailment; warehouse district,CRASH,4
The caller says there is a lightning strike at Port Entrance. Visibility is poor. People are moving away. What do I do?!,lightning strike; port entrance; caller,CYCLONE,2
Please hurry! The caller says there is a heat emergency at Port Entrance. People are moving away.,port entrance; heat emergency; please,MEDICAL,1
I am near Tunnel Entrance and there has been a fuel leak. The road is affected and I can see toxic fumes. A pedestrian is waiting. The weather is dust storm.,dust storm; fuel leak; tunnel entrance,HAZMAT,3
Help! I think there has been a gas leak near Riverbank. a trapped passenger. The incident happened during rush hour. The incident happened during rush hour.,a trapped passenger; gas leak; riverbank,HAZMAT,5
Oh my god! I am near Industrial Area and there has been a earthquake damage. The road is affected and I can see oil spill. People are moving away. Send someone now!,industrial area; oil spill; earthquake damage,RESCUE,4
There's... Please send help to Warehouse District. We have a hazardous material incident involving a fuel tanker. A worker is waiting.,hazardous material incident; fuel tanker; warehouse district,HAZMAT,1
Help! Reports are coming in from Warehouse District about a bridge damage. There is rising water.,rising water; bridge damage; warehouse district,RESCUE,2
Please send help to College Road. We have a truck accident involving a delivery vehicle. Traffic is building up. What do I do?!,truck accident; college road; delivery vehicle,CRASH,1
Reports are coming in from Dam Road about a industrial accident. There is gas leak. Visibility is poor. The weather is heavy rain. Please hurry!,industrial accident; gas leak; heavy rain,MEDICAL,3
There's... Please hurry! There has been a forest fire near South Flyover. I can see a van involved and an unconscious person. Traffic is building up.,an unconscious person; south flyover; forest fire,FIRE,4
911? A elderly person says there is a explosion near Tunnel Entrance. They noticed fallen tree. Traffic is building up. Please hurry!,fallen tree; elderly person; tunnel entrance,RESCUE,4
We have a cold exposure near Old Railway Crossing. It happened about half an hour ago. Traffic is building up. What do I do?!,old railway crossing; cold exposure; happened,MEDICAL,2
Ahhh! There has been a building fire near City Hospital. I can see a delivery vehicle involved and several injured people. The weather is heavy rain. A elderly person is waiting. Please hurry!,several injured people; city hospital; elderly person,FIRE,2
"Wait, yes, Oh my god! Caller reports a earthquake damage at Warehouse District. There is broken glass. Send someone now!",broken glass; earthquake damage; warehouse district,RESCUE,5
911? Reports are coming in from Temple Road about a flash flood. There is smoke. A construction worker is waiting.,construction worker; temple road; flash flood,FLOOD,3
Ahhh! Please send help to Tunnel Entrance. We have a medical emergency involving a bus. Traffic is building up. Send someone now!,tunnel entrance; medical emergency; bus,MEDICAL,2
Caller reports a dam overflow at Central Flyover. There is live electrical wires. The weather is poor visibility. Please hurry!,live electrical wires; central flyover; poor visibility,FLOOD,1
"It's, um, Ahhh! We have a cold exposure near Warehouse District. It happened about half an hour ago. Send someone now!",cold exposure; warehouse district; ahhh,MEDICAL,2
Please hurry! Please send help to Main Highway. We have a warehouse fire involving a ambulance. Traffic is building up. Send someone now!,main highway; warehouse fire; ambulance,FIRE,2
"It's, um, We have a missing person near Tunnel Entrance. It happened this afternoon. The weather is cold weather.",cold weather; missing person; tunnel entrance,RESCUE,1
"I... I don't know, I think there has been a power line failure near Station Road. three injured passengers.",three injured passengers; power line failure; station road,HAZMAT,2
Oh my god! A child says there is a building fire near Bus Depot. They noticed fallen tree. Visibility is poor. What do I do?!,fallen tree; bus depot; building fire,FIRE,3
Help! Caller reports a railway accident at College Road. There is fire.,railway accident; college road; fire,CRASH,3
Reports are coming in from North Underpass about a flash flood. There is unstable structure. Visibility is poor.,north underpass; unstable structure; flash flood,FLOOD,2
I am near Tunnel Entrance and there has been a fuel leak. The road is affected and I can see fallen tree.,fallen tree; fuel leak; tunnel entrance,HAZMAT,2
Help! I think there has been a bridge damage near Underpass. a trapped passenger. People are moving away. Traffic is building up. Send someone now!,a trapped passenger; bridge damage; underpass,RESCUE,4
Reports are coming in from North Underpass about a car rollover. There is live electrical wires. Please hurry!,live electrical wires; north underpass; car rollover,CRASH,2
911? Caller reports a car rollover at Forest Checkpoint. There is toxic fumes. The weather is heavy rain. Visibility is poor.,heavy rain; car rollover; toxic fumes,CRASH,1
There has been a truck accident near Central Flyover. I can see a tanker involved and an injured child. The weather is stormy weather. Please hurry!,an injured child; stormy weather; central flyover,CRASH,2
"It's, um, Reports are coming in from Dam Road about a fallen tree. There is fallen tree.",fallen tree; dam road; reports,RESCUE,1
There's... Oh my god! There has been a evacuation near Coastal Road. I can see a train involved and two injured people. The incident happened about ten minutes ago. Send someone now!,two injured people; coastal road; train,RESCUE,2
"It's, um, Help! A security guard says there is a forest fire near Airport Road. They noticed broken glass. People are moving away. Send someone now!",broken glass; airport road; security guard,FIRE,2
There has been a motorcycle accident near Airport Road. I can see a motorcycle involved and an unconscious person. People are moving away. The weather is continuous rainfall.,an unconscious person; airport road; continuous rainfall,CRASH,4
"It's, um, Ahhh! Reports are coming in from North Underpass about a train derailment. There is blocked road. Traffic is building up. What do I do?!",north underpass; blocked road; train derailment,CRASH,4
"Wait, yes, Help! We have a aircraft emergency near Underpass. It happened around noon. Traffic is building up. Visibility is poor. Please hurry!",aircraft emergency; underpass; wait,CRASH,2
Help! I am near North Underpass and there has been a factory fire. The road is affected and I can see fire. Visibility is poor.,north underpass; factory fire; help,FIRE,2
There's... The caller says there is a fallen tree at River Bridge.,fallen tree; river bridge; theres,RESCUE,2
Caller reports a stampede at Airport Junction. There is debris. A resident is waiting.,airport junction; debris; stampede,RESCUE,1
"Wait, yes, Oh my god! Please send help to Shopping District. We have a fuel leak involving a motorcycle. Traffic is building up. The weather is cold weather.",cold weather; fuel leak; shopping district,HAZMAT,2
Caller reports a explosion at Railway Yard. There is gas leak. Visibility is poor.,railway yard; gas leak; explosion,RESCUE,4
Please hurry! Please send help to Main Highway. We have a missing person involving a sedan. Traffic is building up.,main highway; missing person; sedan,RESCUE,2
Oh my god! Reports are coming in from Harbor Area about a crowd emergency. There is debris. What do I do?!,crowd emergency; harbor area; debris,RESCUE,2
Oh my god! There has been a railway accident near Market Road. I can see a bus involved and people with minor injuries. What do I do?!,people with minor injuries; railway accident; market road,CRASH,1
"It's, um, 911? We have a chemical spill near South Flyover. It happened around noon. The weather is extreme heat. The incident happened around noon.",extreme heat; chemical spill; south flyover,HAZMAT,2
Ahhh! I am near Central Market and there has been a evacuation. The road is affected and I can see toxic fumes. The weather is lightning.,central market; toxic fumes; lightning,RESCUE,2
"I... I don't know, 911? The caller says there is a building collapse at Airport Road. A resident is waiting.",airport road; building collapse; resident,RESCUE,5
Please hurry! Heavy wet roads is making the situation worse near Shopping District. There is a fallen tree. Please hurry!,fallen tree; wet roads; shopping district,RESCUE,2
We have a power line failure near City Hospital. It happened late last night. Traffic is building up.,power line failure; city hospital; happened,HAZMAT,2
Heavy thunderstorm is making the situation worse near Riverbank. There is a car rollover. Traffic is building up. Visibility is poor.,car rollover; thunderstorm; riverbank,CRASH,3
Oh my god! Reports are coming in from South Flyover about a lightning strike. There is live electrical wires. The weather is strong winds. The incident happened this afternoon.,live electrical wires; lightning strike; strong winds,CYCLONE,2
Help! Please send help to City Hospital. We have a warehouse fire involving a train. People are moving away.,city hospital; warehouse fire; train,FIRE,3
We have a building fire near Station Road. It happened late last night. A shopkeeper is waiting. The incident happened late last night.,building fire; station road; shopkeeper,FIRE,3
I think there has been a crowd emergency near Coastal Road. several injured people. People are moving away. Send someone now!,several injured people; crowd emergency; coastal road,RESCUE,2
Oh my god! The caller says there is a lightning strike at City Hospital. Traffic is building up. The weather is wet roads.,lightning strike; city hospital; wet roads,CYCLONE,1
Ahhh! Caller reports a factory fire at Main Highway. There is gas leak. Please hurry!,main highway; gas leak; factory fire,FIRE,3
There's... Please send help to College Road. We have a explosion involving a fuel tanker. A construction worker is waiting. A construction worker is waiting. What do I do?!,construction worker; college road; fuel tanker,RESCUE,5
"It's, um, Please send help to Forest Checkpoint. We have a motorcycle accident involving a van.",motorcycle accident; forest checkpoint; van,CRASH,1
Help! I think there has been a fuel leak near Industrial Gate. an injured child. People are moving away. People are moving away.,an injured child; industrial gate; fuel leak,HAZMAT,2
"It's, um, Oh my god! I think there has been a urban flooding near Shopping District. two injured people. Visibility is poor. A resident is waiting. What do I do?!",two injured people; urban flooding; shopping district,FLOOD,3
There's... The caller says there is a truck accident at Riverbank. Visibility is poor. The incident happened this afternoon. What do I do?!,truck accident; riverbank; theres,CRASH,1
911? A resident says there is a fallen tree near Old Bridge. They noticed fuel leak.,fallen tree; old bridge; fuel leak,RESCUE,3
Heavy lightning is making the situation worse near Tunnel Entrance. There is a explosion. People are moving away.,tunnel entrance; explosion; lightning,RESCUE,5
"I... I don't know, Oh my god! Heavy strong winds is making the situation worse near Underpass. There is a building fire. People are moving away.",strong winds; building fire; underpass,FIRE,3
"Wait, yes, There has been a chemical spill near Central Market. I can see a SUV involved and people with minor injuries.",people with minor injuries; chemical spill; central market,HAZMAT,3
There has been a landslide near Central Flyover. I can see a car involved and one injured person. People are moving away. A resident is waiting.,one injured person; central flyover; car,RESCUE,2
"Wait, yes, Oh my god! Reports are coming in from Forest Checkpoint about a crowd emergency. There is diesel leak. Visibility is poor. Visibility is poor. Send someone now!",crowd emergency; diesel leak; forest checkpoint,RESCUE,3
There's... I am near Underpass and there has been a stampede. The road is affected and I can see diesel leak. A worker is waiting.,diesel leak; stampede; worker,RESCUE,2
Caller reports a landslide at Coastal Road. There is diesel leak.,diesel leak; coastal road; landslide,RESCUE,2
"I... I don't know, I am near North Underpass and there has been a dam overflow. The road is affected and I can see fuel leak. What do I do?!",north underpass; fuel leak; dam overflow,FLOOD,2
Reports are coming in from Outer Ring Road about a drowning. There is fire. The incident happened late last night. The weather is stormy weather.,outer ring road; stormy weather; drowning,RESCUE,5
Please hurry! I think there has been a factory fire near Forest Checkpoint. people with minor injuries. Traffic is building up. What do I do?!,people with minor injuries; factory fire; forest checkpoint,FIRE,2
911? There has been a storm damage near South Flyover. I can see a motorcycle involved and three injured passengers. A resident is waiting. What do I do?!,three injured passengers; storm damage; south flyover,CYCLONE,3
I am near Tunnel Entrance and there has been a drowning. The road is affected and I can see fallen tree. Visibility is poor. The weather is thunderstorm. Please hurry!,fallen tree; tunnel entrance; thunderstorm,RESCUE,4
"I... I don't know, Please hurry! Please send help to Residential Block. We have a building fire involving a car. The incident happened before sunrise. People are moving away.",residential block; building fire; car,FIRE,2
911? Reports are coming in from Port Entrance about a medical emergency. There is unstable structure.,port entrance; unstable structure; medical emergency,MEDICAL,2
Oh my god! A shopkeeper says there is a cyclone damage near Railway Yard. They noticed diesel leak.,railway yard; cyclone damage; diesel leak,CYCLONE,3
911? Reports are coming in from Western Expressway about a chemical spill. There is broken glass. A construction worker is waiting. What do I do?!,broken glass; construction worker; chemical spill,HAZMAT,3
Please hurry! I think there has been a power line failure near Ring Road. an unconscious person. People are moving away.,an unconscious person; power line failure; ring road,HAZMAT,5
Help! I think there has been a motorcycle accident near Industrial Area. three injured passengers. People are moving away. A worker is waiting.,three injured passengers; industrial area; motorcycle accident,CRASH,3
Oh my god! A resident says there is a explosion near Industrial Gate. They noticed gas leak.,industrial gate; gas leak; explosion,RESCUE,4
Help! There has been a bus crash near Underpass. I can see a car involved and a trapped passenger. People are moving away. A security guard is waiting.,a trapped passenger; bus crash; security guard,CRASH,5
Oh my god! A shopkeeper says there is a lightning strike near Shopping District. They noticed fuel leak. The incident happened this afternoon.,lightning strike; fuel leak; shopping district,CYCLONE,2
Please send help to Airport Road. We have a cold exposure involving a ambulance. Visibility is poor. The weather is dense fog.,airport road; dense fog; cold exposure,MEDICAL,1
Please hurry! The caller says there is a stampede at Highway Toll Plaza. Visibility is poor. Send someone now!,highway toll plaza; stampede; please,RESCUE,2
Ahhh! Reports are coming in from Eastern Bypass about a boat accident. There is rising water. Please hurry!,boat accident; rising water; eastern bypass,CRASH,1
"I... I don't know, The caller says there is a boat accident at Old Bridge.",boat accident; old bridge; dont,CRASH,1
"Wait, yes, We have a cyclone damage near Commercial Street. It happened during rush hour. A cyclist is waiting.",cyclone damage; commercial street; cyclist,CYCLONE,2
I am near Railway Station and there has been a explosion. The road is affected and I can see unstable structure. People are moving away. The weather is continuous rainfall.,railway station; continuous rainfall; unstable structure,RESCUE,5
I am near City Center and there has been a power line failure. The road is affected and I can see oil spill. People are moving away.,power line failure; city center; oil spill,HAZMAT,2
I am near Highway Toll Plaza and there has been a building fire. The road is affected and I can see diesel leak. Visibility is poor. The incident happened late last night.,highway toll plaza; diesel leak; building fire,FIRE,3
The caller says there is a car rollover at Shopping District. A shopkeeper is waiting. A shopkeeper is waiting.,shopping district; car rollover; shopkeeper,CRASH,2
Oh my god! I am near Ring Road and there has been a railway accident. The road is affected and I can see diesel leak. The weather is heavy rain. The weather is heavy rain. Please hurry!,ring road; railway accident; diesel leak,CRASH,3
Please hurry! I am near Eastern Bypass and there has been a missing person. The road is affected and I can see broken glass. The incident happened before sunrise.,broken glass; missing person; eastern bypass,RESCUE,1
The caller says there is a evacuation at Commercial Street. The incident happened around noon.,commercial street; evacuation; caller,RESCUE,2
There has been a chemical spill near Underpass. I can see a fuel tanker involved and three injured passengers. The incident happened this afternoon.,three injured passengers; chemical spill; fuel tanker,HAZMAT,2
Please hurry! We have a gas leak near Main Highway. It happened late last night.,main highway; gas leak; please,HAZMAT,2
911? We have a car rollover near Forest Checkpoint. It happened late last night. People are moving away. Traffic is building up.,car rollover; forest checkpoint; happened,CRASH,1
Please send help to Old Bridge. We have a gas leak involving a train.,old bridge; gas leak; train,HAZMAT,2
A cyclist says there is a factory fire near City Hospital. They noticed fallen tree.,city hospital; fallen tree; factory fire,FIRE,3
"I... I don't know, Ahhh! Please send help to Central Market. We have a gas leak involving a school bus. People are moving away. Visibility is poor. What do I do?!",school bus; gas leak; central market,HAZMAT,3
Please send help to Outer Ring Road. We have a cyclone damage involving a fuel tanker.,outer ring road; cyclone damage; fuel tanker,CYCLONE,1
"I... I don't know, 911? There has been a vehicle collision near Port Entrance. I can see a sedan involved and a seriously injured driver. Traffic is building up. Please hurry!",a seriously injured driver; vehicle collision; port entrance,CRASH,2
Oh my god! A resident says there is a lightning strike near Central Flyover. They noticed broken glass. The weather is extreme heat. What do I do?!,lightning strike; broken glass; extreme heat,CYCLONE,2
"Wait, yes, Ahhh! I think there has been a road blockage near Old Bridge. multiple casualties. Visibility is poor.",old bridge; road blockage; multiple casualties,RESCUE,4
There's... There has been a chemical spill near Underpass. I can see a tanker involved and three injured passengers. Visibility is poor. Send someone now!,three injured passengers; chemical spill; tanker,HAZMAT,3
A passenger says there is a hazardous material incident near Railway Yard. They noticed live electrical wires. A passenger is waiting. Please hurry!,live electrical wires; hazardous material incident; railway yard,HAZMAT,2
"I... I don't know, 911? I think there has been a missing person near Port Entrance. one injured person.",one injured person; missing person; port entrance,RESCUE,3
There's... The caller says there is a storm damage at Outer Ring Road.,outer ring road; storm damage; theres,CYCLONE,2
"It's, um, Please send help to Coastal Road. We have a fallen tree involving a fuel tanker. A passenger is waiting.",fallen tree; coastal road; fuel tanker,RESCUE,2
Ahhh! The caller says there is a flash flood at Factory Road. The incident happened a few minutes ago.,flash flood; factory road; ahhh,FLOOD,2
Please send help to Residential Block. We have a warehouse fire involving a fuel tanker. A construction worker is waiting. Traffic is building up. What do I do?!,construction worker; residential block; warehouse fire,FIRE,3
"I... I don't know, We have a stampede near Airport Road. It happened around midnight.",airport road; stampede; dont,RESCUE,1
There's... Ahhh! Caller reports a severe rainfall at Market Road. There is fuel leak. The weather is wet roads.,severe rainfall; fuel leak; wet roads,CYCLONE,3
There has been a flash flood near Dam Road. I can see a fuel tanker involved and a trapped passenger. Send someone now!,a trapped passenger; fuel tanker; flash flood,FLOOD,4
"Wait, yes, Help! A construction worker says there is a cyclone damage near Port Entrance. They noticed fire. A construction worker is waiting. What do I do?!",construction worker; port entrance; cyclone damage,CYCLONE,3
Please hurry! I think there has been a aircraft emergency near Residential Block. a seriously injured driver. Send someone now!,a seriously injured driver; residential block; aircraft emergency,CRASH,2
Please send help to Industrial Area. We have a fallen tree involving a bus.,industrial area; fallen tree; bus,RESCUE,1
911? The caller says there is a aircraft emergency at Old Bridge. Please hurry!,old bridge; aircraft emergency; caller,CRASH,2
Ahhh! Reports are coming in from City Center about a missing person. There is debris. Traffic is building up. Send someone now!,city center; missing person; debris,RESCUE,1
"It's, um, Please send help to North Underpass. We have a railway accident involving a sedan. A elderly person is waiting. The weather is poor visibility.",railway accident; north underpass; poor visibility,CRASH,1
Oh my god! I am near Forest Checkpoint and there has been a bus crash. The road is affected and I can see fallen tree.,fallen tree; bus crash; forest checkpoint,CRASH,3
Please send help to Industrial Area. We have a boat accident involving a ambulance. People are moving away. Traffic is building up.,boat accident; industrial area; ambulance,CRASH,2
We have a drowning near South Flyover. It happened before sunrise. People are moving away. Visibility is poor. What do I do?!,south flyover; drowning; happened,RESCUE,4
"I... I don't know, Oh my god! The caller says there is a train derailment at South Flyover. Traffic is building up. Visibility is poor. Please hurry!",south flyover; train derailment; dont,CRASH,5
"It's, um, Oh my god! We have a fallen tree near Underpass. It happened around midnight. Traffic is building up.",fallen tree; underpass; happened,RESCUE,1
"It's, um, Please hurry! Heavy thunderstorm is making the situation worse near Underpass. There is a landslide. A driver is waiting. What do I do?!",thunderstorm; driver; underpass,RESCUE,3
I think there has been a wildfire near Coastal Road. one injured person. Traffic is building up. Please hurry!,one injured person; coastal road; wildfire,FIRE,2
Ahhh! A passenger says there is a lightning strike near Industrial Area. They noticed blocked road. Send someone now!,lightning strike; industrial area; blocked road,CYCLONE,2
There's... Please hurry! I am near Riverbank and there has been a building collapse. The road is affected and I can see gas leak.,building collapse; gas leak; riverbank,RESCUE,4
"It's, um, We have a crowd emergency near Outer Ring Road. It happened around midnight. What do I do?!",outer ring road; crowd emergency; happened,RESCUE,2
Help! Caller reports a lightning strike at Eastern Bypass. There is unstable structure. What do I do?!,lightning strike; unstable structure; eastern bypass,CYCLONE,1
Oh my god! I think there has been a building fire near Forest Checkpoint. a seriously injured driver. The incident happened this afternoon.,a seriously injured driver; building fire; forest checkpoint,FIRE,3
911? We have a drowning near Bus Depot. It happened before sunrise.,bus depot; drowning; happened,RESCUE,4
Reports are coming in from River Bridge about a stampede. There is chemical fumes. People are moving away.,river bridge; chemical fumes; stampede,RESCUE,1
"I... I don't know, Heavy dense fog is making the situation worse near Highway Toll Plaza. There is a lightning strike. The weather is dense fog. Visibility is poor. What do I do?!",highway toll plaza; lightning strike; dense fog,CYCLONE,2
Reports are coming in from City Hospital about a fallen tree. There is broken glass. The weather is dense fog.,broken glass; city hospital; fallen tree,RESCUE,1
I am near Factory Road and there has been a warehouse fire. The road is affected and I can see smoke. Traffic is building up.,warehouse fire; factory road; smoke,FIRE,2
Oh my god! Heavy thunderstorm is making the situation worse near City Center. There is a warehouse fire. The incident happened before sunrise. Visibility is poor. Send someone now!,city center; warehouse fire; thunderstorm,FIRE,2
911? We have a cold exposure near Shopping District. It happened during rush hour. Send someone now!,cold exposure; shopping district; happened,MEDICAL,2
There's... Please hurry! A security guard says there is a train derailment near South Flyover. They noticed smoke. People are moving away. A security guard is waiting.,security guard; south flyover; train derailment,CRASH,5
"I... I don't know, Please hurry! Caller reports a industrial accident at Tunnel Entrance. There is blocked road. Please hurry!",blocked road; industrial accident; tunnel entrance,MEDICAL,2
Ahhh! The caller says there is a explosion at Airport Junction. The incident happened late last night. Visibility is poor.,airport junction; explosion; ahhh,RESCUE,5
"I... I don't know, I am near River Bridge and there has been a wildfire. The road is affected and I can see live electrical wires. A resident is waiting. People are moving away.",live electrical wires; river bridge; wildfire,FIRE,2
There's... Heavy extreme heat is making the situation worse near Coastal Road. There is a crowd emergency. Traffic is building up. Visibility is poor. What do I do?!,extreme heat; crowd emergency; coastal road,RESCUE,2
"Wait, yes, Heavy poor visibility is making the situation worse near Warehouse District. There is a building fire. The incident happened early this morning.",poor visibility; building fire; warehouse district,FIRE,3
Ahhh! The caller says there is a fallen tree at Industrial Gate. People are moving away. Traffic is building up. Send someone now!,fallen tree; industrial gate; ahhh,RESCUE,2
"Wait, yes, Help! Please send help to Market Road. We have a boat accident involving a van. What do I do?!",boat accident; market road; van,CRASH,1
There has been a heat emergency near Railway Station. I can see a truck involved and people with minor injuries. Traffic is building up. The weather is extreme heat.,people with minor injuries; extreme heat; railway station,MEDICAL,2
Help! Caller reports a missing person at North Underpass. There is fallen tree.,north underpass; fallen tree; missing person,RESCUE,2
"I... I don't know, 911? I think there has been a medical emergency near North Underpass. people with minor injuries. The incident happened around noon.",people with minor injuries; north underpass; medical emergency,MEDICAL,1
Ahhh! We have a flash flood near Shopping District. It happened late last night. Send someone now!,shopping district; flash flood; ahhh,FLOOD,2
There's... I think there has been a wildfire near Railway Yard. an injured child. Visibility is poor.,an injured child; railway yard; wildfire,FIRE,3
Please hurry! I am near Central Flyover and there has been a flash flood. The road is affected and I can see live electrical wires. People are moving away. What do I do?!,live electrical wires; central flyover; flash flood,FLOOD,2
Ahhh! We have a truck accident near Warehouse District. It happened during rush hour. The weather is stormy weather.,stormy weather; truck accident; warehouse district,CRASH,3
I am near Railway Station and there has been a storm damage. The road is affected and I can see diesel leak. The weather is cyclonic winds. A passenger is waiting.,storm damage; railway station; diesel leak,CYCLONE,3
Please send help to North Underpass. We have a warehouse fire involving a truck. Visibility is poor. The weather is cold weather.,north underpass; cold weather; warehouse fire,FIRE,3
Please hurry! Reports are coming in from Railway Station about a drowning. There is gas leak. A driver is waiting. Visibility is poor. What do I do?!,railway station; gas leak; driver,RESCUE,4
"It's, um, Please hurry! Please send help to Old Railway Crossing. We have a landslide involving a van. Traffic is building up. The incident happened around midnight.",old railway crossing; van; landslide,RESCUE,1
Oh my god! I think there has been a flash flood near Railway Station. a trapped passenger. A construction worker is waiting. Please hurry!,a trapped passenger; construction worker; railway station,FLOOD,5
I am near Old Bridge and there has been a electrical accident. The road is affected and I can see unstable structure. Please hurry!,electrical accident; old bridge; unstable structure,FIRE,2
There's... Oh my god! We have a aircraft emergency near Industrial Area. It happened about ten minutes ago.,industrial area; aircraft emergency; theres,CRASH,1
"Wait, yes, Oh my god! There has been a fuel leak near Central Flyover. I can see a bus involved and a seriously injured driver. Visibility is poor. Send someone now!",a seriously injured driver; central flyover; fuel leak,HAZMAT,2
Caller reports a urban flooding at Industrial Gate. There is diesel leak. Traffic is building up. The weather is continuous rainfall.,industrial gate; diesel leak; continuous rainfall,FLOOD,2
"Wait, yes, Caller reports a missing person at Port Entrance. There is oil spill. The weather is stormy weather. Visibility is poor.",stormy weather; missing person; port entrance,RESCUE,3
"Wait, yes, I am near Port Entrance and there has been a urban flooding. The road is affected and I can see blocked road. Visibility is poor. The incident happened before sunrise. Please hurry!",blocked road; port entrance; urban flooding,FLOOD,2
Help! I am near Residential Block and there has been a warehouse fire. The road is affected and I can see debris. A pedestrian is waiting. People are moving away. Send someone now!,residential block; warehouse fire; pedestrian,FIRE,3
Help! Caller reports a drowning at Residential Block. There is unstable structure. Traffic is building up.,unstable structure; residential block; drowning,RESCUE,5
Please hurry! Caller reports a cold exposure at Factory Road. There is gas leak. Traffic is building up. The weather is thunderstorm.,gas leak; cold exposure; factory road,MEDICAL,2
Heavy cyclonic winds is making the situation worse near Airport Road. There is a railway accident.,railway accident; airport road; cyclonic winds,CRASH,2
There's... Help! The caller says there is a drowning at Warehouse District. The weather is lightning. The weather is lightning.,warehouse district; drowning; lightning,RESCUE,5
Heavy thunderstorm is making the situation worse near Coastal Road. There is a industrial accident. The weather is thunderstorm. A shopkeeper is waiting. What do I do?!,industrial accident; coastal road; thunderstorm,MEDICAL,2
There's... Ahhh! Please send help to Tunnel Entrance. We have a wildfire involving a car. Traffic is building up. Visibility is poor.,tunnel entrance; wildfire; car,FIRE,3
Reports are coming in from Highway Toll Plaza about a warehouse fire. There is fuel leak.,highway toll plaza; fuel leak; warehouse fire,FIRE,2
Help! Caller reports a industrial accident at Highway Toll Plaza. There is broken glass. Please hurry!,highway toll plaza; broken glass; industrial accident,MEDICAL,2
"Wait, yes, Reports are coming in from Station Road about a car rollover. There is fire. The weather is lightning. The weather is lightning.",station road; car rollover; lightning,CRASH,3
There's... I think there has been a cold exposure near Factory Road. people with minor injuries. The incident happened just now. A passenger is waiting. Please hurry!,people with minor injuries; cold exposure; factory road,MEDICAL,2
There has been a lightning strike near Tunnel Entrance. I can see a bus involved and a seriously injured driver. People are moving away. The incident happened before sunrise.,a seriously injured driver; lightning strike; tunnel entrance,CYCLONE,3
Reports are coming in from Bus Depot about a wildfire. There is diesel leak. A cyclist is waiting. A cyclist is waiting.,diesel leak; bus depot; wildfire,FIRE,2
Oh my god! Please send help to Airport Junction. We have a evacuation involving a car. The incident happened this afternoon. The weather is dust storm. What do I do?!,airport junction; dust storm; car,RESCUE,2
"It's, um, Heavy dense fog is making the situation worse near Western Expressway. There is a building fire. What do I do?!",dense fog; building fire; western expressway,FIRE,3
Oh my god! Reports are coming in from Old Bridge about a severe rainfall. There is unstable structure. A elderly person is waiting. The incident happened this afternoon. What do I do?!,severe rainfall; old bridge; unstable structure,CYCLONE,2
"It's, um, Please hurry! I think there has been a industrial accident near Port Entrance. people with minor injuries. What do I do?!",people with minor injuries; port entrance; industrial accident,MEDICAL,1
911? Reports are coming in from Bus Terminal about a building fire. There is fallen tree. A resident is waiting. Please hurry!,fallen tree; bus terminal; building fire,FIRE,3
Ahhh! Reports are coming in from Industrial Gate about a flash flood. There is broken glass. The incident happened during rush hour. Traffic is building up. Please hurry!,broken glass; industrial gate; flash flood,FLOOD,3
Please hurry! I think there has been a fuel leak near College Road. two injured people. A resident is waiting. Visibility is poor. Please hurry!,two injured people; fuel leak; college road,HAZMAT,3
911? I think there has been a dam overflow near Industrial Area. one injured person. The weather is cyclonic winds. Visibility is poor. Please hurry!,one injured person; industrial area; cyclonic winds,FLOOD,3
Help! We have a bridge damage near Main Highway. It happened just now.,main highway; bridge damage; help,RESCUE,1
Help! There has been a motorcycle accident near South Flyover. I can see a motorcycle involved and multiple casualties. The incident happened this afternoon.,multiple casualties; motorcycle accident; south flyover,CRASH,5
There's... Please hurry! Please send help to Temple Road. We have a bridge damage involving a motorcycle. People are moving away. The incident happened early this morning. What do I do?!,temple road; bridge damage; motorcycle,RESCUE,2
There's... Help! Please send help to Harbor Area. We have a forest fire involving a school bus. Please hurry!,school bus; harbor area; forest fire,FIRE,3
I think there has been a building collapse near North Underpass. multiple casualties.,north underpass; building collapse; multiple casualties,RESCUE,5
I think there has been a explosion near Old Bridge. two injured people. Traffic is building up.,two injured people; old bridge; explosion,RESCUE,4
There has been a building fire near Shopping District. I can see a sedan involved and an unconscious person. People are moving away.,an unconscious person; building fire; shopping district,FIRE,5
"I... I don't know, Help! I think there has been a flash flood near Bus Terminal. an injured child. The incident happened this afternoon. Send someone now!",an injured child; bus terminal; flash flood,FLOOD,2
Reports are coming in from Ring Road about a warehouse fire. There is oil spill. What do I do?!,ring road; oil spill; warehouse fire,FIRE,3
"Wait, yes, There has been a dam overflow near Station Road. I can see a ambulance involved and an unconscious person. A cyclist is waiting. Please hurry!",an unconscious person; dam overflow; station road,FLOOD,4
Please hurry! There has been a power line failure near North Underpass. I can see a bus involved and several injured people. People are moving away. People are moving away.,several injured people; power line failure; north underpass,HAZMAT,2
I am near Western Expressway and there has been a gas leak. The road is affected and I can see broken glass. The weather is dust storm. Send someone now!,broken glass; dust storm; gas leak,HAZMAT,2
"It's, um, I think there has been a building fire near Tunnel Entrance. several injured people. People are moving away.",several injured people; tunnel entrance; building fire,FIRE,3
Please send help to Harbor Area. We have a aircraft emergency involving a car. Traffic is building up.,aircraft emergency; harbor area; car,CRASH,1
There's... Please hurry! There has been a crowd emergency near Forest Checkpoint. I can see a delivery vehicle involved and multiple casualties.,crowd emergency; multiple casualties; delivery vehicle,RESCUE,4
"It's, um, 911? The caller says there is a vehicle collision at Temple Road. Send someone now!",vehicle collision; temple road; caller,CRASH,2
Please send help to Shopping District. We have a flash flood involving a container truck. Visibility is poor.,container truck; shopping district; flash flood,FLOOD,2
Ahhh! I am near Factory Road and there has been a stampede. The road is affected and I can see oil spill.,oil spill; factory road; stampede,RESCUE,2
"Wait, yes, Please send help to Airport Junction. We have a building collapse involving a delivery vehicle. The weather is dust storm. Visibility is poor.",airport junction; dust storm; building collapse,RESCUE,4
A driver says there is a train derailment near Railway Yard. They noticed blocked road.,railway yard; blocked road; train derailment,CRASH,4
"I... I don't know, Heavy dense fog is making the situation worse near River Bridge. There is a stampede.",dense fog; river bridge; stampede,RESCUE,2
Heavy poor visibility is making the situation worse near Old Bridge. There is a industrial accident. The weather is poor visibility. What do I do?!,old bridge; poor visibility; industrial accident,MEDICAL,1
911? The caller says there is a landslide at North Underpass. People are moving away.,north underpass; landslide; caller,RESCUE,1
"I... I don't know, Please hurry! Caller reports a warehouse fire at Coastal Road. There is fallen tree. What do I do?!",fallen tree; coastal road; warehouse fire,FIRE,2
"I... I don't know, Please hurry! Reports are coming in from Main Highway about a dam overflow. There is fuel leak.",main highway; fuel leak; dam overflow,FLOOD,3
Oh my god! There has been a boat accident near Industrial Area. I can see a delivery vehicle involved and several injured people. People are moving away. People are moving away.,several injured people; boat accident; industrial area,CRASH,2
A passenger says there is a dam overflow near Temple Road. They noticed unstable structure. A passenger is waiting. People are moving away. What do I do?!,unstable structure; temple road; dam overflow,FLOOD,2
A driver says there is a car rollover near Railway Station. They noticed debris. What do I do?!,railway station; car rollover; driver,CRASH,2
We have a vehicle collision near Bus Depot. It happened a few minutes ago. The incident happened a few minutes ago.,vehicle collision; bus depot; happened,CRASH,2
Ahhh! Reports are coming in from Coastal Road about a fallen tree. There is fire. Send someone now!,fallen tree; coastal road; fire,RESCUE,3
"I... I don't know, I am near Underpass and there has been a dam overflow. The road is affected and I can see live electrical wires. Traffic is building up. Visibility is poor. Send someone now!",live electrical wires; dam overflow; underpass,FLOOD,1
Please hurry! Heavy wet roads is making the situation worse near Outer Ring Road. There is a drowning. Visibility is poor. The incident happened about half an hour ago.,outer ring road; wet roads; drowning,RESCUE,4
"Wait, yes, Caller reports a electrical accident at Port Entrance. There is rising water. A elderly person is waiting. The incident happened late last night.",electrical accident; rising water; port entrance,FIRE,2
Please send help to Central Flyover. We have a heat emergency involving a bus. Visibility is poor. Traffic is building up.,central flyover; heat emergency; bus,MEDICAL,2
There has been a explosion near Warehouse District. I can see a SUV involved and two injured people. People are moving away. Traffic is building up.,two injured people; warehouse district; explosion,RESCUE,5
911? I am near Shopping District and there has been a severe rainfall. The road is affected and I can see chemical fumes. The weather is dense fog. A driver is waiting.,severe rainfall; dense fog; chemical fumes,CYCLONE,2
There's... I think there has been a road blockage near Forest Checkpoint. an unconscious person. A pedestrian is waiting. The weather is dense fog.,an unconscious person; road blockage; dense fog,RESCUE,4
I am near Commercial Street and there has been a severe rainfall. The road is affected and I can see fallen tree. A child is waiting. A child is waiting.,fallen tree; severe rainfall; commercial street,CYCLONE,2
There's... Please send help to Ring Road. We have a aircraft emergency involving a container truck. The incident happened about half an hour ago. The weather is dense fog. What do I do?!,ring road; container truck; dense fog,CRASH,1
Please send help to Main Highway. We have a urban flooding involving a SUV. Send someone now!,main highway; urban flooding; suv,FLOOD,3
Help! The caller says there is a bus crash at Commercial Street. Please hurry!,bus crash; commercial street; help,CRASH,3
Ahhh! I think there has been a stampede near Bus Terminal. several injured people. People are moving away. People are moving away.,several injured people; bus terminal; stampede,RESCUE,3
There's... There has been a electrical accident near South Flyover. I can see a container truck involved and a seriously injured driver. The weather is cyclonic winds. The weather is cyclonic winds.,a seriously injured driver; electrical accident; container truck,FIRE,2
"It's, um, Ahhh! The caller says there is a severe rainfall at Industrial Area. Visibility is poor. People are moving away. What do I do?!",industrial area; severe rainfall; ahhh,CYCLONE,1
Caller reports a railway accident at North Underpass. There is blocked road. Please hurry!,railway accident; north underpass; blocked road,CRASH,2
"I... I don't know, Heavy extreme heat is making the situation worse near Eastern Bypass. There is a motorcycle accident. Traffic is building up. Send someone now!",extreme heat; motorcycle accident; eastern bypass,CRASH,1
There's... I am near City Center and there has been a building collapse. The road is affected and I can see fallen tree. Traffic is building up. The weather is wet roads.,city center; fallen tree; building collapse,RESCUE,5
"It's, um, There has been a missing person near City Center. I can see a car involved and an unconscious person. The incident happened early this morning. The weather is stormy weather. What do I do?!",an unconscious person; city center; stormy weather,RESCUE,4
Help! Caller reports a boat accident at Western Expressway. There is chemical fumes. A resident is waiting. The weather is dense fog.,boat accident; dense fog; chemical fumes,CRASH,2
Caller reports a missing person at Harbor Area. There is chemical fumes. The incident happened early this morning. Traffic is building up. Please hurry!,missing person; chemical fumes; harbor area,RESCUE,2
There's... Oh my god! Please send help to City Hospital. We have a vehicle collision involving a van. The weather is lightning. People are moving away.,city hospital; vehicle collision; van,CRASH,1
Ahhh! Caller reports a explosion at College Road. There is diesel leak. Traffic is building up. A passenger is waiting.,diesel leak; college road; explosion,RESCUE,4
911? I am near North Underpass and there has been a building fire. The road is affected and I can see chemical fumes. The weather is dust storm. Traffic is building up.,north underpass; dust storm; chemical fumes,FIRE,2
There's... 911? A driver says there is a truck accident near Western Expressway. They noticed oil spill. The incident happened just now. Traffic is building up.,truck accident; oil spill; western expressway,CRASH,3
"I... I don't know, I think there has been a storm damage near Industrial Area. an injured child. The incident happened about ten minutes ago. Please hurry!",an injured child; storm damage; industrial area,CYCLONE,3
There has been a cyclone damage near Railway Station. I can see a bus involved and three injured passengers.,three injured passengers; railway station; cyclone damage,CYCLONE,2
Help! We have a boat accident near Outer Ring Road. It happened around midnight. Traffic is building up. The incident happened around midnight. What do I do?!,outer ring road; boat accident; help,CRASH,2
Please hurry! We have a crowd emergency near Forest Checkpoint. It happened just now. A driver is waiting.,crowd emergency; forest checkpoint; driver,RESCUE,2
There's... 911? A worker says there is a industrial accident near Forest Checkpoint. They noticed gas leak. People are moving away. The incident happened before sunrise.,industrial accident; gas leak; forest checkpoint,MEDICAL,3
There has been a gas leak near Main Highway. I can see a car involved and an unconscious person.,an unconscious person; main highway; gas leak,HAZMAT,5
We have a truck accident near Underpass. It happened early this morning. Traffic is building up. Please hurry!,truck accident; underpass; happened,CRASH,1
"It's, um, Oh my god! Please send help to Highway Toll Plaza. We have a fallen tree involving a container truck. A elderly person is waiting. A elderly person is waiting. What do I do?!",highway toll plaza; container truck; fallen tree,RESCUE,1
Oh my god! I think there has been a dam overflow near River Bridge. multiple casualties. The weather is poor visibility. People are moving away. Send someone now!,poor visibility; river bridge; multiple casualties,FLOOD,5
"It's, um, 911? I am near South Flyover and there has been a forest fire. The road is affected and I can see broken glass. What do I do?!",broken glass; south flyover; forest fire,FIRE,2
"Wait, yes, There has been a train derailment near Dam Road. I can see a delivery vehicle involved and one injured person. People are moving away.",one injured person; delivery vehicle; train derailment,CRASH,5
Please hurry! I am near Dam Road and there has been a boat accident. The road is affected and I can see live electrical wires. The weather is dust storm. Traffic is building up. Please hurry!,live electrical wires; boat accident; dust storm,CRASH,3
"Wait, yes, Please hurry! I am near Industrial Gate and there has been a electrical accident. The road is affected and I can see broken glass.",broken glass; electrical accident; industrial gate,FIRE,2
There's... I think there has been a boat accident near Railway Station. two injured people. Traffic is building up.,two injured people; boat accident; railway station,CRASH,3
Reports are coming in from Factory Road about a vehicle collision. There is gas leak.,vehicle collision; gas leak; factory road,CRASH,3
The caller says there is a forest fire at Old Bridge.,old bridge; forest fire; caller,FIRE,2
Caller reports a train derailment at Riverbank. There is toxic fumes.,train derailment; toxic fumes; riverbank,CRASH,4
Ahhh! Caller reports a fallen tree at North Underpass. There is gas leak. Send someone now!,north underpass; fallen tree; gas leak,RESCUE,3
Oh my god! The caller says there is a aircraft emergency at Commercial Street.,commercial street; aircraft emergency; caller,CRASH,2
911? Heavy continuous rainfall is making the situation worse near Old Bridge. There is a bus crash.,old bridge; continuous rainfall; bus crash,CRASH,3
A cyclist says there is a industrial accident near River Bridge. They noticed fire. The weather is stormy weather.,stormy weather; river bridge; industrial accident,MEDICAL,2
We have a evacuation near Coastal Road. It happened early this morning. Send someone now!,coastal road; evacuation; happened,RESCUE,2
"Wait, yes, I am near Main Highway and there has been a vehicle collision. The road is affected and I can see gas leak. Traffic is building up.",main highway; vehicle collision; gas leak,CRASH,3
There's... We have a chemical spill near City Hospital. It happened during rush hour. The weather is dense fog. People are moving away. Please hurry!,city hospital; dense fog; chemical spill,HAZMAT,3
Ahhh! Caller reports a industrial accident at Residential Block. There is fuel leak.,fuel leak; industrial accident; residential block,MEDICAL,2
Please hurry! Heavy thunderstorm is making the situation worse near Industrial Gate. There is a dam overflow. The weather is thunderstorm.,industrial gate; dam overflow; thunderstorm,FLOOD,2
Oh my god! Reports are coming in from South Flyover about a forest fire. There is debris. The incident happened about half an hour ago. People are moving away. Send someone now!,south flyover; forest fire; debris,FIRE,3
Help! Please send help to Harbor Area. We have a railway accident involving a bus. Please hurry!,railway accident; harbor area; bus,CRASH,1
"I... I don't know, 911? There has been a severe rainfall near Bus Terminal. I can see a motorcycle involved and an injured child. A resident is waiting.",an injured child; severe rainfall; bus terminal,CYCLONE,2
"Wait, yes, Heavy lightning is making the situation worse near Main Highway. There is a hazardous material incident. Please hurry!",hazardous material incident; main highway; lightning,HAZMAT,2
"It's, um, A elderly person says there is a railway accident near Market Road. They noticed toxic fumes. People are moving away. People are moving away. What do I do?!",railway accident; elderly person; market road,CRASH,1
Ahhh! There has been a warehouse fire near Old Bridge. I can see a delivery vehicle involved and three injured passengers. The weather is heavy rain. Send someone now!,three injured passengers; old bridge; heavy rain,FIRE,2
"Wait, yes, The caller says there is a power line failure at Outer Ring Road. The weather is wet roads. Traffic is building up.",power line failure; outer ring road; wet roads,HAZMAT,2
Ahhh! Heavy thunderstorm is making the situation worse near Airport Junction. There is a bridge damage. The weather is thunderstorm.,airport junction; bridge damage; thunderstorm,RESCUE,2
"It's, um, Please hurry! We have a factory fire near Harbor Area. It happened around midnight. People are moving away. Send someone now!",factory fire; harbor area; please,FIRE,3
"I... I don't know, Oh my god! Reports are coming in from City Center about a train derailment. There is blocked road. Traffic is building up. Visibility is poor.",city center; blocked road; train derailment,CRASH,4
Help! We have a warehouse fire near Dam Road. It happened before sunrise. People are moving away.,warehouse fire; dam road; help,FIRE,2
Oh my god! Please send help to Central Flyover. We have a power line failure involving a SUV.,power line failure; central flyover; suv,HAZMAT,1
911? I am near Central Market and there has been a wildfire. The road is affected and I can see gas leak. A resident is waiting. Traffic is building up. What do I do?!,gas leak; central market; wildfire,FIRE,3
Caller reports a gas leak at Temple Road. There is unstable structure. Traffic is building up.,unstable structure; temple road; gas leak,HAZMAT,2
A construction worker says there is a truck accident near City Center. They noticed fire. Send someone now!,city center; construction worker; truck accident,CRASH,2
Help! I am near Old Railway Crossing and there has been a train derailment. The road is affected and I can see toxic fumes. Traffic is building up. A construction worker is waiting.,old railway crossing; construction worker; train derailment,CRASH,4
Oh my god! Heavy stormy weather is making the situation worse near Temple Road. There is a warehouse fire. A resident is waiting. People are moving away. Please hurry!,stormy weather; temple road; warehouse fire,FIRE,3
"Wait, yes, Please hurry! Please send help to Railway Yard. We have a railway accident involving a SUV. Send someone now!",railway accident; railway yard; suv,CRASH,1
Please hurry! Please send help to South Flyover. We have a severe rainfall involving a fuel tanker. A construction worker is waiting. Visibility is poor. Please hurry!,construction worker; severe rainfall; south flyover,CYCLONE,1
Heavy cyclonic winds is making the situation worse near Harbor Area. There is a evacuation. A shopkeeper is waiting. Please hurry!,cyclonic winds; harbor area; shopkeeper,RESCUE,2
Oh my god! Heavy extreme heat is making the situation worse near Market Road. There is a power line failure. Traffic is building up.,power line failure; extreme heat; market road,HAZMAT,1
Ahhh! I am near Highway Toll Plaza and there has been a storm damage. The road is affected and I can see unstable structure. People are moving away. Please hurry!,highway toll plaza; storm damage; unstable structure,CYCLONE,3
I am near Airport Road and there has been a building collapse. The road is affected and I can see toxic fumes. People are moving away. The weather is strong winds.,airport road; building collapse; strong winds,RESCUE,4
Reports are coming in from Shopping District about a industrial accident. There is diesel leak. A passenger is waiting.,diesel leak; industrial accident; shopping district,MEDICAL,2
Help! A worker says there is a dam overflow near South Flyover. They noticed fallen tree. Visibility is poor. Traffic is building up.,fallen tree; south flyover; dam overflow,FLOOD,1
"Wait, yes, A resident says there is a earthquake damage near Highway Toll Plaza. They noticed toxic fumes. The incident happened before sunrise. What do I do?!",highway toll plaza; earthquake damage; toxic fumes,RESCUE,5
"It's, um, Please hurry! I am near Dam Road and there has been a boat accident. The road is affected and I can see oil spill. The weather is dust storm. People are moving away.",boat accident; dust storm; oil spill,CRASH,2
"It's, um, A worker says there is a gas leak near Industrial Area. They noticed oil spill.",industrial area; oil spill; gas leak,HAZMAT,2
Please send help to Airport Road. We have a electrical accident involving a container truck. Traffic is building up. The weather is poor visibility.,electrical accident; container truck; airport road,FIRE,1
"Wait, yes, We have a truck accident near Warehouse District. It happened this afternoon.",truck accident; warehouse district; wait,CRASH,1
Heavy stormy weather is making the situation worse near City Hospital. There is a bridge damage. Send someone now!,stormy weather; city hospital; bridge damage,RESCUE,2
"Wait, yes, Oh my god! A worker says there is a forest fire near River Bridge. They noticed diesel leak. The incident happened this afternoon.",diesel leak; river bridge; forest fire,FIRE,2
A security guard says there is a fuel leak near Main Highway. They noticed oil spill. People are moving away. Traffic is building up.,main highway; oil spill; fuel leak,HAZMAT,3
Help! I am near Airport Road and there has been a factory fire. The road is affected and I can see smoke. Please hurry!,airport road; factory fire; smoke,FIRE,2
"Wait, yes, Please hurry! A pedestrian says there is a urban flooding near South Flyover. They noticed toxic fumes. A pedestrian is waiting.",urban flooding; south flyover; toxic fumes,FLOOD,2
I think there has been a fuel leak near Dam Road. one injured person. The incident happened this afternoon. The weather is lightning.,one injured person; fuel leak; dam road,HAZMAT,2
"Wait, yes, Heavy strong winds is making the situation worse near Forest Checkpoint. There is a hazardous material incident. A cyclist is waiting.",hazardous material incident; strong winds; forest checkpoint,HAZMAT,1
Reports are coming in from Port Entrance about a cold exposure. There is chemical fumes. The weather is cold weather. A shopkeeper is waiting. What do I do?!,cold weather; port entrance; chemical fumes,MEDICAL,1
Oh my god! Heavy continuous rainfall is making the situation worse near Underpass. There is a vehicle collision.,vehicle collision; continuous rainfall; underpass,CRASH,2
"Wait, yes, Ahhh! The caller says there is a boat accident at Port Entrance. The weather is stormy weather.",boat accident; stormy weather; port entrance,CRASH,3
I think there has been a industrial accident near Bus Terminal. an injured child. Send someone now!,an injured child; industrial accident; bus terminal,MEDICAL,2
"It's, um, Please hurry! Heavy stormy weather is making the situation worse near Old Bridge. There is a gas leak. Traffic is building up. The weather is stormy weather.",stormy weather; old bridge; gas leak,HAZMAT,3
I think there has been a flash flood near Station Road. an injured child. People are moving away. People are moving away.,an injured child; station road; flash flood,FLOOD,3
911? There has been a drowning near Railway Yard. I can see a bus involved and an injured child. The incident happened about ten minutes ago.,an injured child; railway yard; bus,RESCUE,5
A elderly person says there is a building fire near Harbor Area. They noticed fuel leak. A elderly person is waiting. Please hurry!,fuel leak; elderly person; building fire,FIRE,2
911? Heavy thunderstorm is making the situation worse near Highway Toll Plaza. There is a factory fire.,highway toll plaza; factory fire; thunderstorm,FIRE,2
Please send help to Commercial Street. We have a wildfire involving a truck. Visibility is poor. What do I do?!,commercial street; wildfire; truck,FIRE,2
Oh my god! Please send help to Industrial Gate. We have a landslide involving a motorcycle. People are moving away.,industrial gate; motorcycle; landslide,RESCUE,1
Caller reports a aircraft emergency at Dam Road. There is toxic fumes. A cyclist is waiting.,aircraft emergency; dam road; toxic fumes,CRASH,2
"It's, um, The caller says there is a vehicle collision at Commercial Street.",vehicle collision; commercial street; caller,CRASH,2
There's... Ahhh! I think there has been a crowd emergency near Factory Road. an injured child. Visibility is poor. Traffic is building up. Please hurry!,an injured child; crowd emergency; factory road,RESCUE,2
Heavy heavy rain is making the situation worse near Highway Toll Plaza. There is a bus crash. Please hurry!,highway toll plaza; bus crash; heavy rain,CRASH,2
911? Caller reports a evacuation at Coastal Road. There is fuel leak. The incident happened this afternoon. The incident happened this afternoon. Please hurry!,fuel leak; coastal road; evacuation,RESCUE,3
Heavy wet roads is making the situation worse near Warehouse District. There is a building fire. Visibility is poor.,wet roads; building fire; warehouse district,FIRE,3
Ahhh! Heavy dust storm is making the situation worse near Industrial Gate. There is a electrical accident.,electrical accident; industrial gate; dust storm,FIRE,3
Help! I am near Shopping District and there has been a building collapse. The road is affected and I can see unstable structure. Visibility is poor. Visibility is poor.,building collapse; unstable structure; shopping district,RESCUE,4
"Wait, yes, I think there has been a gas leak near Ring Road. a trapped passenger. People are moving away.",a trapped passenger; ring road; gas leak,HAZMAT,5
"Wait, yes, I am near City Center and there has been a missing person. The road is affected and I can see chemical fumes. The weather is thunderstorm. The weather is thunderstorm.",city center; missing person; chemical fumes,RESCUE,3
I think there has been a evacuation near Riverbank. an unconscious person. Traffic is building up.,an unconscious person; riverbank; evacuation,RESCUE,4
There's... Reports are coming in from Commercial Street about a gas leak. There is chemical fumes. The weather is thunderstorm.,commercial street; gas leak; chemical fumes,HAZMAT,3
Ahhh! I think there has been a forest fire near Residential Block. three injured passengers.,three injured passengers; residential block; forest fire,FIRE,2
"It's, um, Heavy poor visibility is making the situation worse near Dam Road. There is a storm damage.",storm damage; poor visibility; dam road,CYCLONE,3
"It's, um, There has been a bus crash near Central Flyover. I can see a SUV involved and two injured people.",two injured people; central flyover; bus crash,CRASH,2
Heavy dust storm is making the situation worse near Railway Station. There is a warehouse fire. Visibility is poor. Traffic is building up.,dust storm; railway station; warehouse fire,FIRE,3
"It's, um, A security guard says there is a cyclone damage near Outer Ring Road. They noticed fire. Traffic is building up.",outer ring road; cyclone damage; security guard,CYCLONE,3
Ahhh! Please send help to River Bridge. We have a storm damage involving a train. People are moving away. What do I do?!,storm damage; river bridge; train,CYCLONE,2
Heavy wet roads is making the situation worse near Shopping District. There is a storm damage.,storm damage; wet roads; shopping district,CYCLONE,3
Heavy wet roads is making the situation worse near Underpass. There is a factory fire. Visibility is poor. Send someone now!,wet roads; factory fire; underpass,FIRE,2
A child says there is a storm damage near Station Road. They noticed debris. A child is waiting. Send someone now!,storm damage; station road; child,CYCLONE,2
"It's, um, Help! A driver says there is a vehicle collision near City Hospital. They noticed toxic fumes. The incident happened before sunrise.",city hospital; vehicle collision; toxic fumes,CRASH,2
"Wait, yes, Help! Heavy stormy weather is making the situation worse near Railway Station. There is a gas leak. The incident happened before sunrise.",stormy weather; railway station; gas leak,HAZMAT,2
Please hurry! A worker says there is a warehouse fire near Outer Ring Road. They noticed live electrical wires.,live electrical wires; outer ring road; warehouse fire,FIRE,2
There has been a missing person near City Hospital. I can see a bus involved and a trapped passenger.,a trapped passenger; city hospital; missing person,RESCUE,5
"It's, um, Reports are coming in from Industrial Area about a motorcycle accident. There is gas leak. Traffic is building up. Send someone now!",industrial area; gas leak; motorcycle accident,CRASH,2
"I... I don't know, Heavy stormy weather is making the situation worse near Shopping District. There is a severe rainfall.",stormy weather; severe rainfall; shopping district,CYCLONE,2
911? Reports are coming in from Bus Depot about a warehouse fire. There is unstable structure. The incident happened around midnight.,unstable structure; bus depot; warehouse fire,FIRE,3
Heavy lightning is making the situation worse near City Hospital. There is a industrial accident. The weather is lightning. Traffic is building up. Please hurry!,city hospital; industrial accident; lightning,MEDICAL,2
Oh my god! Caller reports a cyclone damage at City Hospital. There is diesel leak. The weather is thunderstorm.,city hospital; cyclone damage; diesel leak,CYCLONE,2
911? Please send help to Central Market. We have a cyclone damage involving a school bus. A cyclist is waiting. Traffic is building up. What do I do?!,school bus; cyclone damage; central market,CYCLONE,1
Please hurry! Caller reports a heat emergency at Underpass. There is fuel leak.,fuel leak; heat emergency; underpass,MEDICAL,3
There's... We have a evacuation near Eastern Bypass. It happened about ten minutes ago. What do I do?!,eastern bypass; evacuation; theres,RESCUE,2
Heavy thunderstorm is making the situation worse near Ring Road. There is a bus crash.,ring road; bus crash; thunderstorm,CRASH,2
There's... There has been a cyclone damage near Airport Junction. I can see a ambulance involved and three injured passengers. The incident happened just now.,three injured passengers; airport junction; cyclone damage,CYCLONE,2
"It's, um, Reports are coming in from Harbor Area about a forest fire. There is debris.",harbor area; forest fire; debris,FIRE,3
There's... 911? I am near Old Bridge and there has been a vehicle collision. The road is affected and I can see oil spill. A security guard is waiting. Traffic is building up. Please hurry!,old bridge; vehicle collision; oil spill,CRASH,3
"It's, um, Reports are coming in from Airport Junction about a lightning strike. There is diesel leak. The weather is cold weather. A resident is waiting.",lightning strike; airport junction; cold weather,CYCLONE,3
I think there has been a boat accident near Airport Junction. two injured people. A resident is waiting. Traffic is building up.,two injured people; boat accident; airport junction,CRASH,2
There's... Please hurry! I think there has been a road blockage near Residential Block. multiple casualties. The incident happened during rush hour.,road blockage; multiple casualties; residential block,RESCUE,5
Heavy strong winds is making the situation worse near Temple Road. There is a industrial accident. A elderly person is waiting. The weather is strong winds. Send someone now!,temple road; elderly person; strong winds,MEDICAL,2
We have a wildfire near Commercial Street. It happened around noon.,commercial street; wildfire; happened,FIRE,3
Reports are coming in from Bus Terminal about a motorcycle accident. There is smoke.,motorcycle accident; bus terminal; smoke,CRASH,1
"Wait, yes, Please send help to College Road. We have a chemical spill involving a train.",chemical spill; college road; train,HAZMAT,2
911? A worker says there is a truck accident near Dam Road. They noticed unstable structure.,truck accident; unstable structure; dam road,CRASH,2
There's... We have a crowd emergency near Dam Road. It happened around noon. Traffic is building up. What do I do?!,crowd emergency; dam road; theres,RESCUE,1
Oh my god! We have a vehicle collision near Shopping District. It happened during rush hour. The incident happened during rush hour. Traffic is building up.,vehicle collision; shopping district; happened,CRASH,1
"It's, um, A security guard says there is a hazardous material incident near Highway Toll Plaza. They noticed rising water.",highway toll plaza; hazardous material incident; rising water,HAZMAT,1
Please hurry! Reports are coming in from College Road about a hazardous material incident. There is oil spill.,hazardous material incident; oil spill; college road,HAZMAT,2
Heavy extreme heat is making the situation worse near Highway Toll Plaza. There is a building collapse. The incident happened late last night. The incident happened late last night. What do I do?!,highway toll plaza; extreme heat; building collapse,RESCUE,5
A child says there is a lightning strike near City Center. They noticed fallen tree. Please hurry!,lightning strike; city center; fallen tree,CYCLONE,1
I think there has been a dam overflow near Tunnel Entrance. people with minor injuries.,people with minor injuries; tunnel entrance; dam overflow,FLOOD,1
A security guard says there is a earthquake damage near Western Expressway. They noticed debris. A security guard is waiting. Traffic is building up. What do I do?!,earthquake damage; security guard; western expressway,RESCUE,4
Oh my god! Caller reports a fallen tree at Underpass. There is unstable structure. A driver is waiting. A driver is waiting.,fallen tree; unstable structure; driver,RESCUE,2
"It's, um, Caller reports a vehicle collision at Industrial Area. There is fire. Please hurry!",industrial area; vehicle collision; fire,CRASH,2
"It's, um, The caller says there is a explosion at Eastern Bypass. People are moving away. People are moving away. What do I do?!",eastern bypass; explosion; caller,RESCUE,4
"I... I don't know, I think there has been a earthquake damage near Western Expressway. multiple casualties. The incident happened about half an hour ago. The incident happened about half an hour ago. What do I do?!",earthquake damage; multiple casualties; western expressway,RESCUE,4
The caller says there is a missing person at Factory Road. Please hurry!,missing person; factory road; caller,RESCUE,1
There's... Caller reports a car rollover at Temple Road. There is rising water.,rising water; temple road; car rollover,CRASH,2
Oh my god! I am near Central Market and there has been a building collapse. The road is affected and I can see fuel leak. The incident happened a few minutes ago.,building collapse; fuel leak; central market,RESCUE,4
Please hurry! Caller reports a vehicle collision at Airport Road. There is toxic fumes. A resident is waiting. A resident is waiting.,airport road; vehicle collision; toxic fumes,CRASH,1
Reports are coming in from Old Bridge about a dam overflow. There is fuel leak. Traffic is building up. The incident happened about ten minutes ago. Send someone now!,old bridge; fuel leak; dam overflow,FLOOD,2
The caller says there is a fallen tree at Airport Road. What do I do?!,fallen tree; airport road; caller,RESCUE,2
I think there has been a heat emergency near Ring Road. an unconscious person. A elderly person is waiting.,an unconscious person; ring road; elderly person,MEDICAL,4
There has been a wildfire near Factory Road. I can see a truck involved and one injured person. A construction worker is waiting. Send someone now!,one injured person; construction worker; factory road,FIRE,3
"Wait, yes, I think there has been a vehicle collision near Port Entrance. three injured passengers. People are moving away.",three injured passengers; vehicle collision; port entrance,CRASH,3
There has been a landslide near Airport Road. I can see a train involved and a seriously injured driver. Visibility is poor. Send someone now!,a seriously injured driver; airport road; train,RESCUE,3
"It's, um, Oh my god! The caller says there is a industrial accident at Industrial Gate.",industrial gate; industrial accident; caller,MEDICAL,2
A cyclist says there is a medical emergency near River Bridge. They noticed debris.,river bridge; medical emergency; cyclist,MEDICAL,2
There's... I think there has been a electrical accident near Forest Checkpoint. two injured people. Visibility is poor.,two injured people; electrical accident; forest checkpoint,FIRE,3
A child says there is a hazardous material incident near Eastern Bypass. They noticed blocked road. Send someone now!,hazardous material incident; blocked road; eastern bypass,HAZMAT,1
I think there has been a factory fire near Western Expressway. an unconscious person. People are moving away. Send someone now!,an unconscious person; factory fire; western expressway,FIRE,5
There's... I think there has been a truck accident near Western Expressway. three injured passengers. Traffic is building up. Send someone now!,three injured passengers; truck accident; western expressway,CRASH,2
Reports are coming in from North Underpass about a evacuation. There is gas leak. A resident is waiting. People are moving away. What do I do?!,north underpass; gas leak; evacuation,RESCUE,2
"It's, um, Help! I am near Bus Terminal and there has been a dam overflow. The road is affected and I can see debris. The incident happened this afternoon. Send someone now!",bus terminal; dam overflow; debris,FLOOD,1
"It's, um, 911? A driver says there is a aircraft emergency near Forest Checkpoint. They noticed smoke. What do I do?!",aircraft emergency; forest checkpoint; driver,CRASH,2
"Wait, yes, The caller says there is a power line failure at Railway Yard.",power line failure; railway yard; wait,HAZMAT,1
"It's, um, Reports are coming in from Bus Depot about a lightning strike. There is rising water. Please hurry!",lightning strike; rising water; bus depot,CYCLONE,1
"It's, um, Heavy continuous rainfall is making the situation worse near Industrial Gate. There is a hazardous material incident.",hazardous material incident; industrial gate; continuous rainfall,HAZMAT,2
Help! The caller says there is a building collapse at Factory Road. A elderly person is waiting.,building collapse; elderly person; factory road,RESCUE,5
We have a drowning near Railway Station. It happened early this morning.,railway station; drowning; happened,RESCUE,5
"Wait, yes, The caller says there is a cyclone damage at Factory Road. The incident happened about ten minutes ago. Traffic is building up.",cyclone damage; factory road; wait,CYCLONE,1
911? A child says there is a car rollover near Industrial Gate. They noticed fire.,industrial gate; car rollover; child,CRASH,3
Oh my god! Reports are coming in from North Underpass about a industrial accident. There is unstable structure. The incident happened before sunrise. Send someone now!,north underpass; unstable structure; industrial accident,MEDICAL,2
Oh my god! Reports are coming in from Old Railway Crossing about a factory fire. There is fire. A resident is waiting. The incident happened around midnight.,old railway crossing; factory fire; resident,FIRE,2
There's... Ahhh! I think there has been a flash flood near Main Highway. two injured people. A resident is waiting. Please hurry!,two injured people; main highway; flash flood,FLOOD,2
There's... 911? A security guard says there is a hazardous material incident near Main Highway. They noticed live electrical wires. The weather is poor visibility.,live electrical wires; hazardous material incident; main highway,HAZMAT,2
A child says there is a heat emergency near Western Expressway. They noticed blocked road. The incident happened this afternoon. The weather is strong winds.,blocked road; strong winds; western expressway,MEDICAL,2
We have a boat accident near Commercial Street. It happened late last night. A driver is waiting. The weather is continuous rainfall.,boat accident; continuous rainfall; commercial street,CRASH,1
Oh my god! I am near Industrial Gate and there has been a wildfire. The road is affected and I can see broken glass. A elderly person is waiting. The weather is stormy weather. Please hurry!,broken glass; stormy weather; industrial gate,FIRE,3
The caller says there is a cold exposure at Outer Ring Road. A child is waiting.,outer ring road; cold exposure; child,MEDICAL,1
"I... I don't know, Ahhh! We have a electrical accident near City Hospital. It happened around midnight. Please hurry!",electrical accident; city hospital; dont,FIRE,2
"It's, um, 911? Reports are coming in from Underpass about a railway accident. There is gas leak. People are moving away. A construction worker is waiting.",railway accident; construction worker; gas leak,CRASH,2
I am near Forest Checkpoint and there has been a fallen tree. The road is affected and I can see unstable structure. People are moving away. Send someone now!,fallen tree; unstable structure; forest checkpoint,RESCUE,1
Help! There has been a urban flooding near Underpass. I can see a tanker involved and a trapped passenger. A shopkeeper is waiting. What do I do?!,a trapped passenger; urban flooding; tanker,FLOOD,4
"It's, um, I think there has been a bridge damage near Warehouse District. people with minor injuries. The incident happened before sunrise.",people with minor injuries; bridge damage; warehouse district,RESCUE,2
Help! There has been a crowd emergency near Airport Road. I can see a motorcycle involved and two injured people. Please hurry!,two injured people; crowd emergency; airport road,RESCUE,3
"Wait, yes, Ahhh! A shopkeeper says there is a power line failure near Western Expressway. They noticed oil spill. The weather is heavy rain.",power line failure; oil spill; heavy rain,HAZMAT,2
Please hurry! Reports are coming in from Central Flyover about a electrical accident. There is rising water. People are moving away. The incident happened late last night.,electrical accident; central flyover; rising water,FIRE,2
Oh my god! Heavy continuous rainfall is making the situation worse near Industrial Area. There is a boat accident. People are moving away.,boat accident; industrial area; continuous rainfall,CRASH,2
There's... Help! A resident says there is a fuel leak near Forest Checkpoint. They noticed unstable structure. People are moving away. Traffic is building up.,fuel leak; unstable structure; forest checkpoint,HAZMAT,2
Help! Caller reports a aircraft emergency at Market Road. There is smoke. Visibility is poor.,aircraft emergency; market road; smoke,CRASH,2
Please hurry! A worker says there is a railway accident near South Flyover. They noticed debris. People are moving away.,railway accident; south flyover; debris,CRASH,1
"I... I don't know, There has been a medical emergency near Industrial Gate. I can see a car involved and a trapped passenger. A pedestrian is waiting.",a trapped passenger; industrial gate; medical emergency,MEDICAL,5
Please hurry! I am near Riverbank and there has been a flash flood. The road is affected and I can see diesel leak. A cyclist is waiting. The incident happened late last night. Send someone now!,diesel leak; flash flood; cyclist,FLOOD,3
There's... Heavy lightning is making the situation worse near Central Market. There is a landslide.,central market; lightning; landslide,RESCUE,1
Oh my god! There has been a hazardous material incident near Underpass. I can see a truck involved and multiple casualties. A elderly person is waiting. The incident happened this afternoon. Please hurry!,hazardous material incident; multiple casualties; elderly person,HAZMAT,5
I think there has been a forest fire near Dam Road. people with minor injuries. Traffic is building up. Send someone now!,people with minor injuries; forest fire; dam road,FIRE,3
Help! Caller reports a road blockage at Railway Station. There is blocked road.,blocked road; railway station; road blockage,RESCUE,2
"I... I don't know, I am near Central Market and there has been a earthquake damage. The road is affected and I can see fallen tree. The weather is cyclonic winds. A worker is waiting.",fallen tree; earthquake damage; cyclonic winds,RESCUE,5
We have a truck accident near Dam Road. It happened a few minutes ago. The weather is strong winds.,truck accident; strong winds; dam road,CRASH,1
There's... Please hurry! I think there has been a train derailment near College Road. people with minor injuries. Visibility is poor. What do I do?!,people with minor injuries; college road; train derailment,CRASH,5
Help! We have a explosion near Commercial Street. It happened late last night. A child is waiting. Please hurry!,commercial street; child; explosion,RESCUE,4
"Wait, yes, Ahhh! The caller says there is a factory fire at Industrial Gate. The weather is dust storm. Visibility is poor. Please hurry!",industrial gate; dust storm; factory fire,FIRE,2
"It's, um, I think there has been a aircraft emergency near Tunnel Entrance. an injured child. Traffic is building up. Traffic is building up.",an injured child; tunnel entrance; aircraft emergency,CRASH,2
"I... I don't know, The caller says there is a fuel leak at College Road. Traffic is building up.",fuel leak; college road; dont,HAZMAT,3
911? There has been a heat emergency near Warehouse District. I can see a container truck involved and a seriously injured driver. Visibility is poor. The incident happened during rush hour. Please hurry!,a seriously injured driver; container truck; warehouse district,MEDICAL,2
"It's, um, Reports are coming in from Airport Road about a road blockage. There is fallen tree. The incident happened about half an hour ago.",fallen tree; airport road; road blockage,RESCUE,2
Caller reports a train derailment at Ring Road. There is broken glass. Traffic is building up.,ring road; broken glass; train derailment,CRASH,5
"Wait, yes, Please hurry! I think there has been a explosion near Harbor Area. several injured people. The incident happened just now. Please hurry!",several injured people; harbor area; explosion,RESCUE,5
There's... Please send help to Main Highway. We have a road blockage involving a bus. The incident happened about ten minutes ago.,main highway; road blockage; bus,RESCUE,2
Please hurry! There has been a cyclone damage near Central Flyover. I can see a school bus involved and people with minor injuries. Visibility is poor.,people with minor injuries; school bus; central flyover,CYCLONE,1
Caller reports a severe rainfall at Factory Road. There is diesel leak. A shopkeeper is waiting. Traffic is building up.,severe rainfall; diesel leak; factory road,CYCLONE,2
A security guard says there is a dam overflow near Highway Toll Plaza. They noticed toxic fumes. Visibility is poor. What do I do?!,highway toll plaza; security guard; dam overflow,FLOOD,2
There has been a building fire near Shopping District. I can see a school bus involved and an unconscious person. The incident happened just now. Send someone now!,an unconscious person; school bus; building fire,FIRE,4
"I... I don't know, We have a cyclone damage near Eastern Bypass. It happened a few minutes ago. Traffic is building up.",cyclone damage; eastern bypass; dont,CYCLONE,2
"It's, um, Please hurry! Reports are coming in from Underpass about a warehouse fire. There is toxic fumes. The incident happened during rush hour. The weather is cyclonic winds. Send someone now!",warehouse fire; cyclonic winds; toxic fumes,FIRE,3
I am near River Bridge and there has been a explosion. The road is affected and I can see fuel leak. The incident happened during rush hour. Traffic is building up. Please hurry!,fuel leak; river bridge; explosion,RESCUE,4
I am near College Road and there has been a bridge damage. The road is affected and I can see smoke. A driver is waiting. People are moving away.,college road; bridge damage; driver,RESCUE,1
I am near City Center and there has been a train derailment. The road is affected and I can see blocked road. People are moving away. Send someone now!,city center; blocked road; train derailment,CRASH,4
Ahhh! I think there has been a storm damage near Ring Road. an injured child. What do I do?!,an injured child; ring road; storm damage,CYCLONE,2
911? There has been a warehouse fire near Industrial Gate. I can see a van involved and multiple casualties.,industrial gate; multiple casualties; warehouse fire,FIRE,5
The caller says there is a road blockage at Main Highway. Traffic is building up. What do I do?!,main highway; road blockage; caller,RESCUE,1
"It's, um, Oh my god! I am near Underpass and there has been a evacuation. The road is affected and I can see toxic fumes. The incident happened around noon. What do I do?!",toxic fumes; underpass; evacuation,RESCUE,2
Ahhh! There has been a aircraft emergency near Airport Junction. I can see a motorcycle involved and an unconscious person. People are moving away. Send someone now!,an unconscious person; airport junction; aircraft emergency,CRASH,5
"It's, um, Ahhh! Please send help to Tunnel Entrance. We have a power line failure involving a tanker.",power line failure; tunnel entrance; tanker,HAZMAT,1
I think there has been a car rollover near Temple Road. multiple casualties. Visibility is poor.,multiple casualties; temple road; car rollover,CRASH,5
"It's, um, Oh my god! Please send help to City Hospital. We have a boat accident involving a van. Traffic is building up. The incident happened about ten minutes ago.",boat accident; city hospital; van,CRASH,2
There's... Reports are coming in from River Bridge about a power line failure. There is toxic fumes. People are moving away.,power line failure; river bridge; toxic fumes,HAZMAT,2
The caller says there is a severe rainfall at Eastern Bypass. What do I do?!,severe rainfall; eastern bypass; caller,CYCLONE,2
Oh my god! Caller reports a severe rainfall at River Bridge. There is smoke.,severe rainfall; river bridge; smoke,CYCLONE,2
"It's, um, Oh my god! We have a stampede near Old Bridge. It happened a few minutes ago. What do I do?!",old bridge; stampede; happened,RESCUE,1
911? I think there has been a lightning strike near Western Expressway. an injured child. People are moving away.,an injured child; lightning strike; western expressway,CYCLONE,3
Oh my god! Reports are coming in from Harbor Area about a building collapse. There is chemical fumes. The weather is extreme heat. Visibility is poor. Please hurry!,extreme heat; building collapse; chemical fumes,RESCUE,5
Oh my god! I think there has been a flash flood near Commercial Street. one injured person. A resident is waiting. Send someone now!,one injured person; commercial street; flash flood,FLOOD,3
"Wait, yes, Oh my god! Please send help to Bus Depot. We have a medical emergency involving a train. Visibility is poor. People are moving away.",bus depot; medical emergency; train,MEDICAL,1
There has been a medical emergency near Airport Junction. I can see a SUV involved and multiple casualties. Traffic is building up. Visibility is poor.,airport junction; multiple casualties; medical emergency,MEDICAL,5
Oh my god! Caller reports a railway accident at Underpass. There is blocked road. The incident happened a few minutes ago. The weather is cold weather.,railway accident; cold weather; blocked road,CRASH,2
Oh my god! I think there has been a industrial accident near South Flyover. multiple casualties. A worker is waiting. Visibility is poor.,multiple casualties; industrial accident; south flyover,MEDICAL,4
I am near City Center and there has been a cyclone damage. The road is affected and I can see debris. What do I do?!,city center; cyclone damage; debris,CYCLONE,2
Ahhh! There has been a explosion near Warehouse District. I can see a train involved and two injured people. What do I do?!,two injured people; warehouse district; train,RESCUE,5
"It's, um, Help! A cyclist says there is a cyclone damage near Station Road. They noticed chemical fumes. Visibility is poor. The weather is strong winds.",cyclone damage; strong winds; chemical fumes,CYCLONE,2
Please hurry! A elderly person says there is a forest fire near City Center. They noticed smoke. The weather is extreme heat.,city center; extreme heat; elderly person,FIRE,3
"It's, um, Caller reports a storm damage at Dam Road. There is unstable structure. A elderly person is waiting. People are moving away. What do I do?!",storm damage; unstable structure; elderly person,CYCLONE,3
Reports are coming in from City Center about a explosion. There is fuel leak.,city center; fuel leak; explosion,RESCUE,5
911? Reports are coming in from Main Highway about a warehouse fire. There is debris. People are moving away.,main highway; warehouse fire; debris,FIRE,2
Help! There has been a landslide near Central Market. I can see a SUV involved and an unconscious person. Visibility is poor. Send someone now!,an unconscious person; central market; suv,RESCUE,5
"I... I don't know, We have a wildfire near Railway Station. It happened before sunrise. Traffic is building up.",railway station; wildfire; dont,FIRE,3
Please hurry! I am near Forest Checkpoint and there has been a stampede. The road is affected and I can see chemical fumes. Traffic is building up.,chemical fumes; forest checkpoint; stampede,RESCUE,2
Ahhh! A cyclist says there is a bridge damage near Railway Yard. They noticed diesel leak.,railway yard; diesel leak; bridge damage,RESCUE,2
There's... Caller reports a railway accident at Highway Toll Plaza. There is blocked road. People are moving away. What do I do?!,highway toll plaza; railway accident; blocked road,CRASH,2
A passenger says there is a storm damage near Ring Road. They noticed fuel leak.,ring road; storm damage; fuel leak,CYCLONE,3
Ahhh! I am near Central Market and there has been a medical emergency. The road is affected and I can see gas leak.,gas leak; central market; medical emergency,MEDICAL,3
"It's, um, Oh my god! We have a aircraft emergency near Main Highway. It happened this afternoon. A construction worker is waiting. Please hurry!",main highway; construction worker; aircraft emergency,CRASH,1
I think there has been a missing person near Railway Station. people with minor injuries. People are moving away. The incident happened just now. Send someone now!,people with minor injuries; railway station; missing person,RESCUE,2
Help! Caller reports a electrical accident at Forest Checkpoint. There is rising water. A elderly person is waiting. The weather is stormy weather.,stormy weather; electrical accident; rising water,FIRE,3
"I... I don't know, Please hurry! Please send help to City Hospital. We have a landslide involving a van. Please hurry!",city hospital; van; landslide,RESCUE,2
"I... I don't know, The caller says there is a electrical accident at Main Highway. Please hurry!",main highway; electrical accident; dont,FIRE,2
There's... Ahhh! Heavy strong winds is making the situation worse near Industrial Gate. There is a flash flood. The weather is strong winds. Traffic is building up.,industrial gate; strong winds; flash flood,FLOOD,2
There's... Help! We have a road blockage near Commercial Street. It happened about ten minutes ago. Traffic is building up. The weather is extreme heat. Please hurry!,extreme heat; road blockage; commercial street,RESCUE,2
The caller says there is a hazardous material incident at North Underpass. A construction worker is waiting. A construction worker is waiting.,hazardous material incident; north underpass; construction worker,HAZMAT,2
"Wait, yes, Caller reports a heat emergency at Station Road. There is oil spill. A worker is waiting.",oil spill; station road; heat emergency,MEDICAL,2
There's... Please hurry! Heavy stormy weather is making the situation worse near Industrial Area. There is a crowd emergency. The weather is stormy weather. Visibility is poor.,industrial area; stormy weather; crowd emergency,RESCUE,2
"I... I don't know, I am near Central Flyover and there has been a medical emergency. The road is affected and I can see fallen tree.",fallen tree; central flyover; medical emergency,MEDICAL,1
Heavy strong winds is making the situation worse near Bus Terminal. There is a medical emergency. Please hurry!,strong winds; bus terminal; medical emergency,MEDICAL,2
The caller says there is a cyclone damage at Warehouse District. Visibility is poor. Please hurry!,cyclone damage; warehouse district; caller,CYCLONE,1
911? A security guard says there is a motorcycle accident near Bus Terminal. They noticed oil spill. Send someone now!,oil spill; security guard; motorcycle accident,CRASH,2
Reports are coming in from City Hospital about a missing person. There is fire. Visibility is poor. Traffic is building up. Send someone now!,city hospital; missing person; fire,RESCUE,2
Oh my god! I am near Bus Terminal and there has been a motorcycle accident. The road is affected and I can see diesel leak. Traffic is building up. What do I do?!,diesel leak; motorcycle accident; bus terminal,CRASH,2
There's... Oh my god! There has been a fuel leak near Tunnel Entrance. I can see a van involved and three injured passengers. The incident happened around midnight.,three injured passengers; fuel leak; tunnel entrance,HAZMAT,3
Please hurry! Heavy dense fog is making the situation worse near South Flyover. There is a landslide. Visibility is poor. Send someone now!,dense fog; south flyover; landslide,RESCUE,1
"I... I don't know, The caller says there is a severe rainfall at Bus Terminal.",severe rainfall; bus terminal; dont,CYCLONE,2
Oh my god! Please send help to Ring Road. We have a lightning strike involving a sedan.,ring road; lightning strike; sedan,CYCLONE,1
Help! We have a heat emergency near Main Highway. It happened a few minutes ago. The weather is cyclonic winds. Send someone now!,main highway; cyclonic winds; heat emergency,MEDICAL,1
I think there has been a road blockage near Station Road. several injured people. Traffic is building up.,several injured people; road blockage; station road,RESCUE,3
Caller reports a truck accident at River Bridge. There is debris. Visibility is poor.,truck accident; river bridge; debris,CRASH,1
Please hurry! Reports are coming in from Factory Road about a truck accident. There is toxic fumes. The weather is stormy weather. Traffic is building up.,stormy weather; truck accident; factory road,CRASH,2
Ahhh! Heavy cyclonic winds is making the situation worse near Western Expressway. There is a fuel leak. Visibility is poor.,fuel leak; western expressway; cyclonic winds,HAZMAT,2
There's... The caller says there is a building collapse at Ring Road. Visibility is poor. The incident happened late last night.,ring road; building collapse; theres,RESCUE,5
There has been a wildfire near Station Road. I can see a container truck involved and people with minor injuries. A security guard is waiting.,people with minor injuries; container truck; security guard,FIRE,3
There has been a wildfire near Old Railway Crossing. I can see a sedan involved and a trapped passenger.,a trapped passenger; old railway crossing; wildfire,FIRE,4
I am near Railway Yard and there has been a gas leak. The road is affected and I can see unstable structure. A resident is waiting. Traffic is building up.,railway yard; unstable structure; gas leak,HAZMAT,3
Oh my god! Heavy wet roads is making the situation worse near Residential Block. There is a industrial accident. The weather is wet roads. A elderly person is waiting.,elderly person; industrial accident; wet roads,MEDICAL,1
"It's, um, Help! I am near Old Railway Crossing and there has been a chemical spill. The road is affected and I can see debris. People are moving away. Send someone now!",old railway crossing; chemical spill; debris,HAZMAT,2
There's... The caller says there is a cold exposure at Warehouse District. Visibility is poor. Traffic is building up. Please hurry!,cold exposure; warehouse district; theres,MEDICAL,1
"I... I don't know, 911? Reports are coming in from Coastal Road about a heat emergency. There is gas leak.",gas leak; coastal road; heat emergency,MEDICAL,2
Please send help to Dam Road. We have a stampede involving a van. People are moving away. People are moving away. Send someone now!,dam road; van; stampede,RESCUE,1
Oh my god! Caller reports a building collapse at Airport Road. There is fuel leak.,airport road; building collapse; fuel leak,RESCUE,5
There's... Ahhh! We have a railway accident near Highway Toll Plaza. It happened a few minutes ago. Send someone now!,highway toll plaza; railway accident; theres,CRASH,2
I am near Commercial Street and there has been a cyclone damage. The road is affected and I can see chemical fumes. A pedestrian is waiting.,cyclone damage; commercial street; chemical fumes,CYCLONE,2
"It's, um, Ahhh! We have a lightning strike near Airport Junction. It happened late last night. The weather is continuous rainfall. Visibility is poor. What do I do?!",lightning strike; airport junction; continuous rainfall,CYCLONE,2
"Wait, yes, There has been a fuel leak near Old Railway Crossing. I can see a ambulance involved and two injured people. Visibility is poor. Traffic is building up. Send someone now!",old railway crossing; two injured people; fuel leak,HAZMAT,3
911? The caller says there is a motorcycle accident at Market Road. Traffic is building up. Please hurry!,motorcycle accident; market road; caller,CRASH,2
There has been a warehouse fire near Market Road. I can see a delivery vehicle involved and one injured person. Traffic is building up. Send someone now!,one injured person; market road; warehouse fire,FIRE,2
I think there has been a train derailment near Old Bridge. multiple casualties. The incident happened just now. A cyclist is waiting. Please hurry!,old bridge; multiple casualties; train derailment,CRASH,5
Ahhh! We have a urban flooding near Market Road. It happened before sunrise. The weather is cyclonic winds.,urban flooding; market road; cyclonic winds,FLOOD,3
Please hurry! I am near Market Road and there has been a railway accident. The road is affected and I can see chemical fumes. People are moving away. The weather is wet roads.,railway accident; wet roads; market road,CRASH,1
"I... I don't know, Oh my god! The caller says there is a severe rainfall at Central Market. A passenger is waiting.",severe rainfall; central market; passenger,CYCLONE,1
There's... 911? Caller reports a building collapse at Central Market. There is live electrical wires.,live electrical wires; building collapse; central market,RESCUE,4
"I... I don't know, Caller reports a vehicle collision at Riverbank. There is oil spill. People are moving away.",vehicle collision; oil spill; riverbank,CRASH,3
There's... The caller says there is a forest fire at Industrial Gate. The incident happened early this morning. The weather is wet roads.,industrial gate; wet roads; forest fire,FIRE,2
I think there has been a industrial accident near Old Bridge. a seriously injured driver. A passenger is waiting. Visibility is poor. Please hurry!,a seriously injured driver; old bridge; industrial accident,MEDICAL,3
"Wait, yes, Please hurry! There has been a forest fire near Harbor Area. I can see a SUV involved and several injured people. The incident happened during rush hour.",several injured people; harbor area; forest fire,FIRE,2
"I... I don't know, Caller reports a car rollover at Central Flyover. There is fallen tree. What do I do?!",fallen tree; central flyover; car rollover,CRASH,2
There's... Oh my god! We have a medical emergency near Outer Ring Road. It happened late last night. A worker is waiting. Please hurry!,outer ring road; medical emergency; worker,MEDICAL,1
"I... I don't know, Help! There has been a fuel leak near Harbor Area. I can see a delivery vehicle involved and two injured people. Visibility is poor. Please hurry!",two injured people; fuel leak; harbor area,HAZMAT,2
I think there has been a landslide near City Center. a trapped passenger. Traffic is building up.,a trapped passenger; city center; landslide,RESCUE,5
I think there has been a fallen tree near Ring Road. an unconscious person. People are moving away. Traffic is building up.,an unconscious person; ring road; fallen tree,RESCUE,5
"Wait, yes, I think there has been a railway accident near Bus Depot. people with minor injuries. Send someone now!",people with minor injuries; railway accident; bus depot,CRASH,2
There's... A resident says there is a industrial accident near Residential Block. They noticed fuel leak. A resident is waiting. Please hurry!,fuel leak; industrial accident; residential block,MEDICAL,3
I think there has been a aircraft emergency near Port Entrance. two injured people. A child is waiting. The weather is heavy rain. Please hurry!,two injured people; port entrance; aircraft emergency,CRASH,3
"Wait, yes, We have a car rollover near Temple Road. It happened late last night. Please hurry!",temple road; car rollover; wait,CRASH,1
Ahhh! A pedestrian says there is a road blockage near Western Expressway. They noticed gas leak. People are moving away. The weather is continuous rainfall. What do I do?!,road blockage; continuous rainfall; gas leak,RESCUE,3
"It's, um, The caller says there is a train derailment at Bus Depot.",bus depot; train derailment; caller,CRASH,4
Please hurry! Please send help to Temple Road. We have a truck accident involving a van. Visibility is poor. The weather is dust storm.,dust storm; truck accident; temple road,CRASH,2
"I... I don't know, 911? I am near Bus Depot and there has been a bus crash. The road is affected and I can see fire. The incident happened late last night. Send someone now!",bus crash; bus depot; fire,CRASH,2
There's... Please hurry! We have a warehouse fire near Airport Junction. It happened during rush hour. The weather is extreme heat. A driver is waiting. Please hurry!,extreme heat; airport junction; warehouse fire,FIRE,2
"Wait, yes, Ahhh! There has been a chemical spill near Warehouse District. I can see a ambulance involved and several injured people. Traffic is building up.",several injured people; chemical spill; warehouse district,HAZMAT,3
Caller reports a explosion at City Center. There is diesel leak. Traffic is building up. The incident happened around midnight. Please hurry!,city center; diesel leak; explosion,RESCUE,4
Please hurry! Heavy dust storm is making the situation worse near Warehouse District. There is a crowd emergency. Visibility is poor. Traffic is building up.,crowd emergency; dust storm; warehouse district,RESCUE,3
"It's, um, Help! A pedestrian says there is a warehouse fire near Outer Ring Road. They noticed smoke. A pedestrian is waiting.",outer ring road; warehouse fire; pedestrian,FIRE,2
Please hurry! I am near Coastal Road and there has been a lightning strike. The road is affected and I can see fire. Visibility is poor. Traffic is building up.,lightning strike; coastal road; fire,CYCLONE,3
There's... Please hurry! Please send help to River Bridge. We have a road blockage involving a ambulance. The incident happened this afternoon.,road blockage; river bridge; ambulance,RESCUE,2
Please send help to Railway Station. We have a road blockage involving a ambulance. Visibility is poor. Please hurry!,railway station; road blockage; ambulance,RESCUE,1
We have a medical emergency near Industrial Gate. It happened around midnight. Traffic is building up.,industrial gate; medical emergency; happened,MEDICAL,2
The caller says there is a hazardous material incident at Forest Checkpoint.,hazardous material incident; forest checkpoint; caller,HAZMAT,1
Heavy heavy rain is making the situation worse near Station Road. There is a cyclone damage. People are moving away.,cyclone damage; heavy rain; station road,CYCLONE,1
There's... Oh my god! We have a dam overflow near Station Road. It happened a few minutes ago. What do I do?!,dam overflow; station road; theres,FLOOD,2
Oh my god! Reports are coming in from Central Market about a cyclone damage. There is unstable structure. The incident happened early this morning. A child is waiting. Please hurry!,cyclone damage; unstable structure; central market,CYCLONE,1
911? There has been a road blockage near Old Railway Crossing. I can see a truck involved and a trapped passenger.,a trapped passenger; old railway crossing; road blockage,RESCUE,5
A worker says there is a flash flood near Station Road. They noticed chemical fumes. Please hurry!,chemical fumes; station road; flash flood,FLOOD,3
Ahhh! There has been a explosion near Dam Road. I can see a motorcycle involved and multiple casualties.,multiple casualties; dam road; explosion,RESCUE,4
911? A worker says there is a medical emergency near Old Bridge. They noticed live electrical wires. The incident happened this afternoon.,live electrical wires; old bridge; medical emergency,MEDICAL,2
"I... I don't know, Please send help to Station Road. We have a truck accident involving a motorcycle. Visibility is poor. Visibility is poor. What do I do?!",truck accident; station road; motorcycle,CRASH,1
911? Heavy dense fog is making the situation worse near Port Entrance. There is a explosion. The weather is dense fog.,port entrance; dense fog; explosion,RESCUE,5
"Wait, yes, Please hurry! I think there has been a bridge damage near Main Highway. a trapped passenger. The weather is stormy weather. A worker is waiting. Please hurry!",a trapped passenger; main highway; stormy weather,RESCUE,4
911? Please send help to Railway Station. We have a car rollover involving a delivery vehicle. The weather is dust storm. The weather is dust storm.,dust storm; railway station; delivery vehicle,CRASH,3
"It's, um, Reports are coming in from City Center about a severe rainfall. There is gas leak. The weather is lightning. The incident happened before sunrise. Send someone now!",city center; severe rainfall; gas leak,CYCLONE,2
Oh my god! Please send help to Airport Junction. We have a stampede involving a ambulance. Traffic is building up.,airport junction; stampede; ambulance,RESCUE,1
Please hurry! There has been a crowd emergency near Riverbank. I can see a sedan involved and one injured person.,one injured person; crowd emergency; sedan,RESCUE,2
Ahhh! I think there has been a evacuation near Bus Terminal. a seriously injured driver. The incident happened before sunrise.,a seriously injured driver; bus terminal; evacuation,RESCUE,2
Please hurry! Caller reports a boat accident at Railway Station. There is broken glass. Please hurry!,boat accident; broken glass; railway station,CRASH,1
Help! I am near Residential Block and there has been a forest fire. The road is affected and I can see unstable structure. The incident happened around noon. Please hurry!,unstable structure; residential block; forest fire,FIRE,3
Caller reports a urban flooding at Main Highway. There is fallen tree. The weather is thunderstorm. What do I do?!,main highway; fallen tree; urban flooding,FLOOD,2
There's... 911? Heavy poor visibility is making the situation worse near Airport Junction. There is a truck accident. People are moving away. Please hurry!,airport junction; truck accident; poor visibility,CRASH,2
"I... I don't know, Help! Please send help to Dam Road. We have a building fire involving a sedan. People are moving away.",building fire; dam road; sedan,FIRE,3
Reports are coming in from Shopping District about a missing person. There is diesel leak. The incident happened late last night. People are moving away.,missing person; diesel leak; shopping district,RESCUE,2
"I... I don't know, Heavy dust storm is making the situation worse near Coastal Road. There is a evacuation. People are moving away.",dust storm; coastal road; evacuation,RESCUE,3
911? I think there has been a heat emergency near North Underpass. several injured people. Please hurry!,several injured people; north underpass; heat emergency,MEDICAL,2
"It's, um, Oh my god! I think there has been a bus crash near Commercial Street. an injured child.",an injured child; bus crash; commercial street,CRASH,2
"I... I don't know, Oh my god! The caller says there is a motorcycle accident at Warehouse District. The incident happened a few minutes ago.",motorcycle accident; warehouse district; dont,CRASH,2
"It's, um, Please send help to Forest Checkpoint. We have a flash flood involving a delivery vehicle. What do I do?!",delivery vehicle; flash flood; forest checkpoint,FLOOD,3
Oh my god! Heavy cold weather is making the situation worse near Outer Ring Road. There is a storm damage. Visibility is poor. Visibility is poor. What do I do?!,outer ring road; storm damage; cold weather,CYCLONE,3
Ahhh! There has been a heat emergency near Western Expressway. I can see a bus involved and a trapped passenger. Send someone now!,a trapped passenger; western expressway; heat emergency,MEDICAL,4
"Wait, yes, We have a crowd emergency near Harbor Area. It happened during rush hour.",crowd emergency; harbor area; wait,RESCUE,2
"I... I don't know, Please hurry! Please send help to Underpass. We have a gas leak involving a sedan.",gas leak; sedan; underpass,HAZMAT,3
The caller says there is a heat emergency at Industrial Gate. Visibility is poor. Please hurry!,industrial gate; heat emergency; caller,MEDICAL,1
Oh my god! The caller says there is a lightning strike at Bus Terminal. Visibility is poor. Please hurry!,lightning strike; bus terminal; caller,CYCLONE,2
"It's, um, Heavy poor visibility is making the situation worse near Airport Junction. There is a fuel leak. Traffic is building up. Traffic is building up.",airport junction; poor visibility; fuel leak,HAZMAT,2
There has been a factory fire near Bus Depot. I can see a bus involved and one injured person. People are moving away. Traffic is building up. Please hurry!,one injured person; bus depot; factory fire,FIRE,2
There's... Ahhh! Caller reports a aircraft emergency at Railway Yard. There is smoke.,railway yard; aircraft emergency; smoke,CRASH,2
"Wait, yes, The caller says there is a building collapse at Old Railway Crossing. Visibility is poor. People are moving away.",old railway crossing; building collapse; wait,RESCUE,5
"It's, um, Ahhh! I am near South Flyover and there has been a landslide. The road is affected and I can see rising water.",rising water; south flyover; landslide,RESCUE,2
We have a fuel leak near Harbor Area. It happened late last night. Please hurry!,fuel leak; harbor area; happened,HAZMAT,2
"I... I don't know, Please send help to Central Market. We have a railway accident involving a bus. The weather is strong winds. Traffic is building up. What do I do?!",railway accident; strong winds; central market,CRASH,2
Please hurry! I think there has been a car rollover near Market Road. multiple casualties. Send someone now!,multiple casualties; market road; car rollover,CRASH,5
The caller says there is a fallen tree at South Flyover. Traffic is building up. Visibility is poor. What do I do?!,fallen tree; south flyover; caller,RESCUE,2
911? Heavy dense fog is making the situation worse near Riverbank. There is a drowning. The incident happened this afternoon.,dense fog; riverbank; drowning,RESCUE,5
We have a wildfire near Old Railway Crossing. It happened around midnight.,old railway crossing; wildfire; happened,FIRE,3
"It's, um, Ahhh! Please send help to Tunnel Entrance. We have a car rollover involving a sedan. People are moving away.",tunnel entrance; car rollover; sedan,CRASH,1
Please send help to Airport Road. We have a bus crash involving a car. The weather is lightning. People are moving away.,airport road; bus crash; lightning,CRASH,2
911? I think there has been a cyclone damage near Main Highway. a seriously injured driver.,a seriously injured driver; main highway; cyclone damage,CYCLONE,2
"I... I don't know, Ahhh! A shopkeeper says there is a motorcycle accident near Airport Junction. They noticed fuel leak. Traffic is building up.",airport junction; fuel leak; motorcycle accident,CRASH,2
Ahhh! Please send help to Underpass. We have a factory fire involving a school bus. People are moving away. Visibility is poor. Please hurry!,school bus; factory fire; underpass,FIRE,2
A worker says there is a medical emergency near Central Flyover. They noticed oil spill. Visibility is poor. The incident happened around noon.,central flyover; oil spill; medical emergency,MEDICAL,2
There has been a evacuation near Shopping District. I can see a motorcycle involved and an unconscious person. The incident happened late last night. Traffic is building up.,an unconscious person; shopping district; motorcycle,RESCUE,4
There has been a fuel leak near Tunnel Entrance. I can see a delivery vehicle involved and one injured person. Visibility is poor. Please hurry!,one injured person; fuel leak; tunnel entrance,HAZMAT,3
Caller reports a power line failure at City Center. There is chemical fumes. Traffic is building up. People are moving away.,power line failure; city center; chemical fumes,HAZMAT,1
A passenger says there is a industrial accident near Industrial Gate. They noticed unstable structure. People are moving away. The incident happened this afternoon.,industrial gate; unstable structure; industrial accident,MEDICAL,1
Help! I think there has been a railway accident near River Bridge. one injured person. Visibility is poor.,one injured person; railway accident; river bridge,CRASH,3
I think there has been a truck accident near Warehouse District. one injured person. A cyclist is waiting.,one injured person; truck accident; warehouse district,CRASH,3
"It's, um, Please send help to Riverbank. We have a lightning strike involving a container truck.",lightning strike; container truck; riverbank,CYCLONE,1
Ahhh! A worker says there is a landslide near Forest Checkpoint. They noticed fuel leak.,fuel leak; forest checkpoint; worker,RESCUE,3
Reports are coming in from North Underpass about a road blockage. There is blocked road.,north underpass; blocked road; road blockage,RESCUE,2
There's... Caller reports a drowning at Warehouse District. There is rising water.,rising water; warehouse district; drowning,RESCUE,4
There's... Please hurry! The caller says there is a vehicle collision at Station Road. The weather is strong winds. The weather is strong winds.,vehicle collision; strong winds; station road,CRASH,2
There has been a power line failure near Residential Block. I can see a container truck involved and three injured passengers. Send someone now!,three injured passengers; power line failure; container truck,HAZMAT,3
Oh my god! Caller reports a train derailment at Commercial Street. There is live electrical wires. The incident happened a few minutes ago.,live electrical wires; commercial street; train derailment,CRASH,5
"Wait, yes, Please send help to South Flyover. We have a building fire involving a train.",south flyover; building fire; train,FIRE,3
"Wait, yes, Please hurry! There has been a gas leak near Forest Checkpoint. I can see a car involved and an injured child. People are moving away. Traffic is building up.",an injured child; gas leak; forest checkpoint,HAZMAT,3
"Wait, yes, I am near Harbor Area and there has been a dam overflow. The road is affected and I can see fuel leak. Traffic is building up.",fuel leak; harbor area; dam overflow,FLOOD,2
There's... Ahhh! We have a bridge damage near South Flyover. It happened about half an hour ago. Traffic is building up.,south flyover; bridge damage; theres,RESCUE,1
There's... The caller says there is a bus crash at Old Bridge.,old bridge; bus crash; theres,CRASH,2
Help! There has been a warehouse fire near College Road. I can see a car involved and people with minor injuries. Visibility is poor. Visibility is poor. What do I do?!,people with minor injuries; college road; warehouse fire,FIRE,2
Help! The caller says there is a stampede at Railway Yard. People are moving away.,railway yard; stampede; help,RESCUE,1
Help! Caller reports a railway accident at Old Railway Crossing. There is diesel leak.,old railway crossing; railway accident; diesel leak,CRASH,3
911? Reports are coming in from Outer Ring Road about a industrial accident. There is toxic fumes. The incident happened before sunrise. Visibility is poor.,outer ring road; industrial accident; toxic fumes,MEDICAL,1
911? I am near Harbor Area and there has been a dam overflow. The road is affected and I can see rising water.,rising water; harbor area; dam overflow,FLOOD,2
"Wait, yes, Please hurry! Please send help to Old Railway Crossing. We have a building fire involving a fuel tanker.",old railway crossing; building fire; fuel tanker,FIRE,3
"I... I don't know, Heavy poor visibility is making the situation worse near Harbor Area. There is a boat accident. Traffic is building up. Traffic is building up. What do I do?!",boat accident; poor visibility; harbor area,CRASH,2
Help! A driver says there is a building collapse near Underpass. They noticed toxic fumes.,building collapse; toxic fumes; driver,RESCUE,5
Heavy cold weather is making the situation worse near Bus Terminal. There is a train derailment. The incident happened a few minutes ago. The weather is cold weather. Please hurry!,cold weather; bus terminal; train derailment,CRASH,4
Please send help to Railway Station. We have a medical emergency involving a truck. People are moving away. Please hurry!,railway station; medical emergency; truck,MEDICAL,1
There has been a urban flooding near Railway Yard. I can see a tanker involved and an unconscious person. The incident happened late last night. Traffic is building up. Please hurry!,an unconscious person; railway yard; urban flooding,FLOOD,4
There's... Help! There has been a aircraft emergency near Ring Road. I can see a bus involved and a trapped passenger. Traffic is building up. The incident happened this afternoon.,a trapped passenger; ring road; aircraft emergency,CRASH,4
Help! I am near North Underpass and there has been a flash flood. The road is affected and I can see fallen tree. Visibility is poor.,north underpass; fallen tree; flash flood,FLOOD,3
Oh my god! I think there has been a chemical spill near Airport Junction. people with minor injuries. Traffic is building up. Visibility is poor. Please hurry!,people with minor injuries; airport junction; chemical spill,HAZMAT,3
A resident says there is a forest fire near Station Road. They noticed diesel leak. A resident is waiting. The weather is poor visibility. Please hurry!,poor visibility; diesel leak; forest fire,FIRE,2
Please send help to Airport Junction. We have a crowd emergency involving a van.,airport junction; crowd emergency; van,RESCUE,1
Reports are coming in from River Bridge about a bus crash. There is fire. The weather is extreme heat. Traffic is building up.,extreme heat; bus crash; river bridge,CRASH,2
"It's, um, Caller reports a warehouse fire at Temple Road. There is oil spill. People are moving away.",oil spill; temple road; warehouse fire,FIRE,2
I am near Underpass and there has been a factory fire. The road is affected and I can see debris. Send someone now!,factory fire; debris; underpass,FIRE,3
911? Caller reports a warehouse fire at Residential Block. There is gas leak.,gas leak; residential block; warehouse fire,FIRE,2
"It's, um, We have a missing person near Warehouse District. It happened just now.",missing person; warehouse district; happened,RESCUE,2
I think there has been a chemical spill near Highway Toll Plaza. several injured people.,highway toll plaza; several injured people; chemical spill,HAZMAT,3
There's... The caller says there is a cold exposure at Commercial Street. Send someone now!,commercial street; cold exposure; theres,MEDICAL,2
I think there has been a stampede near Residential Block. people with minor injuries. The incident happened this afternoon. A passenger is waiting. Please hurry!,people with minor injuries; residential block; stampede,RESCUE,1
Help! There has been a severe rainfall near Airport Road. I can see a truck involved and an injured child. The incident happened just now.,an injured child; airport road; severe rainfall,CYCLONE,2
Ahhh! A child says there is a dam overflow near Station Road. They noticed debris. The incident happened about half an hour ago. Visibility is poor.,dam overflow; station road; child,FLOOD,2
Please hurry! A pedestrian says there is a factory fire near Factory Road. They noticed broken glass. The incident happened just now.,broken glass; factory fire; factory road,FIRE,2
The caller says there is a power line failure at Coastal Road. People are moving away. Traffic is building up.,power line failure; coastal road; caller,HAZMAT,1
I think there has been a hazardous material incident near Shopping District. people with minor injuries. Visibility is poor. A security guard is waiting. What do I do?!,people with minor injuries; hazardous material incident; security guard,HAZMAT,2
There has been a electrical accident near Factory Road. I can see a van involved and multiple casualties. People are moving away. The incident happened late last night.,electrical accident; multiple casualties; factory road,FIRE,4
There's... Please hurry! I am near Commercial Street and there has been a drowning. The road is affected and I can see smoke.,commercial street; drowning; smoke,RESCUE,4
911? There has been a building fire near Tunnel Entrance. I can see a train involved and several injured people. A pedestrian is waiting.,several injured people; tunnel entrance; building fire,FIRE,2
"It's, um, I think there has been a electrical accident near City Hospital. several injured people.",several injured people; electrical accident; city hospital,FIRE,2
Ahhh! There has been a factory fire near Underpass. I can see a container truck involved and an unconscious person. The weather is cyclonic winds.,an unconscious person; container truck; factory fire,FIRE,4
A shopkeeper says there is a industrial accident near South Flyover. They noticed diesel leak. The weather is lightning.,diesel leak; industrial accident; south flyover,MEDICAL,3
Oh my god! I think there has been a explosion near Port Entrance. multiple casualties. Traffic is building up.,port entrance; multiple casualties; explosion,RESCUE,4
Please send help to Riverbank. We have a industrial accident involving a motorcycle. The weather is thunderstorm.,industrial accident; thunderstorm; riverbank,MEDICAL,3
"I... I don't know, Caller reports a cold exposure at Tunnel Entrance. There is fallen tree. Visibility is poor.",fallen tree; tunnel entrance; cold exposure,MEDICAL,1
There's... Please hurry! Heavy thunderstorm is making the situation worse near Eastern Bypass. There is a factory fire. Visibility is poor. Traffic is building up.,factory fire; eastern bypass; thunderstorm,FIRE,2
"Wait, yes, Please hurry! I think there has been a wildfire near Old Railway Crossing. one injured person. Traffic is building up. Traffic is building up.",one injured person; old railway crossing; wildfire,FIRE,2
Reports are coming in from Railway Station about a vehicle collision. There is fire. Send someone now!,railway station; vehicle collision; fire,CRASH,2
Caller reports a industrial accident at North Underpass. There is toxic fumes. A elderly person is waiting.,north underpass; elderly person; industrial accident,MEDICAL,2
There's... Oh my god! Please send help to Old Railway Crossing. We have a medical emergency involving a car. A construction worker is waiting.,old railway crossing; construction worker; medical emergency,MEDICAL,1
"Wait, yes, Caller reports a car rollover at Railway Station. There is fuel leak. What do I do?!",railway station; fuel leak; car rollover,CRASH,3
Oh my god! I think there has been a chemical spill near Market Road. three injured passengers. A driver is waiting.,three injured passengers; chemical spill; market road,HAZMAT,3
I am near Warehouse District and there has been a heat emergency. The road is affected and I can see fallen tree. The incident happened before sunrise.,fallen tree; warehouse district; heat emergency,MEDICAL,2
"Wait, yes, Heavy stormy weather is making the situation worse near Temple Road. There is a building collapse. Traffic is building up. The weather is stormy weather.",stormy weather; building collapse; temple road,RESCUE,4
I am near Western Expressway and there has been a dam overflow. The road is affected and I can see unstable structure. The weather is poor visibility. The incident happened about half an hour ago.,poor visibility; unstable structure; western expressway,FLOOD,1
Ahhh! There has been a storm damage near Highway Toll Plaza. I can see a ambulance involved and an unconscious person.,an unconscious person; highway toll plaza; storm damage,CYCLONE,4
There's... I am near Market Road and there has been a railway accident. The road is affected and I can see rising water. The incident happened around noon.,railway accident; rising water; market road,CRASH,2
Reports are coming in from Industrial Area about a drowning. There is toxic fumes. The weather is lightning.,industrial area; toxic fumes; drowning,RESCUE,5
There has been a cold exposure near Outer Ring Road. I can see a van involved and multiple casualties. Visibility is poor. Traffic is building up. What do I do?!,outer ring road; multiple casualties; cold exposure,MEDICAL,5
"It's, um, I think there has been a cyclone damage near Industrial Area. a seriously injured driver. Visibility is poor.",a seriously injured driver; industrial area; cyclone damage,CYCLONE,3
"I... I don't know, Ahhh! I think there has been a warehouse fire near Eastern Bypass. a seriously injured driver.",a seriously injured driver; warehouse fire; eastern bypass,FIRE,2
"It's, um, Please send help to Eastern Bypass. We have a flash flood involving a container truck. A cyclist is waiting. Visibility is poor.",container truck; eastern bypass; flash flood,FLOOD,2
"I... I don't know, Please send help to Coastal Road. We have a missing person involving a motorcycle. The weather is strong winds. Please hurry!",missing person; strong winds; coastal road,RESCUE,1
Please hurry! Please send help to Coastal Road. We have a explosion involving a train. People are moving away. A worker is waiting. What do I do?!,coastal road; train; explosion,RESCUE,5
Reports are coming in from Underpass about a vehicle collision. There is smoke. The weather is strong winds.,vehicle collision; strong winds; underpass,CRASH,2
Ahhh! There has been a evacuation near Factory Road. I can see a ambulance involved and an unconscious person. Traffic is building up. Traffic is building up. What do I do?!,an unconscious person; factory road; evacuation,RESCUE,4
Oh my god! We have a evacuation near Bus Terminal. It happened late last night. Send someone now!,bus terminal; evacuation; happened,RESCUE,1
I am near Central Flyover and there has been a building fire. The road is affected and I can see fire.,central flyover; building fire; road,FIRE,2
Help! I am near Outer Ring Road and there has been a building collapse. The road is affected and I can see debris. Send someone now!,outer ring road; building collapse; debris,RESCUE,5
"Wait, yes, I am near Temple Road and there has been a bridge damage. The road is affected and I can see rising water. The weather is stormy weather. A resident is waiting.",stormy weather; rising water; temple road,RESCUE,3
"I... I don't know, The caller says there is a urban flooding at Forest Checkpoint. What do I do?!",urban flooding; forest checkpoint; dont,FLOOD,2
Help! Heavy dense fog is making the situation worse near Western Expressway. There is a drowning. Visibility is poor. Visibility is poor.,dense fog; western expressway; drowning,RESCUE,5
There has been a industrial accident near South Flyover. I can see a van involved and several injured people. Traffic is building up. Visibility is poor. Please hurry!,several injured people; industrial accident; south flyover,MEDICAL,3
"I... I don't know, Ahhh! The caller says there is a vehicle collision at Ring Road. A construction worker is waiting. A construction worker is waiting. Send someone now!",ring road; construction worker; vehicle collision,CRASH,1
There's... Help! Reports are coming in from Port Entrance about a landslide. There is blocked road. Visibility is poor. Send someone now!,blocked road; port entrance; landslide,RESCUE,2
"I... I don't know, There has been a power line failure near Western Expressway. I can see a bus involved and several injured people. People are moving away. What do I do?!",several injured people; power line failure; western expressway,HAZMAT,3
Oh my god! Caller reports a landslide at Eastern Bypass. There is blocked road. Traffic is building up. Traffic is building up.,blocked road; eastern bypass; landslide,RESCUE,1
"It's, um, There has been a building collapse near Central Market. I can see a truck involved and an injured child.",an injured child; building collapse; central market,RESCUE,4
911? There has been a severe rainfall near City Hospital. I can see a car involved and an unconscious person. A pedestrian is waiting.,an unconscious person; city hospital; severe rainfall,CYCLONE,5
Ahhh! Please send help to Central Flyover. We have a wildfire involving a SUV. Send someone now!,central flyover; wildfire; suv,FIRE,3
Ahhh! There has been a industrial accident near Tunnel Entrance. I can see a train involved and one injured person. Traffic is building up. People are moving away.,one injured person; industrial accident; tunnel entrance,MEDICAL,3
"I... I don't know, I think there has been a stampede near Railway Yard. a seriously injured driver. The incident happened early this morning. Please hurry!",a seriously injured driver; railway yard; stampede,RESCUE,3
Please hurry! Please send help to Old Bridge. We have a explosion involving a bus. People are moving away. Send someone now!,old bridge; bus; explosion,RESCUE,4
"I... I don't know, There has been a dam overflow near Coastal Road. I can see a container truck involved and an injured child.",an injured child; container truck; coastal road,FLOOD,2
Please hurry! Caller reports a hazardous material incident at Railway Yard. There is unstable structure. Traffic is building up.,hazardous material incident; railway yard; unstable structure,HAZMAT,1
Heavy cyclonic winds is making the situation worse near Warehouse District. There is a building collapse. Visibility is poor. People are moving away.,building collapse; cyclonic winds; warehouse district,RESCUE,4
I am near Highway Toll Plaza and there has been a crowd emergency. The road is affected and I can see rising water. The weather is lightning. The incident happened a few minutes ago.,highway toll plaza; crowd emergency; rising water,RESCUE,1
Caller reports a warehouse fire at City Center. There is unstable structure. Visibility is poor.,city center; unstable structure; warehouse fire,FIRE,3
"I... I don't know, 911? Heavy cold weather is making the situation worse near Main Highway. There is a industrial accident. People are moving away. What do I do?!",main highway; cold weather; industrial accident,MEDICAL,1
Oh my god! We have a fuel leak near Central Flyover. It happened around noon. Traffic is building up.,central flyover; fuel leak; happened,HAZMAT,3
Ahhh! Heavy lightning is making the situation worse near Airport Junction. There is a severe rainfall. Traffic is building up. The weather is lightning.,airport junction; severe rainfall; lightning,CYCLONE,1
Ahhh! We have a earthquake damage near Riverbank. It happened around noon. People are moving away. The incident happened around noon. Please hurry!,earthquake damage; riverbank; ahhh,RESCUE,5
There's... Ahhh! I am near City Center and there has been a train derailment. The road is affected and I can see toxic fumes. A security guard is waiting. The incident happened early this morning.,city center; security guard; train derailment,CRASH,5
A resident says there is a wildfire near Outer Ring Road. They noticed unstable structure. A resident is waiting.,outer ring road; unstable structure; wildfire,FIRE,2
There's... The caller says there is a cyclone damage at Western Expressway. People are moving away. Traffic is building up.,cyclone damage; western expressway; theres,CYCLONE,2
"It's, um, I think there has been a cold exposure near Eastern Bypass. several injured people. A pedestrian is waiting.",several injured people; cold exposure; eastern bypass,MEDICAL,3
A shopkeeper says there is a fallen tree near Ring Road. They noticed chemical fumes. What do I do?!,ring road; fallen tree; chemical fumes,RESCUE,1
Reports are coming in from Airport Junction about a severe rainfall. There is unstable structure. The weather is heavy rain.,airport junction; severe rainfall; unstable structure,CYCLONE,2
"Wait, yes, Heavy wet roads is making the situation worse near City Hospital. There is a motorcycle accident. Visibility is poor.",city hospital; wet roads; motorcycle accident,CRASH,2
911? Please send help to Coastal Road. We have a urban flooding involving a tanker. Traffic is building up. The incident happened early this morning. What do I do?!,urban flooding; coastal road; tanker,FLOOD,3
911? Please send help to Market Road. We have a aircraft emergency involving a SUV. Please hurry!,aircraft emergency; market road; suv,CRASH,1
There's... Help! There has been a chemical spill near Forest Checkpoint. I can see a school bus involved and a trapped passenger. Visibility is poor. Visibility is poor. Send someone now!,a trapped passenger; school bus; chemical spill,HAZMAT,4
"Wait, yes, Heavy heavy rain is making the situation worse near Tunnel Entrance. There is a medical emergency. Visibility is poor.",tunnel entrance; heavy rain; medical emergency,MEDICAL,2
The caller says there is a crowd emergency at Western Expressway. A child is waiting. What do I do?!,crowd emergency; western expressway; child,RESCUE,1
Reports are coming in from River Bridge about a missing person. There is broken glass.,broken glass; missing person; river bridge,RESCUE,2
The caller says there is a boat accident at Highway Toll Plaza.,highway toll plaza; boat accident; caller,CRASH,1
"Wait, yes, Help! We have a train derailment near Commercial Street. It happened early this morning. Visibility is poor. Send someone now!",commercial street; train derailment; wait,CRASH,4
Oh my god! A pedestrian says there is a hazardous material incident near Warehouse District. They noticed fire. People are moving away. What do I do?!,hazardous material incident; warehouse district; pedestrian,HAZMAT,2
"It's, um, Oh my god! Caller reports a heat emergency at Western Expressway. There is oil spill.",oil spill; western expressway; heat emergency,MEDICAL,2
"Wait, yes, Help! I am near City Center and there has been a heat emergency. The road is affected and I can see live electrical wires. Traffic is building up. A pedestrian is waiting. What do I do?!",live electrical wires; city center; heat emergency,MEDICAL,2
"I... I don't know, Oh my god! Heavy extreme heat is making the situation worse near Harbor Area. There is a bridge damage. Visibility is poor. The incident happened around noon. What do I do?!",extreme heat; harbor area; bridge damage,RESCUE,1
"Wait, yes, Caller reports a wildfire at City Hospital. There is fire. A worker is waiting.",city hospital; wildfire; worker,FIRE,2
I am near Underpass and there has been a cold exposure. The road is affected and I can see toxic fumes. People are moving away. A elderly person is waiting.,elderly person; cold exposure; toxic fumes,MEDICAL,2
We have a earthquake damage near Harbor Area. It happened before sunrise. People are moving away. People are moving away.,earthquake damage; harbor area; happened,RESCUE,5
"I... I don't know, I think there has been a building fire near Central Market. people with minor injuries. People are moving away. Traffic is building up. Please hurry!",people with minor injuries; building fire; central market,FIRE,2
Help! We have a building collapse near Main Highway. It happened before sunrise. Traffic is building up. A passenger is waiting. Send someone now!,main highway; building collapse; passenger,RESCUE,5
Please hurry! There has been a bridge damage near Western Expressway. I can see a tanker involved and several injured people.,several injured people; western expressway; bridge damage,RESCUE,2
There's... Oh my god! Reports are coming in from College Road about a road blockage. There is rising water.,rising water; road blockage; college road,RESCUE,1
Reports are coming in from Coastal Road about a truck accident. There is diesel leak. What do I do?!,truck accident; diesel leak; coastal road,CRASH,2
911? Heavy stormy weather is making the situation worse near Industrial Gate. There is a stampede.,stormy weather; industrial gate; stampede,RESCUE,3
"I... I don't know, Please hurry! I am near Highway Toll Plaza and there has been a severe rainfall. The road is affected and I can see diesel leak. Visibility is poor.",highway toll plaza; severe rainfall; diesel leak,CYCLONE,2
911? Caller reports a bus crash at College Road. There is fire. Traffic is building up. Visibility is poor. Please hurry!,bus crash; college road; fire,CRASH,3
"Wait, yes, Please hurry! I think there has been a flash flood near Market Road. multiple casualties.",multiple casualties; market road; flash flood,FLOOD,5
Ahhh! I think there has been a vehicle collision near Market Road. people with minor injuries. Traffic is building up. The incident happened early this morning.,people with minor injuries; vehicle collision; market road,CRASH,2
Oh my god! Caller reports a building collapse at Western Expressway. There is diesel leak. Visibility is poor.,building collapse; diesel leak; western expressway,RESCUE,4
There has been a cyclone damage near Coastal Road. I can see a train involved and an unconscious person. A child is waiting. People are moving away. Please hurry!,an unconscious person; cyclone damage; coastal road,CYCLONE,4
Oh my god! We have a power line failure near Eastern Bypass. It happened before sunrise. People are moving away. People are moving away.,power line failure; eastern bypass; happened,HAZMAT,2
I think there has been a car rollover near Factory Road. multiple casualties. Please hurry!,multiple casualties; factory road; car rollover,CRASH,4
We have a building collapse near Main Highway. It happened about ten minutes ago.,main highway; building collapse; happened,RESCUE,5
Help! Please send help to Highway Toll Plaza. We have a bus crash involving a van. People are moving away. A security guard is waiting. Please hurry!,highway toll plaza; bus crash; security guard,CRASH,3
911? There has been a warehouse fire near Central Market. I can see a bus involved and multiple casualties. Please hurry!,multiple casualties; warehouse fire; central market,FIRE,5
Please hurry! Heavy heavy rain is making the situation worse near Railway Yard. There is a factory fire.,railway yard; heavy rain; factory fire,FIRE,3
Help! We have a wildfire near Old Bridge. It happened about ten minutes ago. Please hurry!,old bridge; wildfire; help,FIRE,2
There's... The caller says there is a factory fire at Residential Block. Please hurry!,residential block; factory fire; theres,FIRE,2
911? A cyclist says there is a cyclone damage near Western Expressway. They noticed blocked road. Traffic is building up. What do I do?!,blocked road; cyclone damage; western expressway,CYCLONE,1
"I... I don't know, The caller says there is a crowd emergency at City Hospital. The weather is dust storm. A driver is waiting. Please hurry!",crowd emergency; city hospital; dust storm,RESCUE,2
Please send help to Outer Ring Road. We have a dam overflow involving a delivery vehicle. Traffic is building up. Visibility is poor.,outer ring road; delivery vehicle; dam overflow,FLOOD,2
I am near Airport Junction and there has been a medical emergency. The road is affected and I can see live electrical wires. The weather is cyclonic winds. Please hurry!,live electrical wires; airport junction; cyclonic winds,MEDICAL,2
There's... Oh my god! There has been a chemical spill near Central Market. I can see a ambulance involved and an unconscious person. The weather is strong winds. People are moving away. What do I do?!,an unconscious person; strong winds; chemical spill,HAZMAT,5
There has been a storm damage near River Bridge. I can see a train involved and two injured people. People are moving away.,two injured people; storm damage; river bridge,CYCLONE,2
There's... Oh my god! I am near South Flyover and there has been a cyclone damage. The road is affected and I can see smoke. Traffic is building up. The incident happened during rush hour. Please hurry!,cyclone damage; south flyover; smoke,CYCLONE,2
"It's, um, Please hurry! Reports are coming in from Forest Checkpoint about a earthquake damage. There is blocked road. The weather is cyclonic winds. The incident happened early this morning.",blocked road; earthquake damage; cyclonic winds,RESCUE,5
Oh my god! I am near Airport Road and there has been a cyclone damage. The road is affected and I can see live electrical wires. Send someone now!,live electrical wires; airport road; cyclone damage,CYCLONE,1
Help! The caller says there is a storm damage at Temple Road.,storm damage; temple road; help,CYCLONE,2
"Wait, yes, I am near Temple Road and there has been a road blockage. The road is affected and I can see rising water.",rising water; road blockage; temple road,RESCUE,2
Please hurry! Reports are coming in from River Bridge about a factory fire. There is gas leak. Visibility is poor. People are moving away.,river bridge; gas leak; factory fire,FIRE,2
Please send help to Railway Station. We have a cold exposure involving a van. The weather is poor visibility. Traffic is building up. Send someone now!,railway station; poor visibility; cold exposure,MEDICAL,2
There's... A cyclist says there is a bus crash near Market Road. They noticed fire.,bus crash; market road; cyclist,CRASH,2
"It's, um, Help! Reports are coming in from Bus Depot about a missing person. There is gas leak. A elderly person is waiting. The weather is cyclonic winds. What do I do?!",missing person; elderly person; gas leak,RESCUE,2
We have a motorcycle accident near Residential Block. It happened around noon. The weather is dense fog. What do I do?!,dense fog; residential block; motorcycle accident,CRASH,1
"It's, um, Please hurry! I think there has been a car rollover near Shopping District. an injured child. A worker is waiting.",an injured child; shopping district; car rollover,CRASH,3
Ahhh! Please send help to Underpass. We have a railway accident involving a container truck.,railway accident; container truck; underpass,CRASH,2
"I... I don't know, I think there has been a landslide near Western Expressway. a trapped passenger.",a trapped passenger; western expressway; landslide,RESCUE,4
911? I am near Central Flyover and there has been a urban flooding. The road is affected and I can see fallen tree.,fallen tree; central flyover; urban flooding,FLOOD,2
I am near Industrial Area and there has been a evacuation. The road is affected and I can see gas leak. People are moving away. People are moving away.,industrial area; gas leak; evacuation,RESCUE,3
A elderly person says there is a missing person near Old Bridge. They noticed rising water. People are moving away.,old bridge; missing person; rising water,RESCUE,2
"It's, um, A driver says there is a motorcycle accident near Bus Depot. They noticed diesel leak. The weather is dust storm.",dust storm; diesel leak; motorcycle accident,CRASH,3
I think there has been a bridge damage near Outer Ring Road. an injured child. Send someone now!,an injured child; outer ring road; bridge damage,RESCUE,2
Help! The caller says there is a storm damage at Shopping District.,storm damage; shopping district; help,CYCLONE,2
"I... I don't know, Caller reports a storm damage at Market Road. There is debris. People are moving away. Visibility is poor. What do I do?!",storm damage; market road; debris,CYCLONE,3
Ahhh! I am near Ring Road and there has been a industrial accident. The road is affected and I can see smoke. Visibility is poor. What do I do?!,ring road; industrial accident; smoke,MEDICAL,2
Please hurry! I am near Dam Road and there has been a bridge damage. The road is affected and I can see smoke. People are moving away. Please hurry!,bridge damage; dam road; smoke,RESCUE,1
I think there has been a explosion near Western Expressway. a trapped passenger. The incident happened a few minutes ago. People are moving away. What do I do?!,a trapped passenger; western expressway; explosion,RESCUE,5
"Wait, yes, I am near South Flyover and there has been a train derailment. The road is affected and I can see debris. Visibility is poor. Send someone now!",south flyover; train derailment; debris,CRASH,5
"It's, um, Reports are coming in from Port Entrance about a bridge damage. There is gas leak. The incident happened late last night. The weather is heavy rain. Please hurry!",port entrance; gas leak; heavy rain,RESCUE,2
A child says there is a factory fire near Forest Checkpoint. They noticed live electrical wires. Traffic is building up. The incident happened early this morning.,live electrical wires; factory fire; forest checkpoint,FIRE,2
911? There has been a bus crash near Warehouse District. I can see a train involved and people with minor injuries. Traffic is building up. The weather is cyclonic winds. Please hurry!,people with minor injuries; bus crash; cyclonic winds,CRASH,3
There's... Caller reports a factory fire at Factory Road. There is gas leak. Visibility is poor. The incident happened during rush hour.,gas leak; factory fire; factory road,FIRE,2
There's... Ahhh! Reports are coming in from College Road about a aircraft emergency. There is chemical fumes.,aircraft emergency; chemical fumes; college road,CRASH,2
"It's, um, 911? Caller reports a electrical accident at Old Bridge. There is smoke.",electrical accident; old bridge; smoke,FIRE,1
"Wait, yes, The caller says there is a cold exposure at City Hospital. A cyclist is waiting.",city hospital; cold exposure; cyclist,MEDICAL,2
"It's, um, Ahhh! Reports are coming in from Highway Toll Plaza about a stampede. There is fuel leak. The incident happened during rush hour.",highway toll plaza; fuel leak; stampede,RESCUE,2
There has been a severe rainfall near Industrial Gate. I can see a school bus involved and several injured people. People are moving away. The weather is strong winds. Please hurry!,several injured people; school bus; industrial gate,CYCLONE,3
There has been a hazardous material incident near Old Bridge. I can see a ambulance involved and two injured people. The weather is stormy weather. The weather is stormy weather.,hazardous material incident; two injured people; stormy weather,HAZMAT,3
"It's, um, 911? I think there has been a train derailment near Central Flyover. multiple casualties. Send someone now!",central flyover; multiple casualties; train derailment,CRASH,5
"It's, um, I am near Factory Road and there has been a gas leak. The road is affected and I can see debris.",gas leak; factory road; debris,HAZMAT,3
There's... Oh my god! The caller says there is a crowd emergency at Shopping District. The incident happened a few minutes ago. People are moving away.,crowd emergency; shopping district; theres,RESCUE,2
911? I am near Airport Junction and there has been a truck accident. The road is affected and I can see diesel leak. Visibility is poor. What do I do?!,airport junction; truck accident; diesel leak,CRASH,3
I think there has been a power line failure near Coastal Road. a seriously injured driver.,a seriously injured driver; power line failure; coastal road,HAZMAT,3
Help! The caller says there is a lightning strike at Railway Yard. Traffic is building up. What do I do?!,lightning strike; railway yard; help,CYCLONE,2
"It's, um, Oh my god! Caller reports a fuel leak at Port Entrance. There is toxic fumes. Traffic is building up. Send someone now!",port entrance; fuel leak; toxic fumes,HAZMAT,3
Ahhh! A pedestrian says there is a electrical accident near Station Road. They noticed gas leak. Traffic is building up. Traffic is building up. Please hurry!,electrical accident; gas leak; station road,FIRE,3
"It's, um, I think there has been a motorcycle accident near Station Road. three injured passengers. Traffic is building up. Visibility is poor. Please hurry!",three injured passengers; motorcycle accident; station road,CRASH,2
"It's, um, A driver says there is a vehicle collision near Airport Junction. They noticed oil spill. People are moving away. Visibility is poor.",airport junction; vehicle collision; oil spill,CRASH,2
There's... Heavy lightning is making the situation worse near Warehouse District. There is a medical emergency. Visibility is poor. The weather is lightning.,warehouse district; medical emergency; lightning,MEDICAL,1
"Wait, yes, Caller reports a bridge damage at Old Railway Crossing. There is unstable structure. A shopkeeper is waiting. A shopkeeper is waiting.",old railway crossing; unstable structure; bridge damage,RESCUE,2
"Wait, yes, Please send help to Airport Road. We have a road blockage involving a school bus. The incident happened around midnight. Traffic is building up. What do I do?!",school bus; airport road; road blockage,RESCUE,1
"I... I don't know, Caller reports a urban flooding at Railway Station. There is diesel leak. What do I do?!",railway station; diesel leak; urban flooding,FLOOD,2
Reports are coming in from Coastal Road about a building collapse. There is broken glass.,broken glass; building collapse; coastal road,RESCUE,4
I am near Airport Road and there has been a dam overflow. The road is affected and I can see oil spill.,airport road; oil spill; dam overflow,FLOOD,2
Help! Reports are coming in from Coastal Road about a vehicle collision. There is smoke. Visibility is poor. The incident happened around noon. Please hurry!,vehicle collision; coastal road; smoke,CRASH,2
Please hurry! A security guard says there is a fuel leak near River Bridge. They noticed broken glass.,broken glass; fuel leak; river bridge,HAZMAT,2
"Wait, yes, We have a drowning near Riverbank. It happened just now. Visibility is poor. The weather is cyclonic winds.",cyclonic winds; riverbank; drowning,RESCUE,5
There's... Oh my god! Please send help to Riverbank. We have a power line failure involving a fuel tanker. A shopkeeper is waiting. A shopkeeper is waiting.,power line failure; fuel tanker; riverbank,HAZMAT,1
I think there has been a fallen tree near Factory Road. people with minor injuries. The incident happened about ten minutes ago.,people with minor injuries; fallen tree; factory road,RESCUE,1
Please hurry! The caller says there is a fuel leak at Coastal Road. People are moving away. The weather is extreme heat.,extreme heat; fuel leak; coastal road,HAZMAT,3
There's... 911? A passenger says there is a dam overflow near Central Market. They noticed blocked road. The weather is poor visibility. Traffic is building up. Send someone now!,blocked road; poor visibility; central market,FLOOD,1
There's... I think there has been a forest fire near Shopping District. multiple casualties.,multiple casualties; shopping district; forest fire,FIRE,4
"Wait, yes, Reports are coming in from North Underpass about a building collapse. There is diesel leak. A shopkeeper is waiting. The incident happened around noon.",north underpass; building collapse; diesel leak,RESCUE,5
Help! A construction worker says there is a factory fire near Commercial Street. They noticed live electrical wires. People are moving away. A construction worker is waiting.,live electrical wires; construction worker; commercial street,FIRE,2
Oh my god! I think there has been a industrial accident near Main Highway. several injured people. Traffic is building up. The weather is lightning.,several injured people; main highway; industrial accident,MEDICAL,2
911? I think there has been a dam overflow near Railway Station. two injured people. A elderly person is waiting.,two injured people; railway station; elderly person,FLOOD,3
Please hurry! I think there has been a drowning near Airport Junction. people with minor injuries.,people with minor injuries; airport junction; drowning,RESCUE,5
There's... I think there has been a building fire near Ring Road. an unconscious person. Traffic is building up. People are moving away.,an unconscious person; ring road; building fire,FIRE,5
Please send help to Commercial Street. We have a gas leak involving a train.,commercial street; gas leak; train,HAZMAT,2
Heavy thunderstorm is making the situation worse near Tunnel Entrance. There is a motorcycle accident. People are moving away. The incident happened just now.,tunnel entrance; motorcycle accident; thunderstorm,CRASH,3
"I... I don't know, Oh my god! Heavy cold weather is making the situation worse near South Flyover. There is a aircraft emergency. Please hurry!",cold weather; aircraft emergency; south flyover,CRASH,1
Oh my god! Reports are coming in from Shopping District about a motorcycle accident. There is live electrical wires.,live electrical wires; motorcycle accident; shopping district,CRASH,1
911? Reports are coming in from Central Market about a forest fire. There is smoke. Visibility is poor. The incident happened about ten minutes ago.,central market; forest fire; smoke,FIRE,2
"It's, um, Oh my god! There has been a stampede near Riverbank. I can see a car involved and an injured child. People are moving away. Traffic is building up. What do I do?!",an injured child; riverbank; stampede,RESCUE,2
There's... Heavy cyclonic winds is making the situation worse near Forest Checkpoint. There is a train derailment.,cyclonic winds; train derailment; forest checkpoint,CRASH,5
Please hurry! A driver says there is a industrial accident near Old Railway Crossing. They noticed fallen tree. People are moving away. The weather is strong winds.,old railway crossing; fallen tree; strong winds,MEDICAL,2
Oh my god! I think there has been a urban flooding near City Center. two injured people. The incident happened about ten minutes ago.,two injured people; city center; urban flooding,FLOOD,2
Reports are coming in from College Road about a crowd emergency. There is toxic fumes.,crowd emergency; college road; toxic fumes,RESCUE,1
"I... I don't know, Caller reports a urban flooding at Western Expressway. There is live electrical wires.",live electrical wires; urban flooding; western expressway,FLOOD,2
Please hurry! There has been a missing person near Commercial Street. I can see a container truck involved and a seriously injured driver. People are moving away.,a seriously injured driver; container truck; missing person,RESCUE,3
"I... I don't know, Oh my god! We have a storm damage near Main Highway. It happened before sunrise. Visibility is poor. What do I do?!",main highway; storm damage; dont,CYCLONE,2
"Wait, yes, There has been a storm damage near Underpass. I can see a car involved and a trapped passenger. People are moving away. Visibility is poor.",a trapped passenger; storm damage; car,CYCLONE,4
There's... Reports are coming in from Highway Toll Plaza about a hazardous material incident. There is live electrical wires. A child is waiting. Visibility is poor. Please hurry!,highway toll plaza; live electrical wires; hazardous material incident,HAZMAT,1
911? Heavy dust storm is making the situation worse near Factory Road. There is a truck accident. The weather is dust storm. Traffic is building up. What do I do?!,dust storm; truck accident; factory road,CRASH,3
"I... I don't know, Ahhh! Please send help to Station Road. We have a explosion involving a car.",station road; explosion; car,RESCUE,5
"It's, um, Please hurry! Caller reports a chemical spill at College Road. There is unstable structure. Traffic is building up. Visibility is poor.",unstable structure; chemical spill; college road,HAZMAT,3
There's... There has been a building collapse near Tunnel Entrance. I can see a fuel tanker involved and multiple casualties. Traffic is building up. Visibility is poor.,building collapse; multiple casualties; tunnel entrance,RESCUE,4
"I... I don't know, We have a drowning near Residential Block. It happened early this morning.",residential block; drowning; dont,RESCUE,5
Help! A worker says there is a heat emergency near Market Road. They noticed unstable structure. Traffic is building up. Traffic is building up. Please hurry!,unstable structure; market road; heat emergency,MEDICAL,2
I am near Railway Station and there has been a earthquake damage. The road is affected and I can see oil spill.,railway station; oil spill; earthquake damage,RESCUE,4
Please hurry! Reports are coming in from Shopping District about a wildfire. There is live electrical wires.,live electrical wires; shopping district; wildfire,FIRE,3
"It's, um, A pedestrian says there is a railway accident near Temple Road. They noticed smoke. The weather is dust storm.",railway accident; dust storm; temple road,CRASH,2
There's... Please hurry! There has been a boat accident near Port Entrance. I can see a motorcycle involved and an injured child. A child is waiting. Please hurry!,an injured child; boat accident; port entrance,CRASH,2
911? I am near Warehouse District and there has been a drowning. The road is affected and I can see toxic fumes. The incident happened during rush hour. The weather is strong winds.,strong winds; warehouse district; toxic fumes,RESCUE,4
There's... 911? Heavy heavy rain is making the situation worse near Riverbank. There is a gas leak. People are moving away.,gas leak; heavy rain; riverbank,HAZMAT,3
Ahhh! The caller says there is a severe rainfall at Railway Yard. Send someone now!,railway yard; severe rainfall; ahhh,CYCLONE,1
I am near Tunnel Entrance and there has been a landslide. The road is affected and I can see toxic fumes. People are moving away. People are moving away.,tunnel entrance; toxic fumes; landslide,RESCUE,2
911? Heavy heavy rain is making the situation worse near Industrial Gate. There is a chemical spill. Traffic is building up. A security guard is waiting.,industrial gate; security guard; chemical spill,HAZMAT,3
"I... I don't know, Help! I think there has been a dam overflow near River Bridge. an unconscious person. Visibility is poor. A driver is waiting.",an unconscious person; river bridge; dam overflow,FLOOD,5
I am near Coastal Road and there has been a drowning. The road is affected and I can see fire. The weather is stormy weather. Traffic is building up. Please hurry!,stormy weather; coastal road; drowning,RESCUE,4
"I... I don't know, Ahhh! Please send help to Commercial Street. We have a bus crash involving a school bus. What do I do?!",school bus; bus crash; commercial street,CRASH,3
Oh my god! We have a bridge damage near Main Highway. It happened early this morning. What do I do?!,main highway; bridge damage; happened,RESCUE,1
Help! Reports are coming in from Bus Depot about a aircraft emergency. There is gas leak. What do I do?!,gas leak; bus depot; aircraft emergency,CRASH,3
Help! Caller reports a stampede at North Underpass. There is blocked road. Visibility is poor. The weather is dust storm.,north underpass; blocked road; dust storm,RESCUE,2
Oh my god! Caller reports a cyclone damage at Coastal Road. There is live electrical wires. The weather is stormy weather. Visibility is poor.,live electrical wires; stormy weather; cyclone damage,CYCLONE,3
911? We have a fuel leak near Underpass. It happened about ten minutes ago. Traffic is building up.,fuel leak; underpass; happened,HAZMAT,2
Ahhh! We have a factory fire near Riverbank. It happened just now. Traffic is building up.,factory fire; riverbank; ahhh,FIRE,3
"I... I don't know, Help! Please send help to Airport Road. We have a fuel leak involving a school bus.",school bus; airport road; fuel leak,HAZMAT,2
"It's, um, Please send help to Airport Road. We have a bus crash involving a fuel tanker.",airport road; bus crash; fuel tanker,CRASH,2
"Wait, yes, Heavy cyclonic winds is making the situation worse near Airport Road. There is a explosion.",airport road; cyclonic winds; explosion,RESCUE,5
"I... I don't know, Ahhh! Heavy strong winds is making the situation worse near Dam Road. There is a bus crash. The weather is strong winds.",bus crash; strong winds; dam road,CRASH,2
We have a boat accident near South Flyover. It happened about ten minutes ago. A security guard is waiting.,boat accident; security guard; south flyover,CRASH,2
"I... I don't know, Please send help to Coastal Road. We have a factory fire involving a truck.",coastal road; factory fire; truck,FIRE,3
911? I am near Industrial Area and there has been a severe rainfall. The road is affected and I can see rising water. Visibility is poor.,industrial area; severe rainfall; rising water,CYCLONE,1
I am near South Flyover and there has been a missing person. The road is affected and I can see chemical fumes. The weather is dust storm. Visibility is poor. Send someone now!,dust storm; missing person; south flyover,RESCUE,3
I am near Residential Block and there has been a fallen tree. The road is affected and I can see fallen tree. The weather is continuous rainfall. Traffic is building up. Send someone now!,fallen tree; continuous rainfall; residential block,RESCUE,1
We have a hazardous material incident near Residential Block. It happened during rush hour. What do I do?!,hazardous material incident; residential block; happened,HAZMAT,1
Oh my god! There has been a warehouse fire near Underpass. I can see a van involved and an injured child. The weather is dust storm. People are moving away.,an injured child; dust storm; warehouse fire,FIRE,2
Caller reports a forest fire at Forest Checkpoint. There is blocked road. The incident happened early this morning. What do I do?!,blocked road; forest fire; forest checkpoint,FIRE,3
We have a heat emergency near Highway Toll Plaza. It happened about half an hour ago. What do I do?!,highway toll plaza; heat emergency; happened,MEDICAL,2
911? Heavy thunderstorm is making the situation worse near Factory Road. There is a missing person. A passenger is waiting. Please hurry!,missing person; factory road; thunderstorm,RESCUE,3
"I... I don't know, There has been a car rollover near Station Road. I can see a bus involved and an unconscious person. What do I do?!",an unconscious person; station road; car rollover,CRASH,5
Heavy thunderstorm is making the situation worse near Temple Road. There is a flash flood. What do I do?!,temple road; flash flood; thunderstorm,FLOOD,2
There's... I think there has been a fuel leak near Old Railway Crossing. a trapped passenger. Traffic is building up. People are moving away.,a trapped passenger; old railway crossing; fuel leak,HAZMAT,5
Caller reports a vehicle collision at Industrial Gate. There is diesel leak.,industrial gate; vehicle collision; diesel leak,CRASH,2
There's... There has been a cyclone damage near Warehouse District. I can see a tanker involved and an unconscious person. Please hurry!,an unconscious person; cyclone damage; warehouse district,CYCLONE,5
"It's, um, I think there has been a lightning strike near Railway Station. several injured people. The incident happened around midnight. The weather is dense fog. Please hurry!",several injured people; lightning strike; railway station,CYCLONE,3
Heavy heavy rain is making the situation worse near City Hospital. There is a warehouse fire. People are moving away. People are moving away. Please hurry!,city hospital; heavy rain; warehouse fire,FIRE,2
I am near Bus Depot and there has been a motorcycle accident. The road is affected and I can see smoke. Visibility is poor. Visibility is poor.,motorcycle accident; bus depot; smoke,CRASH,1
I am near Ring Road and there has been a factory fire. The road is affected and I can see chemical fumes. The incident happened about ten minutes ago. A resident is waiting.,ring road; chemical fumes; factory fire,FIRE,2
Help! The caller says there is a storm damage at Airport Junction.,storm damage; airport junction; help,CYCLONE,2
Help! The caller says there is a aircraft emergency at River Bridge.,river bridge; aircraft emergency; help,CRASH,1
Caller reports a forest fire at Outer Ring Road. There is fallen tree. The weather is strong winds. Traffic is building up.,outer ring road; fallen tree; strong winds,FIRE,3
911? Caller reports a power line failure at College Road. There is gas leak. A cyclist is waiting.,power line failure; gas leak; college road,HAZMAT,3
Ahhh! A security guard says there is a hazardous material incident near Temple Road. They noticed chemical fumes. Visibility is poor.,hazardous material incident; temple road; security guard,HAZMAT,2
Oh my god! A worker says there is a wildfire near North Underpass. They noticed fuel leak.,north underpass; fuel leak; wildfire,FIRE,3
Help! Reports are coming in from Old Railway Crossing about a warehouse fire. There is fuel leak. Visibility is poor.,old railway crossing; fuel leak; warehouse fire,FIRE,3
"It's, um, Help! Caller reports a lightning strike at Eastern Bypass. There is fallen tree. The weather is poor visibility. People are moving away. Please hurry!",lightning strike; fallen tree; poor visibility,CYCLONE,1
Caller reports a evacuation at North Underpass. There is debris. Traffic is building up. A worker is waiting. Please hurry!,north underpass; debris; worker,RESCUE,1
I think there has been a lightning strike near Industrial Area. two injured people.,two injured people; lightning strike; industrial area,CYCLONE,3
Heavy continuous rainfall is making the situation worse near Warehouse District. There is a landslide. A security guard is waiting.,continuous rainfall; security guard; warehouse district,RESCUE,2
Oh my god! The caller says there is a crowd emergency at Outer Ring Road. Traffic is building up. A elderly person is waiting.,outer ring road; crowd emergency; elderly person,RESCUE,2
Ahhh! Heavy extreme heat is making the situation worse near Outer Ring Road. There is a warehouse fire. Send someone now!,outer ring road; extreme heat; warehouse fire,FIRE,3
Reports are coming in from Bus Terminal about a crowd emergency. There is blocked road. What do I do?!,crowd emergency; blocked road; bus terminal,RESCUE,2
Caller reports a medical emergency at River Bridge. There is broken glass.,broken glass; river bridge; medical emergency,MEDICAL,1
Oh my god! The caller says there is a vehicle collision at College Road. A construction worker is waiting. Traffic is building up.,construction worker; vehicle collision; college road,CRASH,2
There's... I am near River Bridge and there has been a wildfire. The road is affected and I can see live electrical wires. People are moving away. The incident happened about ten minutes ago. What do I do?!,live electrical wires; river bridge; wildfire,FIRE,2
The caller says there is a drowning at Warehouse District.,warehouse district; drowning; caller,RESCUE,5
I think there has been a earthquake damage near Harbor Area. multiple casualties.,earthquake damage; multiple casualties; harbor area,RESCUE,4
I am near Old Railway Crossing and there has been a stampede. The road is affected and I can see fire. The weather is dust storm. People are moving away.,old railway crossing; dust storm; fire,RESCUE,2
"It's, um, Help! I am near South Flyover and there has been a hazardous material incident. The road is affected and I can see debris. What do I do?!",hazardous material incident; south flyover; debris,HAZMAT,1
Help! The caller says there is a cyclone damage at Warehouse District. A cyclist is waiting. A cyclist is waiting.,cyclone damage; warehouse district; cyclist,CYCLONE,2
911? We have a stampede near Western Expressway. It happened during rush hour.,western expressway; stampede; happened,RESCUE,2
"It's, um, Heavy wet roads is making the situation worse near Eastern Bypass. There is a bus crash. People are moving away.",bus crash; wet roads; eastern bypass,CRASH,2
There's... Ahhh! We have a gas leak near Station Road. It happened late last night. Please hurry!,gas leak; station road; theres,HAZMAT,2
Please send help to Riverbank. We have a gas leak involving a motorcycle. The weather is extreme heat. The incident happened around midnight. Send someone now!,extreme heat; gas leak; riverbank,HAZMAT,3
There's... Help! I am near Station Road and there has been a wildfire. The road is affected and I can see live electrical wires. People are moving away. Please hurry!,live electrical wires; station road; wildfire,FIRE,3
"Wait, yes, Reports are coming in from Market Road about a road blockage. There is chemical fumes. Traffic is building up. Visibility is poor.",road blockage; market road; chemical fumes,RESCUE,2
A worker says there is a flash flood near Riverbank. They noticed debris. The weather is thunderstorm.,flash flood; thunderstorm; riverbank,FLOOD,2
"I... I don't know, Oh my god! We have a missing person near Coastal Road. It happened around noon. Traffic is building up. Visibility is poor. Send someone now!",missing person; coastal road; dont,RESCUE,2
Heavy thunderstorm is making the situation worse near Industrial Gate. There is a urban flooding.,industrial gate; urban flooding; thunderstorm,FLOOD,2
Ahhh! A passenger says there is a missing person near Temple Road. They noticed smoke. People are moving away. The weather is continuous rainfall. What do I do?!,missing person; continuous rainfall; temple road,RESCUE,1
Heavy strong winds is making the situation worse near College Road. There is a cold exposure. Please hurry!,strong winds; college road; cold exposure,MEDICAL,2
"I... I don't know, 911? We have a drowning near Temple Road. It happened around midnight. The weather is thunderstorm. The weather is thunderstorm. Please hurry!",temple road; thunderstorm; drowning,RESCUE,4
"I... I don't know, 911? A driver says there is a aircraft emergency near Temple Road. They noticed debris. The weather is dense fog.",dense fog; temple road; aircraft emergency,CRASH,1
Ahhh! Heavy extreme heat is making the situation worse near Eastern Bypass. There is a flash flood. Traffic is building up. People are moving away.,extreme heat; eastern bypass; flash flood,FLOOD,2
I think there has been a missing person near Tunnel Entrance. an unconscious person. Send someone now!,an unconscious person; missing person; tunnel entrance,RESCUE,5
"I... I don't know, Ahhh! A security guard says there is a bridge damage near Railway Yard. They noticed gas leak. People are moving away.",railway yard; security guard; gas leak,RESCUE,3
I am near Station Road and there has been a bus crash. The road is affected and I can see unstable structure. Visibility is poor.,unstable structure; bus crash; station road,CRASH,3
"I... I don't know, A driver says there is a industrial accident near Tunnel Entrance. They noticed diesel leak. The incident happened around midnight. Traffic is building up. Send someone now!",diesel leak; industrial accident; tunnel entrance,MEDICAL,2
There has been a railway accident near Factory Road. I can see a fuel tanker involved and an injured child. A driver is waiting. What do I do?!,an injured child; railway accident; fuel tanker,CRASH,3
Oh my god! Please send help to Riverbank. We have a boat accident involving a fuel tanker.,boat accident; fuel tanker; riverbank,CRASH,2
There's... Please hurry! I am near Coastal Road and there has been a missing person. The road is affected and I can see blocked road. A construction worker is waiting. The incident happened about half an hour ago.,blocked road; construction worker; missing person,RESCUE,2
Help! Heavy continuous rainfall is making the situation worse near Riverbank. There is a aircraft emergency. Traffic is building up. What do I do?!,continuous rainfall; aircraft emergency; riverbank,CRASH,2
I think there has been a urban flooding near Bus Depot. people with minor injuries. Traffic is building up. The weather is dust storm.,people with minor injuries; dust storm; urban flooding,FLOOD,3
"Wait, yes, Oh my god! The caller says there is a heat emergency at Commercial Street. A child is waiting.",commercial street; heat emergency; child,MEDICAL,1
Reports are coming in from Tunnel Entrance about a bus crash. There is smoke. A resident is waiting.,bus crash; tunnel entrance; smoke,CRASH,3
Heavy extreme heat is making the situation worse near Forest Checkpoint. There is a chemical spill. The incident happened before sunrise. Please hurry!,extreme heat; chemical spill; forest checkpoint,HAZMAT,3
I am near Central Flyover and there has been a cold exposure. The road is affected and I can see oil spill. Visibility is poor. Send someone now!,central flyover; oil spill; cold exposure,MEDICAL,3
There's... Please send help to Underpass. We have a heat emergency involving a delivery vehicle. People are moving away. People are moving away.,delivery vehicle; heat emergency; underpass,MEDICAL,1
"I... I don't know, 911? Reports are coming in from Tunnel Entrance about a dam overflow. There is broken glass. People are moving away. The incident happened late last night. Please hurry!",broken glass; tunnel entrance; dam overflow,FLOOD,2
Ahhh! I think there has been a stampede near Riverbank. a trapped passenger. Send someone now!,a trapped passenger; riverbank; stampede,RESCUE,4
A resident says there is a train derailment near Airport Road. They noticed live electrical wires. People are moving away.,live electrical wires; airport road; train derailment,CRASH,5
"I... I don't know, Caller reports a earthquake damage at Old Railway Crossing. There is chemical fumes. People are moving away. People are moving away. What do I do?!",old railway crossing; earthquake damage; chemical fumes,RESCUE,4
Please hurry! A driver says there is a cold exposure near Central Flyover. They noticed diesel leak.,central flyover; diesel leak; cold exposure,MEDICAL,2
Help! There has been a boat accident near Outer Ring Road. I can see a van involved and people with minor injuries. Please hurry!,people with minor injuries; outer ring road; boat accident,CRASH,1
Heavy lightning is making the situation worse near Market Road. There is a vehicle collision. A elderly person is waiting. People are moving away. What do I do?!,vehicle collision; elderly person; market road,CRASH,1
A security guard says there is a cyclone damage near River Bridge. They noticed fuel leak. A security guard is waiting.,cyclone damage; fuel leak; river bridge,CYCLONE,3
There has been a missing person near Eastern Bypass. I can see a school bus involved and three injured passengers. People are moving away. Traffic is building up.,three injured passengers; school bus; missing person,RESCUE,2
"Wait, yes, Please hurry! I am near Central Flyover and there has been a fallen tree. The road is affected and I can see unstable structure. The incident happened late last night.",fallen tree; central flyover; unstable structure,RESCUE,1
"I... I don't know, Ahhh! Heavy extreme heat is making the situation worse near Market Road. There is a storm damage. The weather is extreme heat. The weather is extreme heat. What do I do?!",storm damage; extreme heat; market road,CYCLONE,2
There's... Ahhh! I think there has been a urban flooding near Factory Road. three injured passengers. What do I do?!,three injured passengers; urban flooding; factory road,FLOOD,2
"I... I don't know, Please send help to Eastern Bypass. We have a road blockage involving a fuel tanker.",road blockage; fuel tanker; eastern bypass,RESCUE,2
There's... Please hurry! Heavy lightning is making the situation worse near Temple Road. There is a road blockage. Send someone now!,road blockage; temple road; lightning,RESCUE,1
I am near Commercial Street and there has been a boat accident. The road is affected and I can see unstable structure.,boat accident; unstable structure; commercial street,CRASH,2
"It's, um, Help! Heavy stormy weather is making the situation worse near Old Railway Crossing. There is a heat emergency. The weather is stormy weather. The weather is stormy weather.",old railway crossing; stormy weather; heat emergency,MEDICAL,3
I am near Forest Checkpoint and there has been a motorcycle accident. The road is affected and I can see fuel leak. The weather is cold weather. The weather is cold weather. What do I do?!,cold weather; fuel leak; motorcycle accident,CRASH,2
"Wait, yes, Help! Please send help to Industrial Gate. We have a cold exposure involving a school bus. Traffic is building up. The incident happened about half an hour ago. Please hurry!",school bus; industrial gate; cold exposure,MEDICAL,2
A worker says there is a industrial accident near Railway Yard. They noticed toxic fumes. Traffic is building up. A worker is waiting.,railway yard; industrial accident; toxic fumes,MEDICAL,2
"It's, um, A construction worker says there is a lightning strike near Riverbank. They noticed blocked road. People are moving away. What do I do?!",lightning strike; blocked road; construction worker,CYCLONE,1
"Wait, yes, Oh my god! Heavy lightning is making the situation worse near Highway Toll Plaza. There is a lightning strike. The incident happened about half an hour ago.",highway toll plaza; lightning strike; wait,CYCLONE,2
Caller reports a railway accident at City Center. There is smoke. The incident happened just now. Visibility is poor. Send someone now!,railway accident; city center; smoke,CRASH,1
Help! I think there has been a bus crash near Coastal Road. three injured passengers. The weather is poor visibility. People are moving away. Please hurry!,three injured passengers; poor visibility; bus crash,CRASH,3
There's... Help! Heavy strong winds is making the situation worse near River Bridge. There is a fallen tree. The weather is strong winds.,fallen tree; river bridge; strong winds,RESCUE,1
There's... Oh my god! Heavy poor visibility is making the situation worse near Bus Terminal. There is a fallen tree.,fallen tree; poor visibility; bus terminal,RESCUE,2
"I... I don't know, Reports are coming in from Airport Road about a car rollover. There is broken glass. People are moving away.",broken glass; airport road; car rollover,CRASH,1
The caller says there is a flash flood at Ring Road. Send someone now!,ring road; flash flood; caller,FLOOD,2
"It's, um, Oh my god! I am near Station Road and there has been a fallen tree. The road is affected and I can see fallen tree.",fallen tree; station road; affected,RESCUE,1
Oh my god! There has been a train derailment near City Center. I can see a fuel tanker involved and a seriously injured driver. The weather is wet roads. Send someone now!,a seriously injured driver; city center; wet roads,CRASH,5
Caller reports a bridge damage at Railway Yard. There is fire. What do I do?!,railway yard; bridge damage; fire,RESCUE,3
There's... Please send help to Old Bridge. We have a storm damage involving a delivery vehicle. Traffic is building up. What do I do?!,storm damage; old bridge; delivery vehicle,CYCLONE,3
"I... I don't know, Please hurry! Reports are coming in from Riverbank about a drowning. There is oil spill. Traffic is building up. The incident happened around midnight. Send someone now!",oil spill; riverbank; drowning,RESCUE,4
Please hurry! I am near Port Entrance and there has been a wildfire. The road is affected and I can see fallen tree.,fallen tree; port entrance; wildfire,FIRE,3
There's... There has been a truck accident near Old Railway Crossing. I can see a ambulance involved and one injured person.,one injured person; old railway crossing; truck accident,CRASH,3
The caller says there is a flash flood at Tunnel Entrance. Send someone now!,tunnel entrance; flash flood; caller,FLOOD,2
"I... I don't know, Ahhh! There has been a building fire near Forest Checkpoint. I can see a container truck involved and several injured people. The weather is strong winds. The incident happened about half an hour ago.",several injured people; container truck; strong winds,FIRE,3
Heavy stormy weather is making the situation worse near Western Expressway. There is a building fire. A resident is waiting. The weather is stormy weather. Please hurry!,stormy weather; building fire; western expressway,FIRE,3
Help! I think there has been a bridge damage near Western Expressway. two injured people. A child is waiting.,two injured people; western expressway; bridge damage,RESCUE,3
Please hurry! The caller says there is a dam overflow at Riverbank. Visibility is poor. Please hurry!,dam overflow; riverbank; please,FLOOD,1
"Wait, yes, Please hurry! A elderly person says there is a earthquake damage near Warehouse District. They noticed toxic fumes. A elderly person is waiting.",earthquake damage; elderly person; warehouse district,RESCUE,5
"I... I don't know, A worker says there is a missing person near Railway Yard. They noticed unstable structure. The weather is cyclonic winds.",railway yard; missing person; unstable structure,RESCUE,1
"I... I don't know, Oh my god! There has been a dam overflow near Central Flyover. I can see a train involved and one injured person. Traffic is building up. The incident happened about ten minutes ago.",one injured person; central flyover; dam overflow,FLOOD,2
"Wait, yes, Oh my god! We have a missing person near South Flyover. It happened around noon. The incident happened around noon. What do I do?!",missing person; south flyover; wait,RESCUE,2
"I... I don't know, Ahhh! I think there has been a hazardous material incident near South Flyover. a trapped passenger.",a trapped passenger; hazardous material incident; south flyover,HAZMAT,4
The caller says there is a stampede at Outer Ring Road.,outer ring road; stampede; caller,RESCUE,2
"It's, um, There has been a electrical accident near Shopping District. I can see a truck involved and an unconscious person. Visibility is poor. People are moving away.",an unconscious person; electrical accident; shopping district,FIRE,4
The caller says there is a building collapse at Western Expressway. The incident happened just now.,building collapse; western expressway; caller,RESCUE,5
Help! Reports are coming in from River Bridge about a heat emergency. There is debris.,river bridge; heat emergency; debris,MEDICAL,2
"It's, um, We have a lightning strike near Commercial Street. It happened early this morning. A elderly person is waiting.",lightning strike; elderly person; commercial street,CYCLONE,1
I think there has been a warehouse fire near City Hospital. a trapped passenger.,a trapped passenger; city hospital; warehouse fire,FIRE,5
Oh my god! I think there has been a building collapse near Old Railway Crossing. three injured passengers. People are moving away. Visibility is poor.,three injured passengers; old railway crossing; building collapse,RESCUE,5
"Wait, yes, Oh my god! Heavy lightning is making the situation worse near Western Expressway. There is a forest fire. Traffic is building up.",western expressway; forest fire; lightning,FIRE,2
Ahhh! I think there has been a industrial accident near Old Railway Crossing. a trapped passenger. Traffic is building up.,a trapped passenger; old railway crossing; industrial accident,MEDICAL,4
"Wait, yes, Help! The caller says there is a fallen tree at Railway Yard.",fallen tree; railway yard; wait,RESCUE,1
"I... I don't know, I think there has been a vehicle collision near River Bridge. a seriously injured driver. Traffic is building up. Traffic is building up.",a seriously injured driver; vehicle collision; river bridge,CRASH,2
Please hurry! A pedestrian says there is a forest fire near South Flyover. They noticed unstable structure. The incident happened about half an hour ago. A pedestrian is waiting.,unstable structure; south flyover; forest fire,FIRE,2
Please hurry! Please send help to Dam Road. We have a gas leak involving a motorcycle. The incident happened around noon. Send someone now!,gas leak; dam road; motorcycle,HAZMAT,2
Ahhh! There has been a power line failure near Market Road. I can see a motorcycle involved and a seriously injured driver. A elderly person is waiting. The weather is cyclonic winds.,a seriously injured driver; power line failure; elderly person,HAZMAT,2
Heavy cyclonic winds is making the situation worse near Western Expressway. There is a building collapse.,building collapse; western expressway; cyclonic winds,RESCUE,5
"I... I don't know, I am near Temple Road and there has been a stampede. The road is affected and I can see diesel leak. People are moving away. Traffic is building up. What do I do?!",diesel leak; temple road; stampede,RESCUE,2
Oh my god! There has been a storm damage near Airport Road. I can see a train involved and a trapped passenger. Please hurry!,a trapped passenger; storm damage; airport road,CYCLONE,4
Help! We have a crowd emergency near Port Entrance. It happened about half an hour ago.,crowd emergency; port entrance; help,RESCUE,1
I think there has been a medical emergency near Shopping District. several injured people. People are moving away. A child is waiting.,several injured people; shopping district; medical emergency,MEDICAL,2
There's... Help! A pedestrian says there is a lightning strike near Central Market. They noticed toxic fumes. A pedestrian is waiting. The incident happened around noon.,lightning strike; central market; toxic fumes,CYCLONE,1
"It's, um, Oh my god! Heavy dust storm is making the situation worse near City Center. There is a fuel leak. Traffic is building up. Traffic is building up. Please hurry!",city center; dust storm; fuel leak,HAZMAT,3
Heavy strong winds is making the situation worse near Warehouse District. There is a road blockage. The incident happened about half an hour ago. Please hurry!,road blockage; strong winds; warehouse district,RESCUE,1
We have a truck accident near Warehouse District. It happened around midnight. People are moving away. The weather is dust storm. Send someone now!,dust storm; truck accident; warehouse district,CRASH,3
A elderly person says there is a hazardous material incident near Industrial Gate. They noticed diesel leak. The incident happened before sunrise. The incident happened before sunrise.,hazardous material incident; industrial gate; diesel leak,HAZMAT,2
Please hurry! Please send help to Tunnel Entrance. We have a lightning strike involving a sedan. Traffic is building up. Visibility is poor.,lightning strike; tunnel entrance; sedan,CYCLONE,1
"I... I don't know, 911? The caller says there is a explosion at Airport Junction. What do I do?!",airport junction; explosion; dont,RESCUE,4
Ahhh! Please send help to Eastern Bypass. We have a truck accident involving a ambulance. Traffic is building up.,truck accident; eastern bypass; ambulance,CRASH,2
"I... I don't know, A security guard says there is a stampede near Harbor Area. They noticed fallen tree. The weather is wet roads. The weather is wet roads.",fallen tree; security guard; wet roads,RESCUE,1
Heavy strong winds is making the situation worse near Market Road. There is a chemical spill. The incident happened about half an hour ago. Send someone now!,strong winds; chemical spill; market road,HAZMAT,2
There's... Help! A driver says there is a dam overflow near Riverbank. They noticed fallen tree. People are moving away.,fallen tree; dam overflow; driver,FLOOD,2
"I... I don't know, Oh my god! A elderly person says there is a motorcycle accident near Railway Yard. They noticed rising water.",railway yard; rising water; elderly person,CRASH,2
Heavy poor visibility is making the situation worse near Dam Road. There is a dam overflow.,poor visibility; dam overflow; dam road,FLOOD,2
We have a cyclone damage near Forest Checkpoint. It happened during rush hour. People are moving away. People are moving away. Please hurry!,cyclone damage; forest checkpoint; happened,CYCLONE,1
Ahhh! I think there has been a stampede near Bus Depot. a trapped passenger. Traffic is building up.,a trapped passenger; bus depot; stampede,RESCUE,5
Please send help to Forest Checkpoint. We have a road blockage involving a sedan. Traffic is building up. Send someone now!,road blockage; forest checkpoint; sedan,RESCUE,2
Reports are coming in from Warehouse District about a road blockage. There is gas leak. Please hurry!,road blockage; gas leak; warehouse district,RESCUE,2
Ahhh! Please send help to North Underpass. We have a missing person involving a container truck. The weather is dense fog. The weather is dense fog.,north underpass; container truck; missing person,RESCUE,2
"It's, um, A pedestrian says there is a drowning near Tunnel Entrance. They noticed broken glass. The weather is lightning. The incident happened just now.",broken glass; tunnel entrance; drowning,RESCUE,5
"I... I don't know, Reports are coming in from Eastern Bypass about a forest fire. There is smoke. A child is waiting. What do I do?!",eastern bypass; forest fire; child,FIRE,3
There's... Reports are coming in from Western Expressway about a industrial accident. There is unstable structure. Visibility is poor.,unstable structure; industrial accident; western expressway,MEDICAL,1
"I... I don't know, Reports are coming in from Eastern Bypass about a stampede. There is fallen tree. People are moving away.",fallen tree; eastern bypass; stampede,RESCUE,1
"I... I don't know, Help! There has been a railway accident near Industrial Gate. I can see a delivery vehicle involved and multiple casualties. A driver is waiting.",railway accident; industrial gate; multiple casualties,CRASH,5
Please hurry! The caller says there is a gas leak at Railway Yard. People are moving away. What do I do?!,railway yard; gas leak; please,HAZMAT,2
Caller reports a building fire at South Flyover. There is debris. The incident happened around noon. The incident happened around noon.,south flyover; building fire; debris,FIRE,2
Help! The caller says there is a building collapse at Temple Road.,building collapse; temple road; help,RESCUE,5
911? A resident says there is a explosion near Dam Road. They noticed fuel leak.,fuel leak; dam road; explosion,RESCUE,4
There's... Oh my god! Caller reports a warehouse fire at Dam Road. There is oil spill.,oil spill; warehouse fire; dam road,FIRE,3
911? I am near Market Road and there has been a urban flooding. The road is affected and I can see smoke. What do I do?!,urban flooding; market road; smoke,FLOOD,2
"It's, um, Please send help to Coastal Road. We have a lightning strike involving a car. The incident happened just now. The weather is stormy weather. Send someone now!",lightning strike; stormy weather; coastal road,CYCLONE,3
"It's, um, Help! We have a road blockage near Residential Block. It happened this afternoon. The weather is thunderstorm.",road blockage; residential block; thunderstorm,RESCUE,3
"I... I don't know, Help! I think there has been a fuel leak near Old Railway Crossing. an unconscious person.",an unconscious person; old railway crossing; fuel leak,HAZMAT,4
Help! Please send help to Industrial Gate. We have a hazardous material incident involving a truck. Visibility is poor.,hazardous material incident; industrial gate; truck,HAZMAT,2
911? Heavy dust storm is making the situation worse near Residential Block. There is a road blockage. What do I do?!,dust storm; road blockage; residential block,RESCUE,2
Oh my god! A child says there is a fallen tree near North Underpass. They noticed oil spill. A child is waiting. People are moving away.,north underpass; fallen tree; oil spill,RESCUE,3
Ahhh! I think there has been a drowning near Airport Road. an unconscious person. People are moving away. Traffic is building up. What do I do?!,an unconscious person; airport road; drowning,RESCUE,4
We have a railway accident near Railway Yard. It happened just now. A worker is waiting.,railway accident; railway yard; worker,CRASH,1
Please hurry! Caller reports a cyclone damage at Western Expressway. There is toxic fumes. A child is waiting. People are moving away. Send someone now!,cyclone damage; western expressway; toxic fumes,CYCLONE,2
We have a chemical spill near Central Market. It happened about ten minutes ago. Send someone now!,chemical spill; central market; happened,HAZMAT,3
Heavy strong winds is making the situation worse near College Road. There is a aircraft emergency.,strong winds; aircraft emergency; college road,CRASH,1
911? I am near Port Entrance and there has been a industrial accident. The road is affected and I can see debris. The weather is strong winds. Send someone now!,port entrance; strong winds; industrial accident,MEDICAL,2
Please hurry! A pedestrian says there is a fuel leak near Underpass. They noticed fire. The incident happened during rush hour.,fuel leak; pedestrian; fire,HAZMAT,3
Oh my god! I think there has been a storm damage near Underpass. an injured child.,an injured child; storm damage; underpass,CYCLONE,3
I think there has been a earthquake damage near City Center. several injured people. The incident happened about ten minutes ago. Send someone now!,several injured people; city center; earthquake damage,RESCUE,5
"It's, um, Help! Reports are coming in from Station Road about a chemical spill. There is broken glass. A child is waiting. Send someone now!",broken glass; chemical spill; station road,HAZMAT,2
"Wait, yes, I am near Underpass and there has been a fuel leak. The road is affected and I can see diesel leak. The incident happened this afternoon. The weather is strong winds.",diesel leak; fuel leak; strong winds,HAZMAT,2
Please hurry! There has been a heat emergency near Airport Road. I can see a school bus involved and one injured person. The incident happened before sunrise. The weather is strong winds.,one injured person; school bus; airport road,MEDICAL,2
"Wait, yes, The caller says there is a chemical spill at Old Railway Crossing. The incident happened about half an hour ago. Visibility is poor.",old railway crossing; chemical spill; wait,HAZMAT,3
Help! I am near River Bridge and there has been a cold exposure. The road is affected and I can see rising water. Visibility is poor.,rising water; river bridge; cold exposure,MEDICAL,2
Heavy lightning is making the situation worse near Tunnel Entrance. There is a building fire. Visibility is poor.,tunnel entrance; building fire; lightning,FIRE,2
Oh my god! Reports are coming in from City Hospital about a wildfire. There is fallen tree. Please hurry!,city hospital; fallen tree; wildfire,FIRE,3
Caller reports a forest fire at Station Road. There is unstable structure. Visibility is poor. Please hurry!,unstable structure; forest fire; station road,FIRE,2
"Wait, yes, Please hurry! There has been a missing person near Shopping District. I can see a SUV involved and three injured passengers. A construction worker is waiting. Traffic is building up. Send someone now!",three injured passengers; construction worker; missing person,RESCUE,2
Caller reports a motorcycle accident at Residential Block. There is live electrical wires.,live electrical wires; residential block; motorcycle accident,CRASH,1
Reports are coming in from Old Railway Crossing about a cyclone damage. There is chemical fumes.,old railway crossing; cyclone damage; chemical fumes,CYCLONE,2
Oh my god! I am near River Bridge and there has been a railway accident. The road is affected and I can see smoke.,railway accident; river bridge; smoke,CRASH,1
911? There has been a urban flooding near Forest Checkpoint. I can see a sedan involved and a seriously injured driver. The weather is lightning. Traffic is building up. Send someone now!,a seriously injured driver; urban flooding; forest checkpoint,FLOOD,3
Oh my god! Reports are coming in from Bus Terminal about a car rollover. There is diesel leak. People are moving away. What do I do?!,diesel leak; bus terminal; car rollover,CRASH,3
There has been a fuel leak near Harbor Area. I can see a school bus involved and several injured people. Visibility is poor.,several injured people; school bus; fuel leak,HAZMAT,2
There's... Heavy heavy rain is making the situation worse near Port Entrance. There is a power line failure.,power line failure; port entrance; heavy rain,HAZMAT,1
Please hurry! A resident says there is a motorcycle accident near Central Market. They noticed fallen tree.,fallen tree; motorcycle accident; central market,CRASH,2
Heavy continuous rainfall is making the situation worse near Eastern Bypass. There is a building collapse. A construction worker is waiting. The weather is continuous rainfall. Send someone now!,construction worker; building collapse; continuous rainfall,RESCUE,4
"Wait, yes, Please hurry! There has been a bridge damage near Harbor Area. I can see a motorcycle involved and one injured person. People are moving away.",one injured person; harbor area; bridge damage,RESCUE,2
We have a car rollover near Factory Road. It happened about ten minutes ago. People are moving away.,factory road; car rollover; happened,CRASH,1
"It's, um, Reports are coming in from Western Expressway about a factory fire. There is fire.",factory fire; western expressway; reports,FIRE,2
There's... Please send help to Airport Junction. We have a dam overflow involving a bus. A pedestrian is waiting.,airport junction; dam overflow; bus,FLOOD,1
There's... Please hurry! Heavy lightning is making the situation worse near Riverbank. There is a vehicle collision. The incident happened this afternoon. Send someone now!,vehicle collision; riverbank; lightning,CRASH,2
Ahhh! Caller reports a gas leak at Temple Road. There is toxic fumes. The weather is dense fog. Visibility is poor. What do I do?!,dense fog; temple road; gas leak,HAZMAT,2
Ahhh! Caller reports a electrical accident at Central Market. There is broken glass. What do I do?!,broken glass; electrical accident; central market,FIRE,1
A shopkeeper says there is a dam overflow near Bus Terminal. They noticed rising water. Visibility is poor. Please hurry!,rising water; bus terminal; dam overflow,FLOOD,2
"Wait, yes, 911? The caller says there is a chemical spill at Outer Ring Road. People are moving away. The incident happened around noon.",outer ring road; chemical spill; wait,HAZMAT,2
911? I am near Shopping District and there has been a fuel leak. The road is affected and I can see diesel leak. Send someone now!,diesel leak; fuel leak; shopping district,HAZMAT,3
"It's, um, Oh my god! There has been a road blockage near Main Highway. I can see a car involved and a trapped passenger. Visibility is poor. A resident is waiting.",a trapped passenger; main highway; road blockage,RESCUE,4
"I... I don't know, 911? I think there has been a forest fire near Shopping District. three injured passengers. The weather is heavy rain.",three injured passengers; heavy rain; shopping district,FIRE,2
The caller says there is a railway accident at Railway Station. Visibility is poor.,railway accident; railway station; caller,CRASH,1
Reports are coming in from Central Flyover about a vehicle collision. There is fallen tree. People are moving away. Please hurry!,fallen tree; vehicle collision; central flyover,CRASH,1
911? I think there has been a urban flooding near North Underpass. an unconscious person. People are moving away. The incident happened a few minutes ago. Please hurry!,an unconscious person; north underpass; urban flooding,FLOOD,4
"Wait, yes, I am near Old Bridge and there has been a truck accident. The road is affected and I can see unstable structure.",old bridge; truck accident; unstable structure,CRASH,1
Please hurry! Heavy thunderstorm is making the situation worse near Highway Toll Plaza. There is a drowning.,highway toll plaza; thunderstorm; drowning,RESCUE,4
Ahhh! I think there has been a explosion near Underpass. an injured child. Please hurry!,an injured child; explosion; underpass,RESCUE,4
There's... Oh my god! Reports are coming in from Old Railway Crossing about a bridge damage. There is fuel leak. Visibility is poor.,old railway crossing; fuel leak; bridge damage,RESCUE,3
"It's, um, Please hurry! I am near Old Bridge and there has been a evacuation. The road is affected and I can see toxic fumes. The weather is dense fog. Traffic is building up. What do I do?!",old bridge; dense fog; toxic fumes,RESCUE,2
There's... Reports are coming in from Outer Ring Road about a lightning strike. There is broken glass. Visibility is poor.,outer ring road; lightning strike; broken glass,CYCLONE,2
A worker says there is a railway accident near Main Highway. They noticed gas leak.,main highway; railway accident; gas leak,CRASH,3
Help! I am near North Underpass and there has been a truck accident. The road is affected and I can see fire. A driver is waiting. The weather is dust storm.,north underpass; dust storm; truck accident,CRASH,3
Please hurry! Caller reports a bridge damage at Railway Yard. There is chemical fumes. The weather is stormy weather. People are moving away. Send someone now!,stormy weather; railway yard; chemical fumes,RESCUE,3
There's... 911? We have a severe rainfall near Station Road. It happened about ten minutes ago.,severe rainfall; station road; theres,CYCLONE,1
Ahhh! Heavy extreme heat is making the situation worse near Industrial Gate. There is a bus crash. Traffic is building up.,extreme heat; industrial gate; bus crash,CRASH,3
"I... I don't know, A construction worker says there is a road blockage near Outer Ring Road. They noticed broken glass. Traffic is building up.",outer ring road; broken glass; construction worker,RESCUE,1
There's... 911? I am near Bus Depot and there has been a power line failure. The road is affected and I can see fire. The incident happened early this morning. A resident is waiting. What do I do?!,power line failure; bus depot; fire,HAZMAT,2
Oh my god! Heavy cold weather is making the situation worse near Harbor Area. There is a motorcycle accident. People are moving away.,cold weather; motorcycle accident; harbor area,CRASH,2
Please hurry! Reports are coming in from Airport Road about a cyclone damage. There is gas leak. Traffic is building up. A construction worker is waiting. Send someone now!,airport road; construction worker; cyclone damage,CYCLONE,3
911? I think there has been a vehicle collision near Port Entrance. two injured people. Visibility is poor.,two injured people; vehicle collision; port entrance,CRASH,3
"Wait, yes, Please hurry! Heavy stormy weather is making the situation worse near Bus Depot. There is a drowning. The incident happened this afternoon. The weather is stormy weather.",stormy weather; bus depot; drowning,RESCUE,4
I think there has been a lightning strike near Outer Ring Road. several injured people. The weather is dust storm. Visibility is poor. Please hurry!,several injured people; outer ring road; lightning strike,CYCLONE,2
I am near Bus Terminal and there has been a landslide. The road is affected and I can see fallen tree. Send someone now!,fallen tree; bus terminal; landslide,RESCUE,1
"Wait, yes, Help! The caller says there is a bridge damage at Coastal Road. The incident happened late last night. A driver is waiting. Send someone now!",coastal road; bridge damage; driver,RESCUE,1
The caller says there is a chemical spill at Underpass.,chemical spill; underpass; caller,HAZMAT,3
Ahhh! We have a train derailment near Industrial Area. It happened around midnight. What do I do?!,industrial area; train derailment; ahhh,CRASH,4
"It's, um, 911? I am near Riverbank and there has been a medical emergency. The road is affected and I can see chemical fumes. Traffic is building up. People are moving away.",chemical fumes; medical emergency; riverbank,MEDICAL,2
Help! Please send help to Main Highway. We have a missing person involving a tanker.,main highway; missing person; tanker,RESCUE,2
Oh my god! I am near Market Road and there has been a dam overflow. The road is affected and I can see blocked road. Traffic is building up.,blocked road; market road; dam overflow,FLOOD,2
"I... I don't know, I think there has been a fallen tree near Forest Checkpoint. people with minor injuries.",people with minor injuries; fallen tree; forest checkpoint,RESCUE,2
I think there has been a stampede near Harbor Area. an unconscious person. What do I do?!,an unconscious person; harbor area; stampede,RESCUE,5
Caller reports a missing person at Factory Road. There is diesel leak. Traffic is building up.,missing person; diesel leak; factory road,RESCUE,2
911? A pedestrian says there is a storm damage near Industrial Gate. They noticed blocked road.,storm damage; industrial gate; blocked road,CYCLONE,3
"Wait, yes, The caller says there is a building collapse at Factory Road. A cyclist is waiting. Visibility is poor.",building collapse; factory road; cyclist,RESCUE,5
"Wait, yes, 911? There has been a fuel leak near Bus Terminal. I can see a train involved and an injured child. Traffic is building up.",an injured child; fuel leak; bus terminal,HAZMAT,2
We have a vehicle collision near Main Highway. It happened during rush hour. The weather is wet roads.,main highway; vehicle collision; wet roads,CRASH,1
There's... Heavy lightning is making the situation worse near Riverbank. There is a bridge damage. Send someone now!,bridge damage; riverbank; lightning,RESCUE,2
"I... I don't know, Ahhh! Heavy strong winds is making the situation worse near Market Road. There is a explosion. People are moving away. Visibility is poor.",strong winds; market road; explosion,RESCUE,5
Help! Caller reports a building collapse at Bus Terminal. There is gas leak. People are moving away. Send someone now!,building collapse; gas leak; bus terminal,RESCUE,5
Reports are coming in from Outer Ring Road about a factory fire. There is fallen tree.,outer ring road; fallen tree; factory fire,FIRE,2
There's... I think there has been a hazardous material incident near North Underpass. two injured people. The weather is cyclonic winds. People are moving away. What do I do?!,hazardous material incident; two injured people; north underpass,HAZMAT,3
Reports are coming in from Bus Terminal about a crowd emergency. There is debris. The incident happened just now. The incident happened just now.,crowd emergency; bus terminal; debris,RESCUE,2
Please hurry! A construction worker says there is a forest fire near Western Expressway. They noticed fire. People are moving away.,construction worker; western expressway; forest fire,FIRE,2
Heavy dust storm is making the situation worse near Industrial Area. There is a railway accident.,railway accident; industrial area; dust storm,CRASH,3
Please hurry! The caller says there is a warehouse fire at Main Highway.,main highway; warehouse fire; please,FIRE,2
There's... I am near Highway Toll Plaza and there has been a truck accident. The road is affected and I can see unstable structure. Please hurry!,highway toll plaza; truck accident; unstable structure,CRASH,2
"It's, um, I am near River Bridge and there has been a flash flood. The road is affected and I can see diesel leak. A driver is waiting. Send someone now!",diesel leak; river bridge; flash flood,FLOOD,2
A resident says there is a crowd emergency near Riverbank. They noticed toxic fumes. The incident happened about ten minutes ago. Visibility is poor. Please hurry!,crowd emergency; toxic fumes; riverbank,RESCUE,2
"It's, um, I am near Ring Road and there has been a wildfire. The road is affected and I can see debris.",ring road; wildfire; debris,FIRE,3
I am near Outer Ring Road and there has been a flash flood. The road is affected and I can see broken glass. Visibility is poor. Please hurry!,outer ring road; broken glass; flash flood,FLOOD,3
Oh my god! I think there has been a severe rainfall near Harbor Area. people with minor injuries. A pedestrian is waiting. Send someone now!,people with minor injuries; severe rainfall; harbor area,CYCLONE,2
We have a cold exposure near Tunnel Entrance. It happened about ten minutes ago. People are moving away. What do I do?!,tunnel entrance; cold exposure; happened,MEDICAL,2
"It's, um, We have a storm damage near Industrial Gate. It happened this afternoon.",storm damage; industrial gate; happened,CYCLONE,2
Please send help to Old Bridge. We have a heat emergency involving a sedan. Traffic is building up. Traffic is building up.,old bridge; heat emergency; sedan,MEDICAL,1
Ahhh! Please send help to Harbor Area. We have a missing person involving a car. The incident happened a few minutes ago. Traffic is building up. Send someone now!,missing person; harbor area; car,RESCUE,1
"I... I don't know, I am near North Underpass and there has been a electrical accident. The road is affected and I can see smoke. Please hurry!",electrical accident; north underpass; smoke,FIRE,2
"I... I don't know, Oh my god! A passenger says there is a cold exposure near Tunnel Entrance. They noticed fire. Visibility is poor.",tunnel entrance; cold exposure; fire,MEDICAL,3
"I... I don't know, Oh my god! I am near City Hospital and there has been a cyclone damage. The road is affected and I can see broken glass. The weather is lightning.",broken glass; city hospital; cyclone damage,CYCLONE,1
There's... Help! I am near North Underpass and there has been a evacuation. The road is affected and I can see smoke. Traffic is building up. Traffic is building up.,north underpass; evacuation; smoke,RESCUE,1
"I... I don't know, Please hurry! We have a factory fire near Residential Block. It happened late last night. People are moving away. Please hurry!",residential block; factory fire; dont,FIRE,3
"Wait, yes, 911? We have a aircraft emergency near Temple Road. It happened before sunrise. Traffic is building up. The weather is continuous rainfall.",continuous rainfall; temple road; aircraft emergency,CRASH,1
"Wait, yes, Caller reports a cyclone damage at Western Expressway. There is fuel leak. People are moving away. People are moving away.",cyclone damage; fuel leak; western expressway,CYCLONE,3
"It's, um, Ahhh! We have a missing person near Port Entrance. It happened before sunrise. The weather is heavy rain. The weather is heavy rain.",missing person; port entrance; heavy rain,RESCUE,2
I am near Underpass and there has been a flash flood. The road is affected and I can see smoke. People are moving away.,flash flood; underpass; smoke,FLOOD,3
The caller says there is a train derailment at Port Entrance. Visibility is poor. What do I do?!,port entrance; train derailment; caller,CRASH,5
"I... I don't know, I am near Market Road and there has been a factory fire. The road is affected and I can see smoke. The incident happened this afternoon. People are moving away.",market road; factory fire; smoke,FIRE,3
Ahhh! Heavy poor visibility is making the situation worse near College Road. There is a boat accident. The weather is poor visibility. The weather is poor visibility.,boat accident; poor visibility; college road,CRASH,2
Ahhh! Heavy strong winds is making the situation worse near Shopping District. There is a earthquake damage. The weather is strong winds.,earthquake damage; strong winds; shopping district,RESCUE,4
"Wait, yes, Reports are coming in from City Hospital about a evacuation. There is diesel leak. The weather is lightning.",city hospital; diesel leak; lightning,RESCUE,2
There's... Caller reports a bus crash at Underpass. There is chemical fumes. What do I do?!,bus crash; chemical fumes; underpass,CRASH,3
There has been a hazardous material incident near Central Market. I can see a car involved and three injured passengers.,three injured passengers; hazardous material incident; central market,HAZMAT,3
I think there has been a missing person near Dam Road. a trapped passenger. Traffic is building up. The weather is strong winds.,a trapped passenger; missing person; strong winds,RESCUE,4
"I... I don't know, Ahhh! Please send help to Airport Road. We have a road blockage involving a delivery vehicle.",airport road; road blockage; delivery vehicle,RESCUE,2
There's... Reports are coming in from Main Highway about a dam overflow. There is fuel leak. A shopkeeper is waiting.,main highway; fuel leak; dam overflow,FLOOD,3
Please hurry! A child says there is a factory fire near Central Market. They noticed broken glass. The incident happened late last night. The incident happened late last night.,broken glass; factory fire; central market,FIRE,3
We have a drowning near Industrial Gate. It happened about half an hour ago.,industrial gate; drowning; happened,RESCUE,4
Ahhh! We have a bridge damage near Forest Checkpoint. It happened this afternoon. Send someone now!,bridge damage; forest checkpoint; ahhh,RESCUE,2
Help! Please send help to Central Flyover. We have a warehouse fire involving a delivery vehicle. Visibility is poor.,central flyover; warehouse fire; delivery vehicle,FIRE,3
There has been a urban flooding near Central Market. I can see a SUV involved and two injured people.,two injured people; urban flooding; central market,FLOOD,3
Ahhh! There has been a power line failure near Central Flyover. I can see a motorcycle involved and a trapped passenger. Traffic is building up.,a trapped passenger; power line failure; central flyover,HAZMAT,5
"It's, um, Ahhh! I think there has been a truck accident near City Hospital. a seriously injured driver. The incident happened before sunrise. People are moving away.",a seriously injured driver; city hospital; truck accident,CRASH,3
There's... Heavy dense fog is making the situation worse near Main Highway. There is a train derailment. Visibility is poor. People are moving away.,main highway; dense fog; train derailment,CRASH,5
There has been a bus crash near Riverbank. I can see a sedan involved and a seriously injured driver. Traffic is building up. The incident happened around noon.,a seriously injured driver; bus crash; sedan,CRASH,3
I am near Station Road and there has been a vehicle collision. The road is affected and I can see fallen tree. The incident happened before sunrise. A worker is waiting. Send someone now!,fallen tree; vehicle collision; station road,CRASH,1
Reports are coming in from Tunnel Entrance about a crowd emergency. There is gas leak. What do I do?!,crowd emergency; gas leak; tunnel entrance,RESCUE,3
911? A worker says there is a factory fire near Railway Station. They noticed debris. What do I do?!,railway station; factory fire; debris,FIRE,3
The caller says there is a urban flooding at Outer Ring Road. Traffic is building up. The incident happened late last night.,outer ring road; urban flooding; caller,FLOOD,2
Oh my god! There has been a forest fire near Bus Depot. I can see a motorcycle involved and one injured person. The incident happened this afternoon. Please hurry!,one injured person; bus depot; forest fire,FIRE,3
There's... A elderly person says there is a electrical accident near Central Market. They noticed fallen tree. A elderly person is waiting. Send someone now!,electrical accident; fallen tree; elderly person,FIRE,2
Caller reports a motorcycle accident at Station Road. There is blocked road. Visibility is poor. The weather is dust storm. What do I do?!,blocked road; dust storm; motorcycle accident,CRASH,3
"It's, um, Heavy thunderstorm is making the situation worse near Riverbank. There is a power line failure. The incident happened around noon. What do I do?!",power line failure; thunderstorm; riverbank,HAZMAT,2
Please hurry! I am near Western Expressway and there has been a bridge damage. The road is affected and I can see rising water. Traffic is building up.,rising water; western expressway; bridge damage,RESCUE,2
"I... I don't know, Please hurry! There has been a truck accident near Dam Road. I can see a ambulance involved and one injured person. The incident happened around noon. Send someone now!",one injured person; truck accident; dam road,CRASH,3
Please hurry! Caller reports a building collapse at Western Expressway. There is diesel leak. A pedestrian is waiting. Visibility is poor. Please hurry!,building collapse; diesel leak; western expressway,RESCUE,4
There's... The caller says there is a aircraft emergency at Industrial Gate. People are moving away.,industrial gate; aircraft emergency; theres,CRASH,1
There has been a electrical accident near North Underpass. I can see a motorcycle involved and a trapped passenger.,a trapped passenger; electrical accident; north underpass,FIRE,5
Caller reports a crowd emergency at Old Bridge. There is live electrical wires. Traffic is building up. Visibility is poor.,live electrical wires; crowd emergency; old bridge,RESCUE,1
Ahhh! Please send help to Old Bridge. We have a drowning involving a car. The incident happened about ten minutes ago.,old bridge; drowning; car,RESCUE,5
Ahhh! Caller reports a medical emergency at Warehouse District. There is oil spill. The incident happened during rush hour. Traffic is building up. Send someone now!,oil spill; warehouse district; medical emergency,MEDICAL,2
911? We have a severe rainfall near Old Railway Crossing. It happened a few minutes ago. Please hurry!,old railway crossing; severe rainfall; happened,CYCLONE,1
911? Please send help to Industrial Area. We have a stampede involving a truck.,industrial area; truck; stampede,RESCUE,2
We have a landslide near Eastern Bypass. It happened early this morning.,eastern bypass; landslide; happened,RESCUE,1
Ahhh! Heavy strong winds is making the situation worse near Dam Road. There is a bus crash. Visibility is poor. Traffic is building up.,bus crash; strong winds; dam road,CRASH,3
Ahhh! The caller says there is a crowd emergency at Old Bridge. A child is waiting.,crowd emergency; old bridge; child,RESCUE,1
I am near Industrial Area and there has been a severe rainfall. The road is affected and I can see fuel leak. People are moving away. Send someone now!,industrial area; severe rainfall; fuel leak,CYCLONE,3
Heavy thunderstorm is making the situation worse near Bus Terminal. There is a hazardous material incident. The weather is thunderstorm. Send someone now!,hazardous material incident; bus terminal; thunderstorm,HAZMAT,3
"Wait, yes, A cyclist says there is a train derailment near City Hospital. They noticed fuel leak. The weather is cyclonic winds. Send someone now!",city hospital; fuel leak; cyclonic winds,CRASH,5
Please hurry! A pedestrian says there is a bus crash near College Road. They noticed live electrical wires. The incident happened a few minutes ago.,live electrical wires; bus crash; college road,CRASH,2
I think there has been a building collapse near River Bridge. one injured person. The weather is cold weather.,one injured person; cold weather; building collapse,RESCUE,4
"I... I don't know, Please hurry! There has been a industrial accident near Bus Terminal. I can see a container truck involved and a seriously injured driver. Visibility is poor.",a seriously injured driver; container truck; industrial accident,MEDICAL,2
Reports are coming in from Outer Ring Road about a railway accident. There is diesel leak. The weather is dense fog. The weather is dense fog.,outer ring road; railway accident; dense fog,CRASH,2
"It's, um, Help! Heavy stormy weather is making the situation worse near Dam Road. There is a fuel leak. Send someone now!",stormy weather; fuel leak; dam road,HAZMAT,3
"It's, um, Please hurry! We have a wildfire near City Center. It happened about half an hour ago.",city center; wildfire; please,FIRE,2
"I... I don't know, I am near North Underpass and there has been a lightning strike. The road is affected and I can see gas leak. Visibility is poor.",lightning strike; north underpass; gas leak,CYCLONE,2
There has been a stampede near Port Entrance. I can see a school bus involved and a trapped passenger. Visibility is poor.,a trapped passenger; school bus; port entrance,RESCUE,4
Ahhh! There has been a chemical spill near Coastal Road. I can see a bus involved and several injured people. People are moving away.,several injured people; chemical spill; coastal road,HAZMAT,2
Reports are coming in from Old Railway Crossing about a building fire. There is fire.,old railway crossing; building fire; reports,FIRE,2
"It's, um, I think there has been a road blockage near Tunnel Entrance. a seriously injured driver. A child is waiting. Visibility is poor. What do I do?!",a seriously injured driver; road blockage; tunnel entrance,RESCUE,2
Ahhh! Caller reports a road blockage at Eastern Bypass. There is toxic fumes. The incident happened before sunrise. People are moving away. Send someone now!,road blockage; eastern bypass; toxic fumes,RESCUE,1
Help! Heavy extreme heat is making the situation worse near North Underpass. There is a cold exposure. Traffic is building up. Send someone now!,extreme heat; north underpass; cold exposure,MEDICAL,2
Please send help to Forest Checkpoint. We have a gas leak involving a SUV.,gas leak; forest checkpoint; suv,HAZMAT,2
Oh my god! I think there has been a explosion near Shopping District. two injured people. The incident happened about ten minutes ago.,two injured people; shopping district; explosion,RESCUE,4
"Wait, yes, Oh my god! A worker says there is a power line failure near Commercial Street. They noticed oil spill. People are moving away. Please hurry!",power line failure; oil spill; commercial street,HAZMAT,2
There's... Help! Caller reports a crowd emergency at Outer Ring Road. There is oil spill. The weather is thunderstorm. A construction worker is waiting.,outer ring road; crowd emergency; construction worker,RESCUE,2
Ahhh! I am near Railway Yard and there has been a building fire. The road is affected and I can see chemical fumes. Visibility is poor. Send someone now!,railway yard; chemical fumes; building fire,FIRE,3
I think there has been a stampede near Residential Block. an injured child. Visibility is poor.,an injured child; residential block; stampede,RESCUE,2
Heavy cyclonic winds is making the situation worse near Shopping District. There is a train derailment.,cyclonic winds; shopping district; train derailment,CRASH,5
Please hurry! Reports are coming in from Underpass about a power line failure. There is diesel leak. People are moving away.,power line failure; diesel leak; underpass,HAZMAT,2
Ahhh! The caller says there is a gas leak at Western Expressway.,gas leak; western expressway; ahhh,HAZMAT,3
Please hurry! The caller says there is a forest fire at Temple Road. Send someone now!,temple road; forest fire; please,FIRE,2
"Wait, yes, Please send help to College Road. We have a truck accident involving a bus. People are moving away. The incident happened about ten minutes ago. Send someone now!",truck accident; college road; bus,CRASH,2
Reports are coming in from Main Highway about a heat emergency. There is oil spill. The weather is dense fog. The incident happened late last night. Send someone now!,main highway; dense fog; oil spill,MEDICAL,2
We have a warehouse fire near Coastal Road. It happened just now.,coastal road; warehouse fire; happened,FIRE,3
"I... I don't know, Oh my god! Caller reports a lightning strike at Old Bridge. There is oil spill. Visibility is poor. People are moving away.",lightning strike; old bridge; oil spill,CYCLONE,2
There's... I think there has been a power line failure near Underpass. a seriously injured driver. The weather is dense fog.,a seriously injured driver; power line failure; dense fog,HAZMAT,2
There's... Heavy extreme heat is making the situation worse near City Center. There is a power line failure. What do I do?!,power line failure; city center; extreme heat,HAZMAT,1
Help! A security guard says there is a building fire near City Hospital. They noticed gas leak. A security guard is waiting. What do I do?!,city hospital; security guard; gas leak,FIRE,3
Please hurry! Reports are coming in from City Center about a evacuation. There is rising water.,city center; rising water; evacuation,RESCUE,1
"It's, um, Oh my god! Reports are coming in from Bus Depot about a industrial accident. There is chemical fumes. The weather is cold weather. Please hurry!",cold weather; industrial accident; bus depot,MEDICAL,1
I think there has been a industrial accident near Factory Road. a seriously injured driver. Please hurry!,a seriously injured driver; industrial accident; factory road,MEDICAL,2
Ahhh! Reports are coming in from City Hospital about a forest fire. There is rising water. Visibility is poor.,city hospital; rising water; forest fire,FIRE,3
I am near Tunnel Entrance and there has been a motorcycle accident. The road is affected and I can see fuel leak. Traffic is building up. The incident happened about half an hour ago.,fuel leak; tunnel entrance; motorcycle accident,CRASH,2
There's... 911? Please send help to Harbor Area. We have a fallen tree involving a truck. Visibility is poor. The weather is thunderstorm.,fallen tree; harbor area; thunderstorm,RESCUE,3
I think there has been a crowd emergency near Shopping District. a seriously injured driver.,a seriously injured driver; crowd emergency; shopping district,RESCUE,2
There's... Please hurry! Please send help to Highway Toll Plaza. We have a factory fire involving a bus. What do I do?!,highway toll plaza; factory fire; bus,FIRE,3
Ahhh! A driver says there is a evacuation near City Hospital. They noticed debris. The incident happened around midnight. People are moving away. Please hurry!,city hospital; driver; debris,RESCUE,1
Please hurry! Heavy dense fog is making the situation worse near Tunnel Entrance. There is a urban flooding. Send someone now!,dense fog; urban flooding; tunnel entrance,FLOOD,3
Please hurry! There has been a missing person near Industrial Area. I can see a tanker involved and an unconscious person. The weather is strong winds. Please hurry!,an unconscious person; industrial area; missing person,RESCUE,5
911? I am near River Bridge and there has been a truck accident. The road is affected and I can see oil spill. Please hurry!,truck accident; oil spill; river bridge,CRASH,2
"It's, um, Heavy extreme heat is making the situation worse near Commercial Street. There is a vehicle collision.",extreme heat; vehicle collision; commercial street,CRASH,2
"I... I don't know, There has been a car rollover near Coastal Road. I can see a car involved and an injured child. A pedestrian is waiting. Traffic is building up.",an injured child; coastal road; car rollover,CRASH,3
Please send help to Riverbank. We have a building collapse involving a SUV. Send someone now!,building collapse; riverbank; suv,RESCUE,5
The caller says there is a fallen tree at Warehouse District. Traffic is building up.,fallen tree; warehouse district; caller,RESCUE,1
A passenger says there is a hazardous material incident near Bus Depot. They noticed oil spill.,hazardous material incident; oil spill; bus depot,HAZMAT,2
Oh my god! Heavy heavy rain is making the situation worse near Eastern Bypass. There is a power line failure. The incident happened a few minutes ago. Traffic is building up. What do I do?!,power line failure; heavy rain; eastern bypass,HAZMAT,1
911? I am near Railway Station and there has been a power line failure. The road is affected and I can see rising water. The incident happened around midnight. The weather is poor visibility. Send someone now!,power line failure; railway station; rising water,HAZMAT,1
There's... I am near Industrial Gate and there has been a storm damage. The road is affected and I can see live electrical wires. A construction worker is waiting. A construction worker is waiting. What do I do?!,live electrical wires; storm damage; industrial gate,CYCLONE,2
"It's, um, 911? The caller says there is a evacuation at Airport Road. A worker is waiting. People are moving away. What do I do?!",airport road; worker; evacuation,RESCUE,2
Help! Caller reports a railway accident at Central Flyover. There is live electrical wires. Please hurry!,live electrical wires; railway accident; central flyover,CRASH,1
"It's, um, Please hurry! We have a earthquake damage near Commercial Street. It happened early this morning.",earthquake damage; commercial street; please,RESCUE,4
There's... A driver says there is a boat accident near Tunnel Entrance. They noticed chemical fumes. The weather is thunderstorm. The incident happened before sunrise.,boat accident; tunnel entrance; chemical fumes,CRASH,3
"It's, um, Reports are coming in from Factory Road about a cold exposure. There is unstable structure.",unstable structure; cold exposure; factory road,MEDICAL,2
Help! I think there has been a power line failure near Railway Yard. three injured passengers. Visibility is poor.,three injured passengers; power line failure; railway yard,HAZMAT,3
There's... Ahhh! Please send help to Airport Road. We have a explosion involving a sedan. Traffic is building up. Traffic is building up.,airport road; sedan; explosion,RESCUE,4
There's... I am near Residential Block and there has been a motorcycle accident. The road is affected and I can see fallen tree. A driver is waiting. A driver is waiting.,fallen tree; residential block; motorcycle accident,CRASH,1
"It's, um, Oh my god! We have a hazardous material incident near Underpass. It happened a few minutes ago. Send someone now!",hazardous material incident; underpass; happened,HAZMAT,1
Caller reports a heat emergency at Dam Road. There is chemical fumes. Please hurry!,chemical fumes; heat emergency; dam road,MEDICAL,2
"It's, um, Caller reports a dam overflow at North Underpass. There is smoke. People are moving away.",north underpass; dam overflow; smoke,FLOOD,1
"Wait, yes, Please hurry! Please send help to Industrial Gate. We have a stampede involving a sedan. A cyclist is waiting. The incident happened late last night.",industrial gate; cyclist; sedan,RESCUE,1
A cyclist says there is a fuel leak near Underpass. They noticed toxic fumes. Traffic is building up.,fuel leak; toxic fumes; cyclist,HAZMAT,2
I think there has been a medical emergency near River Bridge. a trapped passenger. Visibility is poor.,a trapped passenger; river bridge; medical emergency,MEDICAL,5
"I... I don't know, Please hurry! Please send help to Warehouse District. We have a severe rainfall involving a train.",severe rainfall; warehouse district; train,CYCLONE,2
Oh my god! We have a aircraft emergency near Main Highway. It happened late last night. People are moving away.,main highway; aircraft emergency; happened,CRASH,2
911? I think there has been a cold exposure near Coastal Road. a trapped passenger. The weather is lightning. Send someone now!,a trapped passenger; coastal road; cold exposure,MEDICAL,5
A construction worker says there is a aircraft emergency near Ring Road. They noticed unstable structure.,ring road; construction worker; unstable structure,CRASH,1
"I... I don't know, We have a explosion near Commercial Street. It happened early this morning. People are moving away. Please hurry!",commercial street; explosion; dont,RESCUE,5
Ahhh! Please send help to Eastern Bypass. We have a wildfire involving a bus. Traffic is building up. What do I do?!,eastern bypass; wildfire; bus,FIRE,3
A cyclist says there is a hazardous material incident near South Flyover. They noticed toxic fumes. Visibility is poor. The weather is dust storm. What do I do?!,hazardous material incident; dust storm; south flyover,HAZMAT,3
The caller says there is a dam overflow at Temple Road.,temple road; dam overflow; caller,FLOOD,1
Oh my god! There has been a factory fire near Eastern Bypass. I can see a tanker involved and several injured people. Visibility is poor. Visibility is poor.,several injured people; factory fire; eastern bypass,FIRE,3
Help! Please send help to Western Expressway. We have a missing person involving a ambulance. People are moving away. Traffic is building up. Please hurry!,missing person; western expressway; ambulance,RESCUE,2
Help! The caller says there is a electrical accident at Industrial Gate. The weather is heavy rain. Please hurry!,electrical accident; industrial gate; heavy rain,FIRE,2
"I... I don't know, Please send help to Dam Road. We have a bus crash involving a van. The weather is cold weather.",cold weather; bus crash; dam road,CRASH,3
911? There has been a industrial accident near Dam Road. I can see a car involved and an injured child. People are moving away. The weather is cold weather.,an injured child; cold weather; industrial accident,MEDICAL,3
Please hurry! A security guard says there is a fuel leak near Railway Yard. They noticed toxic fumes. Traffic is building up.,railway yard; fuel leak; security guard,HAZMAT,3
Please hurry! Caller reports a stampede at Commercial Street. There is oil spill. People are moving away.,oil spill; commercial street; stampede,RESCUE,2
"Wait, yes, Oh my god! I am near Bus Terminal and there has been a dam overflow. The road is affected and I can see fire. The weather is extreme heat.",extreme heat; bus terminal; dam overflow,FLOOD,3
Help! The caller says there is a aircraft emergency at Forest Checkpoint. The incident happened early this morning.,aircraft emergency; forest checkpoint; help,CRASH,2
"I... I don't know, Oh my god! There has been a building fire near Central Flyover. I can see a delivery vehicle involved and multiple casualties.",central flyover; multiple casualties; building fire,FIRE,4
Caller reports a wildfire at Tunnel Entrance. There is oil spill. A worker is waiting. Send someone now!,oil spill; tunnel entrance; wildfire,FIRE,3
"I... I don't know, Ahhh! I am near Industrial Area and there has been a warehouse fire. The road is affected and I can see rising water. Visibility is poor. People are moving away.",industrial area; rising water; warehouse fire,FIRE,2
"I... I don't know, Help! The caller says there is a motorcycle accident at Harbor Area. The incident happened early this morning. What do I do?!",motorcycle accident; harbor area; dont,CRASH,1
"It's, um, Please send help to Commercial Street. We have a building collapse involving a bus. Visibility is poor. The weather is cold weather.",cold weather; building collapse; commercial street,RESCUE,4
Help! I am near Railway Yard and there has been a factory fire. The road is affected and I can see unstable structure. People are moving away.,railway yard; unstable structure; factory fire,FIRE,2
Ahhh! I am near Forest Checkpoint and there has been a evacuation. The road is affected and I can see chemical fumes.,chemical fumes; forest checkpoint; evacuation,RESCUE,1
A child says there is a motorcycle accident near Eastern Bypass. They noticed toxic fumes. Visibility is poor.,motorcycle accident; eastern bypass; toxic fumes,CRASH,1
Please hurry! We have a industrial accident near Ring Road. It happened a few minutes ago. What do I do?!,ring road; industrial accident; please,MEDICAL,2
"I... I don't know, Caller reports a hazardous material incident at Factory Road. There is live electrical wires. A pedestrian is waiting. The incident happened before sunrise.",live electrical wires; hazardous material incident; factory road,HAZMAT,2
"Wait, yes, Oh my god! A driver says there is a heat emergency near City Center. They noticed oil spill.",city center; oil spill; heat emergency,MEDICAL,3
Oh my god! Heavy wet roads is making the situation worse near Commercial Street. There is a evacuation. A shopkeeper is waiting.,commercial street; wet roads; shopkeeper,RESCUE,2
911? A resident says there is a warehouse fire near Riverbank. They noticed live electrical wires. Please hurry!,live electrical wires; warehouse fire; riverbank,FIRE,3
There's... Ahhh! Please send help to Coastal Road. We have a drowning involving a tanker.,coastal road; tanker; drowning,RESCUE,5
"I... I don't know, The caller says there is a lightning strike at Tunnel Entrance. A child is waiting.",lightning strike; tunnel entrance; child,CYCLONE,2
There's... Help! Reports are coming in from Coastal Road about a cold exposure. There is debris. People are moving away. Please hurry!,coastal road; cold exposure; debris,MEDICAL,2
I am near Old Railway Crossing and there has been a fuel leak. The road is affected and I can see chemical fumes. The weather is strong winds.,old railway crossing; fuel leak; strong winds,HAZMAT,3
"It's, um, Oh my god! Reports are coming in from Riverbank about a bus crash. There is broken glass.",broken glass; bus crash; riverbank,CRASH,3
911? The caller says there is a urban flooding at South Flyover. What do I do?!,urban flooding; south flyover; caller,FLOOD,2
"I... I don't know, Ahhh! There has been a landslide near Industrial Gate. I can see a sedan involved and a seriously injured driver. Visibility is poor. Traffic is building up.",a seriously injured driver; industrial gate; sedan,RESCUE,2
Oh my god! I am near Tunnel Entrance and there has been a heat emergency. The road is affected and I can see debris. A elderly person is waiting.,elderly person; tunnel entrance; heat emergency,MEDICAL,2
Please hurry! Reports are coming in from River Bridge about a train derailment. There is broken glass. What do I do?!,broken glass; river bridge; train derailment,CRASH,4
Caller reports a chemical spill at Market Road. There is toxic fumes. The incident happened a few minutes ago. People are moving away.,chemical spill; market road; toxic fumes,HAZMAT,3
Heavy stormy weather is making the situation worse near Port Entrance. There is a vehicle collision. Visibility is poor.,stormy weather; vehicle collision; port entrance,CRASH,3
"It's, um, Ahhh! We have a cold exposure near Railway Yard. It happened about ten minutes ago. The weather is extreme heat.",extreme heat; railway yard; cold exposure,MEDICAL,1
"It's, um, A cyclist says there is a power line failure near Tunnel Entrance. They noticed smoke. The weather is strong winds. Traffic is building up.",power line failure; strong winds; tunnel entrance,HAZMAT,2
The caller says there is a cyclone damage at Warehouse District. Send someone now!,cyclone damage; warehouse district; caller,CYCLONE,2
"I... I don't know, Please send help to Railway Station. We have a motorcycle accident involving a train. Traffic is building up.",railway station; motorcycle accident; train,CRASH,2
"Wait, yes, Oh my god! I am near Forest Checkpoint and there has been a boat accident. The road is affected and I can see fuel leak. Traffic is building up. People are moving away. Please hurry!",boat accident; fuel leak; forest checkpoint,CRASH,2
There's... We have a landslide near Central Market. It happened about ten minutes ago. Please hurry!,central market; landslide; theres,RESCUE,1
We have a bus crash near North Underpass. It happened just now.,north underpass; bus crash; happened,CRASH,3
"Wait, yes, Please send help to Bus Terminal. We have a lightning strike involving a train. People are moving away.",lightning strike; bus terminal; train,CYCLONE,1
"Wait, yes, I am near Underpass and there has been a medical emergency. The road is affected and I can see chemical fumes. Traffic is building up.",chemical fumes; medical emergency; underpass,MEDICAL,1
I think there has been a building collapse near Highway Toll Plaza. people with minor injuries. People are moving away. People are moving away.,people with minor injuries; highway toll plaza; building collapse,RESCUE,4
Help! Please send help to Factory Road. We have a boat accident involving a SUV. People are moving away. Traffic is building up. What do I do?!,boat accident; factory road; suv,CRASH,1
Help! I am near Forest Checkpoint and there has been a landslide. The road is affected and I can see toxic fumes. Visibility is poor.,toxic fumes; forest checkpoint; landslide,RESCUE,1
Please send help to Central Flyover. We have a aircraft emergency involving a ambulance. A passenger is waiting.,central flyover; aircraft emergency; passenger,CRASH,2
"Wait, yes, There has been a hazardous material incident near Dam Road. I can see a ambulance involved and a trapped passenger. Visibility is poor. A elderly person is waiting. What do I do?!",a trapped passenger; hazardous material incident; elderly person,HAZMAT,4
A child says there is a railway accident near Old Railway Crossing. They noticed rising water. The incident happened before sunrise. People are moving away.,old railway crossing; railway accident; rising water,CRASH,1
Please hurry! The caller says there is a dam overflow at Central Market.,central market; dam overflow; please,FLOOD,2
Help! I think there has been a bridge damage near Temple Road. multiple casualties. A construction worker is waiting.,construction worker; multiple casualties; temple road,RESCUE,5
"It's, um, Ahhh! Caller reports a storm damage at Outer Ring Road. There is unstable structure. Please hurry!",outer ring road; storm damage; unstable structure,CYCLONE,3
There's... Please hurry! There has been a chemical spill near Dam Road. I can see a bus involved and multiple casualties. A driver is waiting. The incident happened about ten minutes ago.,multiple casualties; chemical spill; dam road,HAZMAT,4
There has been a lightning strike near Coastal Road. I can see a bus involved and an unconscious person. The incident happened around midnight. A pedestrian is waiting. Send someone now!,an unconscious person; lightning strike; coastal road,CYCLONE,5
Help! Heavy continuous rainfall is making the situation worse near Market Road. There is a stampede.,continuous rainfall; market road; stampede,RESCUE,1
911? There has been a landslide near Industrial Area. I can see a delivery vehicle involved and a trapped passenger.,a trapped passenger; industrial area; delivery vehicle,RESCUE,4
"It's, um, Reports are coming in from Airport Road about a fallen tree. There is fire. The weather is cold weather. Visibility is poor.",cold weather; fallen tree; airport road,RESCUE,2
I think there has been a cyclone damage near Industrial Area. three injured passengers.,three injured passengers; industrial area; cyclone damage,CYCLONE,3
There's... I am near Ring Road and there has been a motorcycle accident. The road is affected and I can see rising water.,ring road; rising water; motorcycle accident,CRASH,1
"I... I don't know, There has been a missing person near Western Expressway. I can see a car involved and an unconscious person.",an unconscious person; missing person; western expressway,RESCUE,4
Oh my god! There has been a gas leak near Railway Station. I can see a SUV involved and a trapped passenger. The weather is wet roads. Send someone now!,a trapped passenger; railway station; wet roads,HAZMAT,4
"I... I don't know, 911? I think there has been a cyclone damage near River Bridge. an injured child. People are moving away. Send someone now!",an injured child; cyclone damage; river bridge,CYCLONE,3
Please hurry! The caller says there is a building fire at Eastern Bypass.,building fire; eastern bypass; please,FIRE,2
"I... I don't know, We have a severe rainfall near Factory Road. It happened during rush hour. Send someone now!",severe rainfall; factory road; dont,CYCLONE,2
"Wait, yes, Help! We have a train derailment near Underpass. It happened just now. The weather is lightning. Visibility is poor. Send someone now!",train derailment; lightning; underpass,CRASH,5
"It's, um, Heavy lightning is making the situation worse near Tunnel Entrance. There is a boat accident. A pedestrian is waiting. People are moving away.",boat accident; tunnel entrance; pedestrian,CRASH,2
"It's, um, We have a power line failure near Harbor Area. It happened just now.",power line failure; harbor area; happened,HAZMAT,1
"I... I don't know, The caller says there is a stampede at Riverbank.",riverbank; stampede; dont,RESCUE,1
911? I think there has been a bus crash near College Road. one injured person. People are moving away.,one injured person; bus crash; college road,CRASH,2
"Wait, yes, There has been a heat emergency near Highway Toll Plaza. I can see a train involved and an injured child. The incident happened before sunrise. What do I do?!",an injured child; highway toll plaza; heat emergency,MEDICAL,3
There's... Help! Reports are coming in from Harbor Area about a railway accident. There is fallen tree. The incident happened during rush hour.,railway accident; fallen tree; harbor area,CRASH,1
There's... Help! I am near Harbor Area and there has been a forest fire. The road is affected and I can see fuel leak.,fuel leak; harbor area; forest fire,FIRE,3
Oh my god! I think there has been a storm damage near Station Road. a seriously injured driver. Traffic is building up. Traffic is building up. What do I do?!,a seriously injured driver; storm damage; station road,CYCLONE,2
Ahhh! Please send help to College Road. We have a warehouse fire involving a truck. Send someone now!,college road; warehouse fire; truck,FIRE,2
"Wait, yes, Please hurry! We have a aircraft emergency near Central Flyover. It happened this afternoon. Visibility is poor. The incident happened this afternoon.",central flyover; aircraft emergency; wait,CRASH,1
There's... Oh my god! Reports are coming in from Tunnel Entrance about a landslide. There is fire. People are moving away. The weather is heavy rain.,tunnel entrance; heavy rain; fire,RESCUE,2
I think there has been a factory fire near Eastern Bypass. a trapped passenger. Send someone now!,a trapped passenger; factory fire; eastern bypass,FIRE,4
A worker says there is a crowd emergency near Factory Road. They noticed blocked road. The incident happened during rush hour.,crowd emergency; blocked road; factory road,RESCUE,1
There has been a building fire near Central Market. I can see a car involved and a seriously injured driver.,a seriously injured driver; building fire; central market,FIRE,2
"It's, um, 911? I am near Outer Ring Road and there has been a aircraft emergency. The road is affected and I can see diesel leak. The weather is thunderstorm. The incident happened about half an hour ago. Please hurry!",outer ring road; diesel leak; aircraft emergency,CRASH,3
There's... Ahhh! Please send help to Western Expressway. We have a dam overflow involving a sedan. Please hurry!,western expressway; dam overflow; sedan,FLOOD,1
I think there has been a explosion near Highway Toll Plaza. an injured child. Traffic is building up. The incident happened around midnight. What do I do?!,an injured child; highway toll plaza; explosion,RESCUE,4
Please send help to Main Highway. We have a road blockage involving a school bus. The weather is cold weather.,school bus; main highway; cold weather,RESCUE,1
"It's, um, 911? We have a severe rainfall near Station Road. It happened before sunrise. Traffic is building up. Traffic is building up.",severe rainfall; station road; happened,CYCLONE,2
There has been a power line failure near Airport Road. I can see a delivery vehicle involved and three injured passengers.,three injured passengers; power line failure; airport road,HAZMAT,2
There's... 911? A worker says there is a wildfire near Riverbank. They noticed blocked road. The incident happened late last night. The weather is lightning.,blocked road; wildfire; riverbank,FIRE,2
"Wait, yes, Help! I am near Underpass and there has been a medical emergency. The road is affected and I can see fuel leak. The weather is stormy weather. The weather is stormy weather. What do I do?!",stormy weather; fuel leak; medical emergency,MEDICAL,3
I am near Residential Block and there has been a explosion. The road is affected and I can see fuel leak.,fuel leak; residential block; explosion,RESCUE,5
"Wait, yes, Please send help to South Flyover. We have a factory fire involving a sedan.",south flyover; factory fire; sedan,FIRE,3
Ahhh! Heavy lightning is making the situation worse near Bus Terminal. There is a hazardous material incident. A cyclist is waiting.,hazardous material incident; bus terminal; cyclist,HAZMAT,1
Please hurry! Caller reports a heat emergency at North Underpass. There is unstable structure. Send someone now!,north underpass; unstable structure; heat emergency,MEDICAL,2
"I... I don't know, I am near North Underpass and there has been a wildfire. The road is affected and I can see blocked road. What do I do?!",north underpass; blocked road; wildfire,FIRE,2
We have a stampede near Railway Yard. It happened this afternoon. The incident happened this afternoon. People are moving away.,railway yard; stampede; happened,RESCUE,2
"Wait, yes, Help! A security guard says there is a motorcycle accident near Commercial Street. They noticed chemical fumes. The weather is wet roads. The incident happened during rush hour. What do I do?!",security guard; commercial street; wet roads,CRASH,2
Oh my god! I am near Market Road and there has been a cyclone damage. The road is affected and I can see live electrical wires.,live electrical wires; cyclone damage; market road,CYCLONE,2
There's... Oh my god! There has been a truck accident near Industrial Gate. I can see a school bus involved and three injured passengers. The incident happened about ten minutes ago.,three injured passengers; school bus; industrial gate,CRASH,2
"I... I don't know, I think there has been a factory fire near Bus Depot. an injured child. People are moving away. What do I do?!",an injured child; bus depot; factory fire,FIRE,2
Help! Please send help to Riverbank. We have a road blockage involving a sedan. Traffic is building up.,road blockage; sedan; riverbank,RESCUE,2
Caller reports a industrial accident at Coastal Road. There is fire. A shopkeeper is waiting. The weather is thunderstorm.,industrial accident; coastal road; thunderstorm,MEDICAL,3
"It's, um, 911? The caller says there is a earthquake damage at Highway Toll Plaza. People are moving away. Please hurry!",highway toll plaza; earthquake damage; caller,RESCUE,4
There's... Please hurry! Please send help to Highway Toll Plaza. We have a missing person involving a school bus.,highway toll plaza; school bus; missing person,RESCUE,1
Please hurry! Heavy lightning is making the situation worse near Airport Junction. There is a cold exposure. Traffic is building up. Send someone now!,airport junction; cold exposure; lightning,MEDICAL,2
"It's, um, I think there has been a medical emergency near Port Entrance. several injured people.",several injured people; port entrance; medical emergency,MEDICAL,3
Ahhh! We have a lightning strike near Railway Station. It happened about half an hour ago. The weather is dense fog. What do I do?!,lightning strike; railway station; dense fog,CYCLONE,1
911? Caller reports a storm damage at Forest Checkpoint. There is fire. The weather is strong winds. People are moving away.,storm damage; strong winds; forest checkpoint,CYCLONE,2
Please hurry! We have a medical emergency near Riverbank. It happened just now. Visibility is poor.,medical emergency; riverbank; please,MEDICAL,1
There's... I am near Outer Ring Road and there has been a warehouse fire. The road is affected and I can see chemical fumes. What do I do?!,outer ring road; chemical fumes; warehouse fire,FIRE,2
Reports are coming in from Bus Terminal about a medical emergency. There is chemical fumes. The incident happened before sunrise.,bus terminal; chemical fumes; medical emergency,MEDICAL,1
Please hurry! We have a medical emergency near Factory Road. It happened about ten minutes ago. The weather is extreme heat.,extreme heat; factory road; medical emergency,MEDICAL,1
I am near Station Road and there has been a flash flood. The road is affected and I can see blocked road. People are moving away. Please hurry!,blocked road; station road; flash flood,FLOOD,3
911? We have a train derailment near Station Road. It happened early this morning. What do I do?!,train derailment; station road; happened,CRASH,4
Please hurry! There has been a railway accident near Harbor Area. I can see a van involved and a seriously injured driver.,a seriously injured driver; railway accident; harbor area,CRASH,3
"I... I don't know, I am near Airport Junction and there has been a storm damage. The road is affected and I can see live electrical wires. People are moving away. Traffic is building up.",live electrical wires; storm damage; airport junction,CYCLONE,2
There's... Help! There has been a earthquake damage near Port Entrance. I can see a fuel tanker involved and several injured people. Traffic is building up.,several injured people; port entrance; earthquake damage,RESCUE,5
There's... 911? I am near Old Bridge and there has been a fuel leak. The road is affected and I can see unstable structure.,old bridge; fuel leak; unstable structure,HAZMAT,3
"It's, um, Oh my god! The caller says there is a bus crash at Bus Depot. Please hurry!",bus crash; bus depot; caller,CRASH,2
"I... I don't know, Help! Caller reports a earthquake damage at Factory Road. There is debris. A construction worker is waiting.",construction worker; earthquake damage; factory road,RESCUE,4
Ahhh! Reports are coming in from Station Road about a crowd emergency. There is chemical fumes. Visibility is poor. People are moving away.,crowd emergency; chemical fumes; station road,RESCUE,2
"I... I don't know, Reports are coming in from Coastal Road about a road blockage. There is oil spill.",road blockage; oil spill; coastal road,RESCUE,3
"It's, um, A construction worker says there is a dam overflow near Tunnel Entrance. They noticed broken glass. The weather is extreme heat. Please hurry!",broken glass; extreme heat; construction worker,FLOOD,2
"Wait, yes, There has been a medical emergency near Railway Yard. I can see a train involved and a trapped passenger.",a trapped passenger; railway yard; medical emergency,MEDICAL,4
Help! Reports are coming in from City Hospital about a railway accident. There is fire. Traffic is building up.,railway accident; city hospital; fire,CRASH,3
There's... Help! There has been a wildfire near Highway Toll Plaza. I can see a car involved and an injured child. Traffic is building up. The incident happened during rush hour.,an injured child; highway toll plaza; wildfire,FIRE,3
"It's, um, I think there has been a medical emergency near Railway Yard. three injured passengers. People are moving away.",three injured passengers; railway yard; medical emergency,MEDICAL,3
"Wait, yes, Ahhh! The caller says there is a car rollover at Market Road. A worker is waiting. The incident happened late last night.",market road; car rollover; worker,CRASH,1
Please hurry! There has been a motorcycle accident near Old Bridge. I can see a van involved and an injured child. Send someone now!,an injured child; old bridge; motorcycle accident,CRASH,2
I am near Bus Terminal and there has been a building collapse. The road is affected and I can see rising water. The incident happened around midnight. Please hurry!,rising water; building collapse; bus terminal,RESCUE,4
"It's, um, Help! A child says there is a cyclone damage near Forest Checkpoint. They noticed diesel leak. The incident happened around noon. The incident happened around noon.",cyclone damage; diesel leak; forest checkpoint,CYCLONE,2
There's... 911? Reports are coming in from Market Road about a fallen tree. There is diesel leak. The weather is stormy weather.,stormy weather; fallen tree; diesel leak,RESCUE,2
911? Please send help to Commercial Street. We have a electrical accident involving a school bus.,school bus; electrical accident; commercial street,FIRE,2
We have a medical emergency near Temple Road. It happened this afternoon. Please hurry!,temple road; medical emergency; happened,MEDICAL,1
There's... A worker says there is a forest fire near Railway Station. They noticed broken glass.,broken glass; railway station; forest fire,FIRE,3
Heavy poor visibility is making the situation worse near City Hospital. There is a vehicle collision. Traffic is building up. Send someone now!,city hospital; vehicle collision; poor visibility,CRASH,1
"Wait, yes, Please hurry! I think there has been a vehicle collision near South Flyover. a trapped passenger. People are moving away. Send someone now!",a trapped passenger; vehicle collision; south flyover,CRASH,5
We have a train derailment near Underpass. It happened before sunrise.,train derailment; underpass; happened,CRASH,5
"It's, um, 911? Heavy lightning is making the situation worse near North Underpass. There is a truck accident. People are moving away.",north underpass; truck accident; lightning,CRASH,1
"Wait, yes, We have a stampede near Station Road. It happened about ten minutes ago.",station road; stampede; wait,RESCUE,1
Please send help to Residential Block. We have a earthquake damage involving a delivery vehicle. The incident happened early this morning. The incident happened early this morning. Send someone now!,earthquake damage; residential block; delivery vehicle,RESCUE,5
We have a chemical spill near Old Railway Crossing. It happened around midnight. Visibility is poor. The weather is cold weather.,old railway crossing; cold weather; chemical spill,HAZMAT,3
Ahhh! I am near Highway Toll Plaza and there has been a bridge damage. The road is affected and I can see unstable structure. Visibility is poor. People are moving away. What do I do?!,highway toll plaza; unstable structure; bridge damage,RESCUE,1
911? I think there has been a cold exposure near River Bridge. several injured people. Visibility is poor. A child is waiting. Send someone now!,several injured people; river bridge; cold exposure,MEDICAL,3
Help! Please send help to North Underpass. We have a industrial accident involving a van.,north underpass; industrial accident; van,MEDICAL,1
There's... Please hurry! A cyclist says there is a fallen tree near South Flyover. They noticed chemical fumes. The weather is poor visibility. People are moving away.,fallen tree; poor visibility; south flyover,RESCUE,1
Help! I think there has been a power line failure near Bus Terminal. an unconscious person. A elderly person is waiting. Send someone now!,an unconscious person; power line failure; elderly person,HAZMAT,4
911? Reports are coming in from Outer Ring Road about a industrial accident. There is fallen tree. The incident happened this afternoon. A security guard is waiting. What do I do?!,outer ring road; fallen tree; security guard,MEDICAL,1
"Wait, yes, I am near Riverbank and there has been a cyclone damage. The road is affected and I can see debris.",cyclone damage; riverbank; debris,CYCLONE,2
Heavy continuous rainfall is making the situation worse near City Hospital. There is a building collapse. The incident happened around midnight. People are moving away.,city hospital; building collapse; continuous rainfall,RESCUE,5
There's... We have a factory fire near Tunnel Entrance. It happened about ten minutes ago. Traffic is building up. The weather is extreme heat.,extreme heat; tunnel entrance; factory fire,FIRE,3
The caller says there is a urban flooding at Underpass. The weather is lightning. What do I do?!,urban flooding; lightning; underpass,FLOOD,3
"It's, um, A cyclist says there is a road blockage near Warehouse District. They noticed toxic fumes. Visibility is poor. People are moving away. Please hurry!",road blockage; warehouse district; toxic fumes,RESCUE,2
911? Reports are coming in from Main Highway about a railway accident. There is broken glass. A elderly person is waiting. Traffic is building up.,main highway; railway accident; broken glass,CRASH,2
There's... Ahhh! There has been a railway accident near Central Flyover. I can see a school bus involved and an injured child. People are moving away.,an injured child; school bus; railway accident,CRASH,2
I am near College Road and there has been a medical emergency. The road is affected and I can see fallen tree.,fallen tree; college road; medical emergency,MEDICAL,2
The caller says there is a wildfire at Airport Junction. The weather is cyclonic winds. Traffic is building up. Please hurry!,airport junction; cyclonic winds; wildfire,FIRE,2
"Wait, yes, Ahhh! There has been a car rollover near Industrial Area. I can see a container truck involved and an unconscious person. Visibility is poor.",an unconscious person; industrial area; container truck,CRASH,5
Please send help to Commercial Street. We have a landslide involving a train. People are moving away.,commercial street; train; landslide,RESCUE,2
A cyclist says there is a storm damage near Tunnel Entrance. They noticed blocked road. Traffic is building up. The incident happened around midnight.,storm damage; blocked road; tunnel entrance,CYCLONE,2
A shopkeeper says there is a motorcycle accident near Central Flyover. They noticed chemical fumes. Please hurry!,central flyover; motorcycle accident; chemical fumes,CRASH,2
"I... I don't know, We have a vehicle collision near Highway Toll Plaza. It happened about half an hour ago. People are moving away. Traffic is building up.",highway toll plaza; vehicle collision; dont,CRASH,1
Ahhh! Heavy cyclonic winds is making the situation worse near Shopping District. There is a missing person. A passenger is waiting. What do I do?!,missing person; cyclonic winds; shopping district,RESCUE,2
Please send help to Ring Road. We have a earthquake damage involving a container truck.,ring road; container truck; earthquake damage,RESCUE,4
Ahhh! The caller says there is a flash flood at Western Expressway. The incident happened a few minutes ago.,western expressway; flash flood; ahhh,FLOOD,2
There's... Please send help to Market Road. We have a electrical accident involving a car. People are moving away. Send someone now!,electrical accident; market road; car,FIRE,2
"I... I don't know, We have a forest fire near College Road. It happened during rush hour. Please hurry!",college road; forest fire; dont,FIRE,2
"I... I don't know, Help! Caller reports a train derailment at Market Road. There is toxic fumes.",market road; train derailment; toxic fumes,CRASH,5
The caller says there is a medical emergency at Central Market. The incident happened before sunrise.,central market; medical emergency; caller,MEDICAL,1
"I... I don't know, Reports are coming in from Shopping District about a wildfire. There is broken glass. A resident is waiting. Please hurry!",broken glass; shopping district; wildfire,FIRE,2
Please hurry! Heavy continuous rainfall is making the situation worse near Airport Road. There is a missing person. The weather is continuous rainfall. Send someone now!,airport road; missing person; continuous rainfall,RESCUE,1
"I... I don't know, I am near Central Market and there has been a severe rainfall. The road is affected and I can see unstable structure. People are moving away. Send someone now!",severe rainfall; unstable structure; central market,CYCLONE,1
The caller says there is a storm damage at Central Flyover. What do I do?!,storm damage; central flyover; caller,CYCLONE,2
"Wait, yes, I think there has been a building collapse near Industrial Area. an unconscious person. Visibility is poor. Send someone now!",an unconscious person; industrial area; building collapse,RESCUE,4
Please hurry! Reports are coming in from Warehouse District about a cyclone damage. There is fuel leak. The weather is stormy weather. What do I do?!,stormy weather; cyclone damage; fuel leak,CYCLONE,3
"I... I don't know, Ahhh! A resident says there is a warehouse fire near Bus Depot. They noticed rising water. The weather is heavy rain. Traffic is building up.",rising water; bus depot; heavy rain,FIRE,2
Please send help to Highway Toll Plaza. We have a electrical accident involving a school bus. The weather is continuous rainfall. Please hurry!,highway toll plaza; school bus; electrical accident,FIRE,2
911? Please send help to Outer Ring Road. We have a chemical spill involving a school bus. Traffic is building up. A resident is waiting. Please hurry!,outer ring road; school bus; chemical spill,HAZMAT,3
Help! I am near Tunnel Entrance and there has been a heat emergency. The road is affected and I can see broken glass. Traffic is building up. Send someone now!,broken glass; tunnel entrance; heat emergency,MEDICAL,2
Caller reports a missing person at Highway Toll Plaza. There is toxic fumes. The incident happened before sunrise. People are moving away.,highway toll plaza; missing person; toxic fumes,RESCUE,1
"It's, um, Oh my god! Please send help to Railway Yard. We have a aircraft emergency involving a car.",railway yard; aircraft emergency; car,CRASH,1
There's... Ahhh! Heavy cold weather is making the situation worse near Ring Road. There is a industrial accident. People are moving away.,ring road; cold weather; industrial accident,MEDICAL,1
Please hurry! The caller says there is a cold exposure at Railway Station.,railway station; cold exposure; please,MEDICAL,2
Please hurry! Reports are coming in from North Underpass about a factory fire. There is blocked road. The weather is wet roads.,north underpass; blocked road; wet roads,FIRE,3
I think there has been a wildfire near Industrial Area. two injured people. People are moving away. Please hurry!,two injured people; industrial area; wildfire,FIRE,2
There has been a earthquake damage near Station Road. I can see a tanker involved and two injured people. Traffic is building up. Traffic is building up. What do I do?!,two injured people; earthquake damage; station road,RESCUE,4
"I... I don't know, Oh my god! There has been a drowning near City Hospital. I can see a van involved and a seriously injured driver. What do I do?!",a seriously injured driver; city hospital; van,RESCUE,5
We have a factory fire near College Road. It happened around noon. Please hurry!,college road; factory fire; happened,FIRE,3
Ahhh! I am near City Center and there has been a warehouse fire. The road is affected and I can see fire. People are moving away. Send someone now!,city center; warehouse fire; ahhh,FIRE,2
"I... I don't know, Please hurry! Caller reports a hazardous material incident at Coastal Road. There is smoke. Traffic is building up. People are moving away.",hazardous material incident; coastal road; smoke,HAZMAT,2
"It's, um, I am near Warehouse District and there has been a dam overflow. The road is affected and I can see blocked road. Visibility is poor.",blocked road; dam overflow; warehouse district,FLOOD,2
I think there has been a bridge damage near Central Market. a trapped passenger. Traffic is building up. Visibility is poor.,a trapped passenger; bridge damage; central market,RESCUE,4
Heavy heavy rain is making the situation worse near Underpass. There is a truck accident. Traffic is building up.,truck accident; heavy rain; underpass,CRASH,1
I am near Tunnel Entrance and there has been a factory fire. The road is affected and I can see debris. Please hurry!,tunnel entrance; factory fire; debris,FIRE,2
A security guard says there is a gas leak near Dam Road. They noticed fuel leak. The weather is strong winds. Please hurry!,fuel leak; security guard; strong winds,HAZMAT,2
Please hurry! We have a motorcycle accident near Old Railway Crossing. It happened late last night. The incident happened late last night.,old railway crossing; motorcycle accident; please,CRASH,2
Please send help to Dam Road. We have a cyclone damage involving a truck. Visibility is poor. People are moving away. Send someone now!,cyclone damage; dam road; truck,CYCLONE,1
"Wait, yes, Heavy cold weather is making the situation worse near Dam Road. There is a cold exposure. The incident happened late last night. A passenger is waiting.",cold weather; cold exposure; dam road,MEDICAL,1
Help! We have a building fire near River Bridge. It happened a few minutes ago. Traffic is building up. Traffic is building up.,river bridge; building fire; help,FIRE,2
Ahhh! I am near Shopping District and there has been a dam overflow. The road is affected and I can see diesel leak. People are moving away. Please hurry!,diesel leak; shopping district; dam overflow,FLOOD,3
Heavy strong winds is making the situation worse near Shopping District. There is a lightning strike. Traffic is building up.,lightning strike; strong winds; shopping district,CYCLONE,2
911? Please send help to Western Expressway. We have a railway accident involving a SUV. A cyclist is waiting.,railway accident; western expressway; cyclist,CRASH,2
Please hurry! The caller says there is a building fire at Industrial Gate. Traffic is building up.,industrial gate; building fire; please,FIRE,2
Ahhh! A resident says there is a aircraft emergency near Station Road. They noticed blocked road. Visibility is poor. The incident happened around noon.,blocked road; aircraft emergency; station road,CRASH,1
"Wait, yes, Help! A driver says there is a gas leak near Residential Block. They noticed toxic fumes.",gas leak; residential block; toxic fumes,HAZMAT,2
"Wait, yes, Help! I think there has been a fallen tree near River Bridge. people with minor injuries. The incident happened during rush hour. Visibility is poor.",people with minor injuries; fallen tree; river bridge,RESCUE,2
Help! There has been a railway accident near Airport Junction. I can see a sedan involved and one injured person.,one injured person; railway accident; airport junction,CRASH,2
I am near Residential Block and there has been a aircraft emergency. The road is affected and I can see fire. Send someone now!,residential block; aircraft emergency; fire,CRASH,3
"I... I don't know, Caller reports a fuel leak at Airport Junction. There is unstable structure. Traffic is building up.",airport junction; fuel leak; unstable structure,HAZMAT,2
"Wait, yes, Oh my god! The caller says there is a factory fire at Tunnel Entrance. Send someone now!",tunnel entrance; factory fire; wait,FIRE,2
"I... I don't know, 911? I am near College Road and there has been a storm damage. The road is affected and I can see oil spill. Traffic is building up.",storm damage; oil spill; college road,CYCLONE,3
"I... I don't know, A passenger says there is a cyclone damage near River Bridge. They noticed oil spill. A passenger is waiting.",cyclone damage; oil spill; river bridge,CYCLONE,3
Please hurry! There has been a forest fire near Bus Depot. I can see a delivery vehicle involved and three injured passengers.,three injured passengers; bus depot; forest fire,FIRE,2
Reports are coming in from Highway Toll Plaza about a storm damage. There is fire. Visibility is poor. People are moving away.,highway toll plaza; storm damage; fire,CYCLONE,2
Reports are coming in from Shopping District about a warehouse fire. There is oil spill. People are moving away. What do I do?!,oil spill; warehouse fire; shopping district,FIRE,2
There's... Reports are coming in from North Underpass about a crowd emergency. There is chemical fumes.,north underpass; crowd emergency; chemical fumes,RESCUE,2
There's... Oh my god! Caller reports a storm damage at Residential Block. There is toxic fumes. A passenger is waiting.,storm damage; residential block; toxic fumes,CYCLONE,2
Heavy cold weather is making the situation worse near Old Railway Crossing. There is a cold exposure. A shopkeeper is waiting. The weather is cold weather.,old railway crossing; cold weather; cold exposure,MEDICAL,1
The caller says there is a motorcycle accident at Industrial Area. Traffic is building up. Visibility is poor.,industrial area; motorcycle accident; caller,CRASH,2
Help! Heavy strong winds is making the situation worse near North Underpass. There is a train derailment. A cyclist is waiting. What do I do?!,north underpass; strong winds; train derailment,CRASH,5
Ahhh! There has been a vehicle collision near Tunnel Entrance. I can see a van involved and one injured person. Visibility is poor. The incident happened about half an hour ago.,one injured person; vehicle collision; tunnel entrance,CRASH,3
"It's, um, Caller reports a power line failure at Ring Road. There is smoke. A driver is waiting. The incident happened late last night. What do I do?!",power line failure; ring road; driver,HAZMAT,2
We have a stampede near Old Railway Crossing. It happened early this morning. The incident happened early this morning.,old railway crossing; stampede; happened,RESCUE,1
"It's, um, There has been a urban flooding near Underpass. I can see a delivery vehicle involved and a seriously injured driver. The weather is extreme heat. People are moving away.",a seriously injured driver; extreme heat; urban flooding,FLOOD,2
The caller says there is a crowd emergency at Port Entrance. Send someone now!,crowd emergency; port entrance; caller,RESCUE,1
There's... A driver says there is a missing person near City Center. They noticed oil spill. The weather is thunderstorm.,city center; missing person; oil spill,RESCUE,2
Help! Caller reports a earthquake damage at Warehouse District. There is toxic fumes. Traffic is building up.,earthquake damage; warehouse district; toxic fumes,RESCUE,5
Please hurry! Heavy cold weather is making the situation worse near Coastal Road. There is a earthquake damage. A driver is waiting. People are moving away.,cold weather; earthquake damage; coastal road,RESCUE,5
I am near Coastal Road and there has been a building fire. The road is affected and I can see unstable structure. Please hurry!,unstable structure; coastal road; building fire,FIRE,3
Caller reports a stampede at Market Road. There is gas leak.,gas leak; market road; stampede,RESCUE,3
"I... I don't know, Please send help to Industrial Gate. We have a train derailment involving a SUV. A passenger is waiting. What do I do?!",industrial gate; train derailment; suv,CRASH,5
I am near Central Flyover and there has been a factory fire. The road is affected and I can see toxic fumes. People are moving away. People are moving away.,central flyover; factory fire; toxic fumes,FIRE,2
There's... Please hurry! Please send help to Temple Road. We have a train derailment involving a SUV. A pedestrian is waiting. Traffic is building up. What do I do?!,temple road; train derailment; pedestrian,CRASH,4
"I... I don't know, I am near Airport Junction and there has been a heat emergency. The road is affected and I can see rising water. A worker is waiting. Please hurry!",airport junction; rising water; heat emergency,MEDICAL,2
"It's, um, There has been a chemical spill near River Bridge. I can see a delivery vehicle involved and two injured people.",two injured people; river bridge; chemical spill,HAZMAT,3
I am near Western Expressway and there has been a vehicle collision. The road is affected and I can see diesel leak. Traffic is building up. Visibility is poor.,vehicle collision; diesel leak; western expressway,CRASH,3
I think there has been a flash flood near Airport Junction. three injured passengers. The incident happened about ten minutes ago.,three injured passengers; airport junction; flash flood,FLOOD,3
Help! We have a wildfire near Tunnel Entrance. It happened during rush hour. Visibility is poor. What do I do?!,tunnel entrance; wildfire; help,FIRE,2
There's... Reports are coming in from Coastal Road about a gas leak. There is debris.,gas leak; coastal road; debris,HAZMAT,3
Caller reports a warehouse fire at Railway Yard. There is gas leak. The incident happened late last night.,railway yard; gas leak; warehouse fire,FIRE,3
Reports are coming in from Outer Ring Road about a chemical spill. There is debris. Traffic is building up. The incident happened just now.,outer ring road; chemical spill; debris,HAZMAT,2
A pedestrian says there is a missing person near City Center. They noticed oil spill. What do I do?!,city center; missing person; oil spill,RESCUE,2
"I... I don't know, 911? There has been a road blockage near Factory Road. I can see a container truck involved and an injured child. A worker is waiting. Traffic is building up.",an injured child; container truck; road blockage,RESCUE,2
Oh my god! We have a bridge damage near Residential Block. It happened about ten minutes ago. The incident happened about ten minutes ago. A construction worker is waiting.,construction worker; residential block; bridge damage,RESCUE,1
"It's, um, The caller says there is a earthquake damage at Residential Block. The incident happened around midnight. Traffic is building up. What do I do?!",earthquake damage; residential block; caller,RESCUE,5
"It's, um, Ahhh! The caller says there is a wildfire at Central Flyover. People are moving away.",central flyover; wildfire; ahhh,FIRE,3
Heavy stormy weather is making the situation worse near City Center. There is a severe rainfall. The incident happened late last night.,city center; stormy weather; severe rainfall,CYCLONE,3
Oh my god! The caller says there is a crowd emergency at Industrial Area. Traffic is building up. Visibility is poor. Send someone now!,industrial area; crowd emergency; caller,RESCUE,1
Help! Heavy continuous rainfall is making the situation worse near Harbor Area. There is a severe rainfall. Send someone now!,severe rainfall; continuous rainfall; harbor area,CYCLONE,1
Please hurry! Please send help to Riverbank. We have a car rollover involving a ambulance.,car rollover; riverbank; ambulance,CRASH,2
"Wait, yes, Please hurry! There has been a fuel leak near Riverbank. I can see a sedan involved and an injured child. Send someone now!",an injured child; fuel leak; sedan,HAZMAT,3
I think there has been a stampede near Bus Terminal. a trapped passenger.,a trapped passenger; bus terminal; stampede,RESCUE,4
"Wait, yes, Reports are coming in from Forest Checkpoint about a railway accident. There is gas leak. A worker is waiting. Send someone now!",railway accident; gas leak; forest checkpoint,CRASH,3
"Wait, yes, Caller reports a boat accident at Eastern Bypass. There is fuel leak. Please hurry!",boat accident; fuel leak; eastern bypass,CRASH,3
"Wait, yes, Oh my god! There has been a warehouse fire near River Bridge. I can see a SUV involved and an injured child. Send someone now!",an injured child; river bridge; warehouse fire,FIRE,3
"It's, um, Ahhh! Please send help to Central Market. We have a factory fire involving a sedan.",factory fire; central market; sedan,FIRE,2
There's... I am near Railway Station and there has been a storm damage. The road is affected and I can see fallen tree.,storm damage; fallen tree; railway station,CYCLONE,3
Ahhh! Reports are coming in from Port Entrance about a forest fire. There is debris. Send someone now!,port entrance; forest fire; debris,FIRE,3
There has been a industrial accident near Old Bridge. I can see a bus involved and a seriously injured driver. Visibility is poor. The weather is continuous rainfall. Send someone now!,a seriously injured driver; old bridge; continuous rainfall,MEDICAL,2
There has been a train derailment near Harbor Area. I can see a SUV involved and two injured people. Traffic is building up.,two injured people; harbor area; train derailment,CRASH,5
Ahhh! Reports are coming in from College Road about a landslide. There is smoke. Visibility is poor.,college road; smoke; landslide,RESCUE,1
I think there has been a building fire near Eastern Bypass. several injured people. The weather is poor visibility. Please hurry!,several injured people; poor visibility; building fire,FIRE,3
There has been a electrical accident near Airport Junction. I can see a tanker involved and a trapped passenger. Visibility is poor. People are moving away.,a trapped passenger; electrical accident; airport junction,FIRE,4
Heavy extreme heat is making the situation worse near City Center. There is a storm damage. The weather is extreme heat. Please hurry!,city center; storm damage; extreme heat,CYCLONE,3
"I... I don't know, I think there has been a fuel leak near Eastern Bypass. an injured child.",an injured child; fuel leak; eastern bypass,HAZMAT,3
A passenger says there is a power line failure near Railway Station. They noticed fallen tree. Please hurry!,power line failure; fallen tree; railway station,HAZMAT,2
"Wait, yes, Oh my god! I am near City Hospital and there has been a industrial accident. The road is affected and I can see debris. Visibility is poor.",city hospital; industrial accident; debris,MEDICAL,2
Please hurry! Heavy extreme heat is making the situation worse near Industrial Gate. There is a building fire.,extreme heat; industrial gate; building fire,FIRE,2
Caller reports a factory fire at Eastern Bypass. There is diesel leak. The incident happened around noon. The incident happened around noon.,diesel leak; factory fire; eastern bypass,FIRE,2
Please send help to Highway Toll Plaza. We have a cyclone damage involving a motorcycle. Traffic is building up. A pedestrian is waiting.,highway toll plaza; cyclone damage; pedestrian,CYCLONE,1
"It's, um, Ahhh! Caller reports a heat emergency at Harbor Area. There is debris. People are moving away. The incident happened this afternoon. Please hurry!",harbor area; heat emergency; debris,MEDICAL,1
"I... I don't know, Oh my god! I am near Industrial Gate and there has been a chemical spill. The road is affected and I can see toxic fumes.",industrial gate; chemical spill; toxic fumes,HAZMAT,2
There's... There has been a severe rainfall near Railway Yard. I can see a ambulance involved and an injured child.,an injured child; railway yard; severe rainfall,CYCLONE,3
There's... I think there has been a evacuation near Shopping District. a seriously injured driver. The incident happened a few minutes ago.,a seriously injured driver; shopping district; evacuation,RESCUE,2
Reports are coming in from Old Bridge about a heat emergency. There is broken glass. Visibility is poor. Visibility is poor.,broken glass; old bridge; heat emergency,MEDICAL,1
The caller says there is a cyclone damage at Railway Station. A resident is waiting. People are moving away. Send someone now!,railway station; cyclone damage; resident,CYCLONE,2
"It's, um, Ahhh! Please send help to Riverbank. We have a missing person involving a train. What do I do?!",missing person; train; riverbank,RESCUE,1
Please hurry! Heavy cyclonic winds is making the situation worse near Railway Yard. There is a electrical accident.,electrical accident; railway yard; cyclonic winds,FIRE,2
Please send help to Old Bridge. We have a wildfire involving a bus.,old bridge; wildfire; bus,FIRE,2
There has been a storm damage near Railway Yard. I can see a train involved and a trapped passenger. Send someone now!,a trapped passenger; storm damage; railway yard,CYCLONE,5
Help! The caller says there is a building fire at College Road. A cyclist is waiting. Send someone now!,college road; building fire; cyclist,FIRE,3
We have a wildfire near Railway Yard. It happened late last night. Send someone now!,railway yard; wildfire; happened,FIRE,2
"I... I don't know, Help! The caller says there is a cyclone damage at Ring Road. A security guard is waiting. What do I do?!",ring road; cyclone damage; security guard,CYCLONE,2
911? I am near City Center and there has been a heat emergency. The road is affected and I can see fire.,city center; heat emergency; fire,MEDICAL,2
Reports are coming in from Tunnel Entrance about a cyclone damage. There is unstable structure. The weather is poor visibility.,poor visibility; cyclone damage; unstable structure,CYCLONE,1
"I... I don't know, We have a urban flooding near Warehouse District. It happened around noon.",urban flooding; warehouse district; dont,FLOOD,2
There's... Heavy heavy rain is making the situation worse near Factory Road. There is a severe rainfall. Send someone now!,severe rainfall; heavy rain; factory road,CYCLONE,2
"It's, um, Help! Caller reports a fuel leak at Coastal Road. There is diesel leak. Traffic is building up.",diesel leak; fuel leak; coastal road,HAZMAT,2
"It's, um, Reports are coming in from Airport Road about a forest fire. There is fuel leak. Please hurry!",airport road; fuel leak; forest fire,FIRE,2
911? Reports are coming in from South Flyover about a chemical spill. There is oil spill. Visibility is poor.,oil spill; chemical spill; south flyover,HAZMAT,2
911? The caller says there is a electrical accident at Railway Station. Visibility is poor. Visibility is poor.,electrical accident; railway station; caller,FIRE,2
"It's, um, I think there has been a boat accident near Port Entrance. multiple casualties. Traffic is building up.",boat accident; port entrance; multiple casualties,CRASH,5
Please send help to City Center. We have a building collapse involving a van. Please hurry!,city center; building collapse; van,RESCUE,4
There's... 911? Caller reports a building fire at Bus Depot. There is debris. Traffic is building up.,bus depot; building fire; debris,FIRE,3
There's... The caller says there is a severe rainfall at Riverbank. People are moving away. A passenger is waiting. Please hurry!,severe rainfall; riverbank; passenger,CYCLONE,2
There's... Reports are coming in from Bus Terminal about a power line failure. There is unstable structure. Traffic is building up. People are moving away.,power line failure; unstable structure; bus terminal,HAZMAT,2
"It's, um, Caller reports a storm damage at Outer Ring Road. There is blocked road. Send someone now!",outer ring road; storm damage; blocked road,CYCLONE,3
Oh my god! Heavy dust storm is making the situation worse near Highway Toll Plaza. There is a storm damage. People are moving away. What do I do?!,highway toll plaza; storm damage; dust storm,CYCLONE,3
We have a cold exposure near Airport Junction. It happened late last night. Traffic is building up. Please hurry!,airport junction; cold exposure; happened,MEDICAL,2
Please send help to Underpass. We have a evacuation involving a bus.,bus; underpass; evacuation,RESCUE,1
There has been a forest fire near Railway Station. I can see a sedan involved and two injured people.,two injured people; railway station; forest fire,FIRE,2
"It's, um, Reports are coming in from Old Railway Crossing about a storm damage. There is chemical fumes.",old railway crossing; storm damage; chemical fumes,CYCLONE,2
"It's, um, Please hurry! I am near River Bridge and there has been a car rollover. The road is affected and I can see fallen tree. People are moving away.",fallen tree; river bridge; car rollover,CRASH,1
Reports are coming in from Underpass about a missing person. There is rising water. Visibility is poor.,missing person; rising water; underpass,RESCUE,1
"I... I don't know, Ahhh! A security guard says there is a flash flood near Dam Road. They noticed diesel leak. Traffic is building up. Traffic is building up.",diesel leak; security guard; flash flood,FLOOD,2
There's... Ahhh! Heavy heavy rain is making the situation worse near Port Entrance. There is a forest fire. The incident happened just now.,port entrance; heavy rain; forest fire,FIRE,3
911? We have a train derailment near City Center. It happened about half an hour ago. The weather is continuous rainfall. Visibility is poor.,city center; continuous rainfall; train derailment,CRASH,4
Ahhh! Caller reports a building fire at Eastern Bypass. There is smoke.,building fire; eastern bypass; smoke,FIRE,3
"I... I don't know, Reports are coming in from Factory Road about a missing person. There is rising water. People are moving away.",missing person; rising water; factory road,RESCUE,1
"Wait, yes, I am near Airport Road and there has been a medical emergency. The road is affected and I can see gas leak.",airport road; gas leak; medical emergency,MEDICAL,2
"Wait, yes, Reports are coming in from City Hospital about a urban flooding. There is debris. People are moving away. People are moving away.",city hospital; urban flooding; debris,FLOOD,2
Heavy cyclonic winds is making the situation worse near Factory Road. There is a electrical accident. Send someone now!,electrical accident; cyclonic winds; factory road,FIRE,1
I am near Harbor Area and there has been a drowning. The road is affected and I can see debris.,harbor area; drowning; debris,RESCUE,5
Please hurry! We have a evacuation near Airport Junction. It happened before sunrise. Traffic is building up. Please hurry!,airport junction; evacuation; please,RESCUE,2
The caller says there is a industrial accident at Main Highway. A security guard is waiting.,main highway; security guard; industrial accident,MEDICAL,2
"I... I don't know, Oh my god! I think there has been a railway accident near Underpass. several injured people. Traffic is building up. Traffic is building up.",several injured people; railway accident; underpass,CRASH,3
We have a boat accident near Harbor Area. It happened around midnight. People are moving away. Traffic is building up. What do I do?!,boat accident; harbor area; happened,CRASH,1
We have a explosion near Railway Station. It happened this afternoon. Visibility is poor. The weather is heavy rain.,railway station; heavy rain; explosion,RESCUE,5
"Wait, yes, Ahhh! There has been a fallen tree near Old Bridge. I can see a school bus involved and an unconscious person. The incident happened before sunrise. The incident happened before sunrise.",an unconscious person; school bus; fallen tree,RESCUE,4
Ahhh! Caller reports a chemical spill at River Bridge. There is blocked road. Send someone now!,blocked road; river bridge; chemical spill,HAZMAT,2
Please hurry! There has been a gas leak near Bus Terminal. I can see a SUV involved and several injured people. Visibility is poor. A pedestrian is waiting. What do I do?!,several injured people; gas leak; bus terminal,HAZMAT,2
"I... I don't know, Please hurry! Reports are coming in from Main Highway about a missing person. There is fire. A resident is waiting. Traffic is building up. Please hurry!",main highway; missing person; fire,RESCUE,2
Oh my god! The caller says there is a crowd emergency at Airport Junction. People are moving away. Send someone now!,airport junction; crowd emergency; caller,RESCUE,1
I think there has been a earthquake damage near Warehouse District. a seriously injured driver. Send someone now!,a seriously injured driver; earthquake damage; warehouse district,RESCUE,5
911? I think there has been a electrical accident near Eastern Bypass. a seriously injured driver. People are moving away. What do I do?!,a seriously injured driver; electrical accident; eastern bypass,FIRE,3
Oh my god! There has been a factory fire near Market Road. I can see a SUV involved and a seriously injured driver. Please hurry!,a seriously injured driver; market road; factory fire,FIRE,3
The caller says there is a road blockage at Market Road.,road blockage; market road; caller,RESCUE,1
Please send help to Industrial Gate. We have a medical emergency involving a train.,industrial gate; medical emergency; train,MEDICAL,2
Ahhh! There has been a storm damage near Airport Junction. I can see a fuel tanker involved and one injured person. What do I do?!,one injured person; storm damage; airport junction,CYCLONE,3
Oh my god! I am near Coastal Road and there has been a electrical accident. The road is affected and I can see fuel leak. Visibility is poor.,electrical accident; fuel leak; coastal road,FIRE,3
There has been a landslide near Eastern Bypass. I can see a bus involved and an unconscious person. The weather is wet roads. Visibility is poor.,an unconscious person; wet roads; eastern bypass,RESCUE,5
Please hurry! Heavy cold weather is making the situation worse near City Hospital. There is a lightning strike. Visibility is poor. What do I do?!,lightning strike; cold weather; city hospital,CYCLONE,1
There's... Please hurry! I am near College Road and there has been a drowning. The road is affected and I can see debris.,college road; drowning; debris,RESCUE,5
I think there has been a industrial accident near Central Flyover. one injured person. A driver is waiting. What do I do?!,one injured person; central flyover; industrial accident,MEDICAL,3
"I... I don't know, Reports are coming in from Old Bridge about a building fire. There is oil spill. Traffic is building up.",old bridge; oil spill; building fire,FIRE,2
"It's, um, I think there has been a road blockage near Highway Toll Plaza. an injured child.",an injured child; highway toll plaza; road blockage,RESCUE,2
The caller says there is a truck accident at Forest Checkpoint.,truck accident; forest checkpoint; caller,CRASH,1
"I... I don't know, A construction worker says there is a flash flood near Railway Station. They noticed toxic fumes. Visibility is poor. Please hurry!",construction worker; railway station; flash flood,FLOOD,3
"It's, um, We have a urban flooding near Old Railway Crossing. It happened during rush hour.",old railway crossing; urban flooding; happened,FLOOD,3
"It's, um, The caller says there is a earthquake damage at Central Market. Traffic is building up.",earthquake damage; central market; caller,RESCUE,5
"It's, um, Ahhh! The caller says there is a bus crash at Harbor Area.",bus crash; harbor area; ahhh,CRASH,2
Ahhh! I am near Harbor Area and there has been a industrial accident. The road is affected and I can see gas leak.,industrial accident; gas leak; harbor area,MEDICAL,3
There's... Heavy poor visibility is making the situation worse near Coastal Road. There is a building fire. Please hurry!,poor visibility; coastal road; building fire,FIRE,2
"I... I don't know, Oh my god! Caller reports a railway accident at Dam Road. There is fire. Traffic is building up. The incident happened about half an hour ago. Send someone now!",railway accident; dam road; fire,CRASH,2
"It's, um, Heavy continuous rainfall is making the situation worse near Industrial Gate. There is a hazardous material incident. What do I do?!",hazardous material incident; industrial gate; continuous rainfall,HAZMAT,1
"Wait, yes, 911? Heavy cold weather is making the situation worse near Commercial Street. There is a car rollover.",cold weather; commercial street; car rollover,CRASH,2
Please hurry! I think there has been a cyclone damage near Western Expressway. a trapped passenger. Visibility is poor.,a trapped passenger; cyclone damage; western expressway,CYCLONE,4
There's... Help! I am near Railway Station and there has been a forest fire. The road is affected and I can see fallen tree.,fallen tree; railway station; forest fire,FIRE,2
Oh my god! I think there has been a storm damage near Commercial Street. two injured people. The incident happened just now. What do I do?!,two injured people; storm damage; commercial street,CYCLONE,2
There's... Please hurry! I think there has been a forest fire near Riverbank. a trapped passenger. People are moving away.,a trapped passenger; forest fire; riverbank,FIRE,5
The caller says there is a railway accident at Underpass.,railway accident; underpass; caller,CRASH,2
Help! Heavy cold weather is making the situation worse near Central Flyover. There is a flash flood. Traffic is building up.,cold weather; central flyover; flash flood,FLOOD,3
Please hurry! I think there has been a industrial accident near Central Market. a trapped passenger. Send someone now!,a trapped passenger; industrial accident; central market,MEDICAL,4
Please hurry! We have a industrial accident near Bus Depot. It happened this afternoon. The incident happened this afternoon. A driver is waiting. Please hurry!,industrial accident; bus depot; driver,MEDICAL,2
"I... I don't know, Oh my god! There has been a urban flooding near Central Market. I can see a van involved and several injured people. Visibility is poor.",several injured people; urban flooding; central market,FLOOD,2
911? A resident says there is a dam overflow near Eastern Bypass. They noticed gas leak. Send someone now!,gas leak; eastern bypass; dam overflow,FLOOD,3
911? A resident says there is a crowd emergency near Coastal Road. They noticed fallen tree. The incident happened just now. Traffic is building up.,crowd emergency; fallen tree; coastal road,RESCUE,2
Reports are coming in from Tunnel Entrance about a motorcycle accident. There is live electrical wires.,live electrical wires; tunnel entrance; motorcycle accident,CRASH,2
Reports are coming in from Highway Toll Plaza about a crowd emergency. There is fire. What do I do?!,highway toll plaza; crowd emergency; fire,RESCUE,2
There has been a bus crash near Forest Checkpoint. I can see a container truck involved and a trapped passenger. What do I do?!,a trapped passenger; container truck; bus crash,CRASH,5
Caller reports a train derailment at City Center. There is fire. The incident happened around midnight.,city center; train derailment; fire,CRASH,5
"Wait, yes, A shopkeeper says there is a railway accident near Eastern Bypass. They noticed fuel leak. Send someone now!",railway accident; fuel leak; eastern bypass,CRASH,3
The caller says there is a crowd emergency at River Bridge. The incident happened around midnight.,crowd emergency; river bridge; caller,RESCUE,2
Caller reports a building collapse at North Underpass. There is oil spill. The weather is strong winds. People are moving away.,north underpass; building collapse; oil spill,RESCUE,5
Caller reports a cold exposure at Highway Toll Plaza. There is unstable structure.,highway toll plaza; unstable structure; cold exposure,MEDICAL,2
Please send help to Bus Depot. We have a electrical accident involving a school bus.,school bus; electrical accident; bus depot,FIRE,2
There's... Please hurry! A worker says there is a boat accident near Main Highway. They noticed gas leak.,main highway; boat accident; gas leak,CRASH,2
"I... I don't know, Heavy strong winds is making the situation worse near Commercial Street. There is a dam overflow. The incident happened around midnight.",strong winds; commercial street; dam overflow,FLOOD,1
We have a drowning near Central Market. It happened around midnight. A cyclist is waiting. People are moving away.,central market; cyclist; drowning,RESCUE,5
We have a factory fire near Railway Station. It happened before sunrise. The incident happened before sunrise. A passenger is waiting.,railway station; factory fire; passenger,FIRE,2
911? Caller reports a factory fire at Harbor Area. There is broken glass. People are moving away.,broken glass; factory fire; harbor area,FIRE,3
Please hurry! Please send help to Forest Checkpoint. We have a warehouse fire involving a SUV. The weather is cyclonic winds. A worker is waiting. Send someone now!,warehouse fire; cyclonic winds; forest checkpoint,FIRE,3
Oh my god! There has been a storm damage near Dam Road. I can see a delivery vehicle involved and a seriously injured driver. The incident happened late last night.,a seriously injured driver; storm damage; delivery vehicle,CYCLONE,3
Caller reports a building fire at Highway Toll Plaza. There is debris. The incident happened this afternoon. A pedestrian is waiting.,highway toll plaza; building fire; pedestrian,FIRE,2
"It's, um, 911? Heavy cold weather is making the situation worse near City Hospital. There is a missing person. The incident happened this afternoon. The incident happened this afternoon. Send someone now!",cold weather; city hospital; missing person,RESCUE,1
I think there has been a gas leak near Old Railway Crossing. multiple casualties. The incident happened this afternoon. The weather is extreme heat.,old railway crossing; extreme heat; multiple casualties,HAZMAT,4
911? Heavy cold weather is making the situation worse near Railway Yard. There is a fallen tree. Traffic is building up.,cold weather; fallen tree; railway yard,RESCUE,2
We have a train derailment near Old Bridge. It happened late last night. A worker is waiting. The incident happened late last night.,old bridge; train derailment; worker,CRASH,4
There's... A elderly person says there is a drowning near Railway Station. They noticed chemical fumes. People are moving away.,railway station; elderly person; chemical fumes,RESCUE,4
Caller reports a evacuation at Riverbank. There is live electrical wires. People are moving away. A driver is waiting. Please hurry!,live electrical wires; driver; riverbank,RESCUE,2
911? The caller says there is a building collapse at Tunnel Entrance. Visibility is poor.,building collapse; tunnel entrance; caller,RESCUE,4
"It's, um, Ahhh! The caller says there is a motorcycle accident at Bus Depot. What do I do?!",motorcycle accident; bus depot; ahhh,CRASH,1
I am near Railway Station and there has been a hazardous material incident. The road is affected and I can see fallen tree. Traffic is building up. The incident happened early this morning.,hazardous material incident; fallen tree; railway station,HAZMAT,1
Help! There has been a severe rainfall near City Hospital. I can see a ambulance involved and three injured passengers.,three injured passengers; city hospital; severe rainfall,CYCLONE,2
Help! Please send help to Shopping District. We have a forest fire involving a container truck. The incident happened this afternoon. The incident happened this afternoon. Send someone now!,container truck; shopping district; forest fire,FIRE,2
"I... I don't know, There has been a train derailment near Central Market. I can see a van involved and multiple casualties.",multiple casualties; central market; train derailment,CRASH,5
Please send help to Station Road. We have a chemical spill involving a school bus. A cyclist is waiting. The incident happened this afternoon. Send someone now!,school bus; chemical spill; station road,HAZMAT,2
A resident says there is a missing person near Old Bridge. They noticed broken glass. The weather is cyclonic winds.,broken glass; old bridge; missing person,RESCUE,1
Help! A shopkeeper says there is a power line failure near Harbor Area. They noticed fuel leak. The incident happened just now. The weather is cold weather.,power line failure; cold weather; fuel leak,HAZMAT,3
Oh my god! Reports are coming in from Market Road about a urban flooding. There is fallen tree. The incident happened before sunrise. People are moving away. What do I do?!,fallen tree; urban flooding; market road,FLOOD,2
911? Caller reports a cyclone damage at Factory Road. There is oil spill. Traffic is building up. People are moving away.,cyclone damage; oil spill; factory road,CYCLONE,2
911? Please send help to Central Market. We have a building fire involving a truck. A worker is waiting. The weather is lightning.,building fire; central market; lightning,FIRE,3
"Wait, yes, Oh my god! I think there has been a building fire near Residential Block. a trapped passenger. What do I do?!",a trapped passenger; residential block; building fire,FIRE,5
Oh my god! I think there has been a cold exposure near Factory Road. two injured people. The incident happened before sunrise.,two injured people; cold exposure; factory road,MEDICAL,3
There has been a lightning strike near Railway Station. I can see a tanker involved and several injured people. The weather is dense fog. The incident happened around noon. Send someone now!,several injured people; lightning strike; railway station,CYCLONE,2
"Wait, yes, Ahhh! I think there has been a earthquake damage near Bus Depot. a seriously injured driver. Traffic is building up.",a seriously injured driver; earthquake damage; bus depot,RESCUE,4
There's... A child says there is a fallen tree near Harbor Area. They noticed chemical fumes.,fallen tree; chemical fumes; harbor area,RESCUE,1
"I... I don't know, Please hurry! I am near Market Road and there has been a urban flooding. The road is affected and I can see fallen tree.",fallen tree; urban flooding; market road,FLOOD,2
I am near Outer Ring Road and there has been a railway accident. The road is affected and I can see fire. Send someone now!,outer ring road; railway accident; fire,CRASH,3
Ahhh! There has been a power line failure near Airport Road. I can see a container truck involved and one injured person. Visibility is poor. Please hurry!,one injured person; power line failure; container truck,HAZMAT,2
"Wait, yes, A child says there is a motorcycle accident near City Center. They noticed smoke. Traffic is building up. Send someone now!",city center; motorcycle accident; child,CRASH,2
A worker says there is a fallen tree near Station Road. They noticed chemical fumes. Please hurry!,fallen tree; chemical fumes; station road,RESCUE,2
Oh my god! We have a aircraft emergency near Old Railway Crossing. It happened this afternoon. Visibility is poor. What do I do?!,old railway crossing; aircraft emergency; happened,CRASH,2
"I... I don't know, I am near Central Flyover and there has been a hazardous material incident. The road is affected and I can see fire.",hazardous material incident; central flyover; fire,HAZMAT,3
"I... I don't know, We have a bridge damage near Railway Yard. It happened about half an hour ago. People are moving away. People are moving away.",railway yard; bridge damage; dont,RESCUE,2
There's... Please hurry! There has been a electrical accident near College Road. I can see a SUV involved and multiple casualties. The incident happened during rush hour.,electrical accident; multiple casualties; college road,FIRE,4
Oh my god! Please send help to College Road. We have a building collapse involving a fuel tanker. What do I do?!,building collapse; college road; fuel tanker,RESCUE,4
911? Heavy wet roads is making the situation worse near Old Railway Crossing. There is a car rollover. Traffic is building up. Traffic is building up. Please hurry!,old railway crossing; wet roads; car rollover,CRASH,1
There's... 911? A worker says there is a stampede near Warehouse District. They noticed oil spill. The weather is dust storm. People are moving away.,dust storm; oil spill; warehouse district,RESCUE,2
"Wait, yes, Reports are coming in from College Road about a dam overflow. There is toxic fumes. Visibility is poor. People are moving away. Send someone now!",college road; dam overflow; toxic fumes,FLOOD,1
There's... I am near Residential Block and there has been a electrical accident. The road is affected and I can see blocked road. A elderly person is waiting. Send someone now!,electrical accident; blocked road; elderly person,FIRE,1
"I... I don't know, I am near Dam Road and there has been a chemical spill. The road is affected and I can see blocked road. The incident happened during rush hour. A pedestrian is waiting.",blocked road; chemical spill; dam road,HAZMAT,3
"It's, um, Caller reports a stampede at Factory Road. There is fire. Send someone now!",factory road; fire; stampede,RESCUE,2
"It's, um, There has been a lightning strike near City Hospital. I can see a truck involved and three injured passengers.",three injured passengers; lightning strike; city hospital,CYCLONE,3
Please hurry! I am near Airport Road and there has been a train derailment. The road is affected and I can see fire. Send someone now!,airport road; train derailment; fire,CRASH,5
The caller says there is a explosion at Bus Depot.,bus depot; explosion; caller,RESCUE,5
"It's, um, Help! I think there has been a severe rainfall near Airport Junction. multiple casualties. Send someone now!",airport junction; severe rainfall; multiple casualties,CYCLONE,4
"I... I don't know, Caller reports a lightning strike at Harbor Area. There is smoke. Traffic is building up. Traffic is building up. Please hurry!",lightning strike; harbor area; smoke,CYCLONE,1
"Wait, yes, Ahhh! Caller reports a storm damage at Railway Yard. There is fuel leak. Visibility is poor. What do I do?!",storm damage; railway yard; fuel leak,CYCLONE,3
"I... I don't know, Please send help to Highway Toll Plaza. We have a wildfire involving a delivery vehicle.",highway toll plaza; delivery vehicle; wildfire,FIRE,2
"It's, um, Oh my god! A shopkeeper says there is a wildfire near Market Road. They noticed rising water. A shopkeeper is waiting. A shopkeeper is waiting.",rising water; market road; wildfire,FIRE,2
Oh my god! A cyclist says there is a urban flooding near River Bridge. They noticed toxic fumes. People are moving away. The incident happened about ten minutes ago.,river bridge; urban flooding; toxic fumes,FLOOD,2
"I... I don't know, I think there has been a vehicle collision near Tunnel Entrance. one injured person. Traffic is building up. A child is waiting. Send someone now!",one injured person; vehicle collision; tunnel entrance,CRASH,3
Heavy continuous rainfall is making the situation worse near Main Highway. There is a earthquake damage. The weather is continuous rainfall. Send someone now!,main highway; earthquake damage; continuous rainfall,RESCUE,5
"It's, um, I am near Airport Junction and there has been a missing person. The road is affected and I can see live electrical wires. Visibility is poor. Traffic is building up.",live electrical wires; airport junction; missing person,RESCUE,1
Oh my god! Heavy strong winds is making the situation worse near Underpass. There is a explosion. Visibility is poor. Visibility is poor. What do I do?!,strong winds; explosion; underpass,RESCUE,5
We have a wildfire near Outer Ring Road. It happened late last night. Visibility is poor. The weather is thunderstorm.,outer ring road; wildfire; thunderstorm,FIRE,3
911? There has been a earthquake damage near Old Railway Crossing. I can see a motorcycle involved and two injured people. Visibility is poor. Traffic is building up. What do I do?!,old railway crossing; two injured people; earthquake damage,RESCUE,4
"Wait, yes, Heavy cyclonic winds is making the situation worse near Market Road. There is a electrical accident. Traffic is building up. Visibility is poor.",electrical accident; market road; cyclonic winds,FIRE,2
We have a hazardous material incident near Residential Block. It happened about ten minutes ago. The incident happened about ten minutes ago.,hazardous material incident; residential block; happened,HAZMAT,1
"Wait, yes, Caller reports a storm damage at City Hospital. There is blocked road.",storm damage; city hospital; blocked road,CYCLONE,2
Help! Reports are coming in from Railway Station about a cyclone damage. There is rising water. The incident happened a few minutes ago. What do I do?!,railway station; rising water; cyclone damage,CYCLONE,2
I think there has been a earthquake damage near Tunnel Entrance. a seriously injured driver. Send someone now!,a seriously injured driver; earthquake damage; tunnel entrance,RESCUE,4
"Wait, yes, Help! A construction worker says there is a building fire near Commercial Street. They noticed oil spill.",construction worker; oil spill; commercial street,FIRE,2
I think there has been a train derailment near Railway Yard. one injured person. The weather is lightning. Traffic is building up.,one injured person; railway yard; train derailment,CRASH,5
Help! I think there has been a aircraft emergency near Outer Ring Road. three injured passengers. Send someone now!,three injured passengers; outer ring road; aircraft emergency,CRASH,3
Oh my god! Reports are coming in from Airport Junction about a drowning. There is fire. A cyclist is waiting.,airport junction; cyclist; drowning,RESCUE,4
"Wait, yes, We have a building collapse near Temple Road. It happened about ten minutes ago.",building collapse; temple road; wait,RESCUE,4
Help! There has been a heat emergency near Central Flyover. I can see a car involved and a trapped passenger. The incident happened before sunrise. A worker is waiting.,a trapped passenger; central flyover; heat emergency,MEDICAL,5
Ahhh! I think there has been a fallen tree near Highway Toll Plaza. multiple casualties. A construction worker is waiting. The incident happened a few minutes ago. Please hurry!,highway toll plaza; fallen tree; construction worker,RESCUE,5
"Wait, yes, I think there has been a heat emergency near Forest Checkpoint. a seriously injured driver.",a seriously injured driver; heat emergency; forest checkpoint,MEDICAL,2
I am near Central Market and there has been a flash flood. The road is affected and I can see chemical fumes. The incident happened early this morning.,chemical fumes; central market; flash flood,FLOOD,2
Caller reports a hazardous material incident at Factory Road. There is gas leak. Visibility is poor. Please hurry!,hazardous material incident; gas leak; factory road,HAZMAT,3
"Wait, yes, Ahhh! Caller reports a fallen tree at Bus Terminal. There is chemical fumes. The incident happened around midnight.",fallen tree; bus terminal; chemical fumes,RESCUE,1
I think there has been a heat emergency near Station Road. an unconscious person.,an unconscious person; station road; heat emergency,MEDICAL,5
Oh my god! I think there has been a cyclone damage near River Bridge. a trapped passenger. Visibility is poor.,a trapped passenger; cyclone damage; river bridge,CYCLONE,5
"I... I don't know, Oh my god! We have a explosion near Port Entrance. It happened a few minutes ago. A shopkeeper is waiting. The incident happened a few minutes ago.",port entrance; explosion; shopkeeper,RESCUE,4
"Wait, yes, There has been a truck accident near Dam Road. I can see a train involved and a seriously injured driver. The incident happened just now. Traffic is building up. Send someone now!",a seriously injured driver; truck accident; dam road,CRASH,3
There has been a landslide near Underpass. I can see a motorcycle involved and a trapped passenger. Visibility is poor.,a trapped passenger; motorcycle; underpass,RESCUE,4
"Wait, yes, 911? There has been a building collapse near Industrial Gate. I can see a fuel tanker involved and multiple casualties. The weather is thunderstorm.",industrial gate; building collapse; multiple casualties,RESCUE,5
A cyclist says there is a cyclone damage near Warehouse District. They noticed fire. Please hurry!,cyclone damage; warehouse district; cyclist,CYCLONE,2
"Wait, yes, I think there has been a crowd emergency near Bus Depot. one injured person. A child is waiting. A child is waiting.",one injured person; crowd emergency; bus depot,RESCUE,2
911? Reports are coming in from Shopping District about a railway accident. There is oil spill. People are moving away.,railway accident; oil spill; shopping district,CRASH,2
Oh my god! I think there has been a electrical accident near Airport Junction. multiple casualties.,electrical accident; airport junction; multiple casualties,FIRE,4
Oh my god! We have a factory fire near Western Expressway. It happened before sunrise. The weather is stormy weather.,stormy weather; factory fire; western expressway,FIRE,3
Caller reports a railway accident at Airport Junction. There is gas leak.,railway accident; airport junction; gas leak,CRASH,2
There's... Oh my god! Caller reports a electrical accident at Shopping District. There is fire. Please hurry!,electrical accident; shopping district; fire,FIRE,3
Heavy cold weather is making the situation worse near Temple Road. There is a building fire.,cold weather; temple road; building fire,FIRE,2
911? There has been a railway accident near Railway Yard. I can see a SUV involved and multiple casualties. People are moving away. The weather is thunderstorm. Please hurry!,railway accident; railway yard; multiple casualties,CRASH,5
"I... I don't know, 911? Reports are coming in from Station Road about a stampede. There is gas leak. What do I do?!",gas leak; station road; stampede,RESCUE,3
"It's, um, A pedestrian says there is a medical emergency near Underpass. They noticed oil spill. A pedestrian is waiting. What do I do?!",oil spill; medical emergency; pedestrian,MEDICAL,3
Oh my god! I am near Airport Junction and there has been a road blockage. The road is affected and I can see fuel leak. People are moving away. Traffic is building up.,airport junction; road blockage; fuel leak,RESCUE,2
There's... We have a road blockage near Temple Road. It happened this afternoon. Traffic is building up. Traffic is building up.,road blockage; temple road; theres,RESCUE,2
911? Caller reports a evacuation at City Center. There is oil spill. The incident happened before sunrise. Traffic is building up.,city center; oil spill; evacuation,RESCUE,3
Help! There has been a boat accident near Central Flyover. I can see a motorcycle involved and three injured passengers. The weather is poor visibility.,three injured passengers; boat accident; central flyover,CRASH,2
"It's, um, There has been a truck accident near Ring Road. I can see a train involved and an injured child. The incident happened around noon. Please hurry!",an injured child; ring road; truck accident,CRASH,3
We have a flash flood near Ring Road. It happened just now. Visibility is poor. The weather is strong winds. Please hurry!,ring road; strong winds; flash flood,FLOOD,2
There's... Heavy strong winds is making the situation worse near Industrial Area. There is a explosion. What do I do?!,industrial area; strong winds; explosion,RESCUE,4
Help! Heavy stormy weather is making the situation worse near Eastern Bypass. There is a dam overflow. The incident happened about half an hour ago. A cyclist is waiting. Send someone now!,stormy weather; eastern bypass; dam overflow,FLOOD,2
There's... Reports are coming in from Highway Toll Plaza about a train derailment. There is fire.,highway toll plaza; train derailment; fire,CRASH,4
Please send help to Riverbank. We have a landslide involving a container truck. Traffic is building up. Traffic is building up.,container truck; riverbank; landslide,RESCUE,1
There's... Ahhh! We have a bridge damage near Tunnel Entrance. It happened early this morning.,tunnel entrance; bridge damage; theres,RESCUE,1
Oh my god! I am near Residential Block and there has been a road blockage. The road is affected and I can see debris.,road blockage; residential block; debris,RESCUE,1
Please hurry! The caller says there is a medical emergency at City Center. People are moving away.,city center; medical emergency; please,MEDICAL,1
"I... I don't know, Please hurry! I am near Harbor Area and there has been a landslide. The road is affected and I can see blocked road. The incident happened a few minutes ago. The incident happened a few minutes ago.",blocked road; harbor area; landslide,RESCUE,2
Oh my god! Caller reports a forest fire at City Center. There is broken glass. Send someone now!,city center; broken glass; forest fire,FIRE,3
Reports are coming in from Tunnel Entrance about a cyclone damage. There is diesel leak. People are moving away.,cyclone damage; diesel leak; tunnel entrance,CYCLONE,3
There's... Reports are coming in from Forest Checkpoint about a building fire. There is fallen tree. The incident happened about ten minutes ago.,fallen tree; building fire; forest checkpoint,FIRE,3
There's... 911? A resident says there is a drowning near Railway Station. They noticed rising water. Visibility is poor. Visibility is poor.,railway station; rising water; drowning,RESCUE,5
"I... I don't know, Oh my god! We have a road blockage near Central Market. It happened early this morning.",road blockage; central market; dont,RESCUE,1
Help! There has been a storm damage near Forest Checkpoint. I can see a container truck involved and an unconscious person. What do I do?!,an unconscious person; storm damage; container truck,CYCLONE,4
Ahhh! Caller reports a drowning at Market Road. There is toxic fumes. Please hurry!,market road; toxic fumes; drowning,RESCUE,4
911? We have a storm damage near Coastal Road. It happened around noon. A worker is waiting. The incident happened around noon. Send someone now!,storm damage; coastal road; worker,CYCLONE,2
There's... There has been a evacuation near Shopping District. I can see a fuel tanker involved and several injured people. A passenger is waiting.,several injured people; fuel tanker; shopping district,RESCUE,2
There's... The caller says there is a landslide at Railway Yard. People are moving away. Please hurry!,railway yard; landslide; theres,RESCUE,2
"It's, um, Please send help to Main Highway. We have a severe rainfall involving a sedan. The incident happened a few minutes ago.",main highway; severe rainfall; sedan,CYCLONE,2
Oh my god! The caller says there is a warehouse fire at Harbor Area. A shopkeeper is waiting. Please hurry!,warehouse fire; harbor area; shopkeeper,FIRE,2
We have a drowning near Industrial Gate. It happened around noon.,industrial gate; drowning; happened,RESCUE,5
Reports are coming in from Railway Yard about a landslide. There is rising water. What do I do?!,railway yard; rising water; landslide,RESCUE,2
Ahhh! Heavy thunderstorm is making the situation worse near River Bridge. There is a boat accident. What do I do?!,boat accident; river bridge; thunderstorm,CRASH,3
911? A pedestrian says there is a heat emergency near Harbor Area. They noticed live electrical wires.,live electrical wires; harbor area; heat emergency,MEDICAL,1
"It's, um, Reports are coming in from Ring Road about a heat emergency. There is fire. People are moving away. Visibility is poor. Send someone now!",ring road; heat emergency; fire,MEDICAL,3
"It's, um, Oh my god! We have a car rollover near Commercial Street. It happened around midnight. The weather is cold weather. Send someone now!",cold weather; commercial street; car rollover,CRASH,1
"It's, um, Reports are coming in from Station Road about a building collapse. There is gas leak.",building collapse; gas leak; station road,RESCUE,5
Please hurry! I think there has been a forest fire near Main Highway. people with minor injuries. Visibility is poor.,people with minor injuries; main highway; forest fire,FIRE,3
Ahhh! Please send help to Industrial Gate. We have a storm damage involving a truck. Visibility is poor. A pedestrian is waiting. Please hurry!,storm damage; industrial gate; pedestrian,CYCLONE,2
Please send help to Harbor Area. We have a explosion involving a sedan. Visibility is poor. The weather is strong winds.,strong winds; harbor area; sedan,RESCUE,5
"It's, um, The caller says there is a railway accident at Western Expressway. Traffic is building up. What do I do?!",railway accident; western expressway; caller,CRASH,2
"I... I don't know, Ahhh! A driver says there is a boat accident near City Hospital. They noticed gas leak.",boat accident; city hospital; gas leak,CRASH,3
911? There has been a crowd emergency near Airport Junction. I can see a school bus involved and multiple casualties. Send someone now!,school bus; airport junction; crowd emergency,RESCUE,4
There's... Oh my god! Heavy dense fog is making the situation worse near Warehouse District. There is a wildfire. The weather is dense fog. Traffic is building up.,dense fog; warehouse district; wildfire,FIRE,2
Please hurry! I think there has been a railway accident near Main Highway. a trapped passenger. A cyclist is waiting.,a trapped passenger; main highway; railway accident,CRASH,4
Oh my god! I am near Railway Yard and there has been a crowd emergency. The road is affected and I can see unstable structure. Traffic is building up. The weather is stormy weather.,stormy weather; crowd emergency; railway yard,RESCUE,2
Please send help to Tunnel Entrance. We have a heat emergency involving a motorcycle. What do I do?!,tunnel entrance; heat emergency; motorcycle,MEDICAL,1
There's... Please send help to Forest Checkpoint. We have a explosion involving a SUV. The incident happened about half an hour ago.,forest checkpoint; explosion; suv,RESCUE,4
Reports are coming in from Forest Checkpoint about a medical emergency. There is fuel leak. A child is waiting. Visibility is poor. Please hurry!,fuel leak; medical emergency; forest checkpoint,MEDICAL,2
Oh my god! There has been a crowd emergency near Highway Toll Plaza. I can see a SUV involved and multiple casualties. The incident happened before sunrise. Visibility is poor.,highway toll plaza; crowd emergency; multiple casualties,RESCUE,4
Please hurry! Caller reports a factory fire at Coastal Road. There is debris. The incident happened around midnight.,coastal road; factory fire; debris,FIRE,2
Please hurry! The caller says there is a cold exposure at Residential Block. The weather is lightning. What do I do?!,residential block; cold exposure; lightning,MEDICAL,1
There's... Please hurry! Caller reports a crowd emergency at Old Bridge. There is diesel leak.,crowd emergency; old bridge; diesel leak,RESCUE,2
There's... Heavy thunderstorm is making the situation worse near Warehouse District. There is a bus crash.,bus crash; warehouse district; thunderstorm,CRASH,2
I am near Old Bridge and there has been a car rollover. The road is affected and I can see toxic fumes. The weather is poor visibility. Traffic is building up.,old bridge; poor visibility; car rollover,CRASH,1
There's... Ahhh! Please send help to Port Entrance. We have a motorcycle accident involving a van. Traffic is building up. A shopkeeper is waiting. What do I do?!,port entrance; motorcycle accident; van,CRASH,1
There's... Please hurry! Caller reports a stampede at Harbor Area. There is broken glass. Visibility is poor. Visibility is poor.,broken glass; harbor area; stampede,RESCUE,1
"It's, um, Please hurry! There has been a railway accident near Station Road. I can see a bus involved and multiple casualties. The weather is cold weather.",railway accident; cold weather; multiple casualties,CRASH,5
Caller reports a power line failure at South Flyover. There is fallen tree. Traffic is building up. People are moving away.,power line failure; fallen tree; south flyover,HAZMAT,1
"It's, um, Caller reports a boat accident at City Center. There is live electrical wires. The weather is extreme heat. Traffic is building up.",live electrical wires; boat accident; city center,CRASH,2
"It's, um, I think there has been a earthquake damage near Western Expressway. a seriously injured driver. People are moving away. The incident happened during rush hour.",a seriously injured driver; earthquake damage; western expressway,RESCUE,5
Caller reports a storm damage at North Underpass. There is fuel leak. Visibility is poor. What do I do?!,storm damage; north underpass; fuel leak,CYCLONE,3
"I... I don't know, I think there has been a fuel leak near Harbor Area. one injured person. A security guard is waiting.",one injured person; fuel leak; security guard,HAZMAT,2
I think there has been a vehicle collision near Old Bridge. three injured passengers. Please hurry!,three injured passengers; old bridge; vehicle collision,CRASH,3
"Wait, yes, Please send help to Commercial Street. We have a cold exposure involving a sedan. Send someone now!",commercial street; cold exposure; sedan,MEDICAL,2
There's... Oh my god! A shopkeeper says there is a cyclone damage near Railway Station. They noticed chemical fumes. What do I do?!,railway station; cyclone damage; chemical fumes,CYCLONE,2
There's... Oh my god! There has been a missing person near Industrial Gate. I can see a tanker involved and several injured people. Send someone now!,several injured people; industrial gate; missing person,RESCUE,2
"I... I don't know, I think there has been a power line failure near College Road. several injured people. Visibility is poor.",several injured people; power line failure; college road,HAZMAT,2
Reports are coming in from Railway Station about a landslide. There is toxic fumes. A cyclist is waiting.,railway station; toxic fumes; cyclist,RESCUE,1
Heavy lightning is making the situation worse near South Flyover. There is a hazardous material incident. The incident happened about ten minutes ago. The incident happened about ten minutes ago. What do I do?!,hazardous material incident; south flyover; lightning,HAZMAT,1
Reports are coming in from Tunnel Entrance about a flash flood. There is unstable structure. People are moving away. The weather is cold weather. Please hurry!,cold weather; unstable structure; tunnel entrance,FLOOD,2
"Wait, yes, A passenger says there is a drowning near Warehouse District. They noticed smoke. Visibility is poor. The weather is poor visibility.",poor visibility; warehouse district; drowning,RESCUE,4
Oh my god! Please send help to Shopping District. We have a aircraft emergency involving a bus. Visibility is poor. Please hurry!,aircraft emergency; shopping district; bus,CRASH,2
There's... There has been a evacuation near Commercial Street. I can see a ambulance involved and an unconscious person.,an unconscious person; commercial street; evacuation,RESCUE,5
I think there has been a car rollover near Industrial Area. one injured person. People are moving away. Visibility is poor.,one injured person; industrial area; car rollover,CRASH,2
Help! I think there has been a lightning strike near Highway Toll Plaza. an unconscious person. Visibility is poor. People are moving away.,an unconscious person; highway toll plaza; lightning strike,CYCLONE,5
"I... I don't know, 911? I am near Western Expressway and there has been a power line failure. The road is affected and I can see smoke. The incident happened during rush hour. A child is waiting.",power line failure; western expressway; child,HAZMAT,1
Please hurry! I am near Port Entrance and there has been a building collapse. The road is affected and I can see diesel leak. The incident happened late last night. Visibility is poor. What do I do?!,building collapse; port entrance; diesel leak,RESCUE,4
I think there has been a bus crash near College Road. one injured person.,one injured person; bus crash; college road,CRASH,3
Please hurry! We have a fuel leak near Dam Road. It happened this afternoon. People are moving away. A worker is waiting. Send someone now!,fuel leak; dam road; worker,HAZMAT,3
Caller reports a forest fire at Central Flyover. There is fallen tree. People are moving away. Send someone now!,fallen tree; central flyover; forest fire,FIRE,2
We have a heat emergency near Temple Road. It happened this afternoon. Send someone now!,temple road; heat emergency; happened,MEDICAL,1
There's... Oh my god! There has been a electrical accident near North Underpass. I can see a truck involved and one injured person. Visibility is poor. A elderly person is waiting. Send someone now!,one injured person; electrical accident; north underpass,FIRE,3
The caller says there is a crowd emergency at Harbor Area. Traffic is building up. A shopkeeper is waiting.,crowd emergency; harbor area; shopkeeper,RESCUE,2
A pedestrian says there is a forest fire near Factory Road. They noticed live electrical wires.,live electrical wires; forest fire; factory road,FIRE,2
Please hurry! I think there has been a train derailment near Tunnel Entrance. three injured passengers. The weather is strong winds.,three injured passengers; strong winds; tunnel entrance,CRASH,4
"I... I don't know, 911? I am near Bus Depot and there has been a heat emergency. The road is affected and I can see fallen tree. Traffic is building up. People are moving away.",fallen tree; bus depot; heat emergency,MEDICAL,1
Help! Caller reports a earthquake damage at Port Entrance. There is fuel leak. Traffic is building up.,port entrance; earthquake damage; fuel leak,RESCUE,5
"Wait, yes, 911? Please send help to Highway Toll Plaza. We have a forest fire involving a truck. A elderly person is waiting. People are moving away. What do I do?!",highway toll plaza; elderly person; forest fire,FIRE,3
I am near Commercial Street and there has been a cold exposure. The road is affected and I can see unstable structure. The weather is lightning. The incident happened before sunrise.,unstable structure; commercial street; cold exposure,MEDICAL,2
A pedestrian says there is a warehouse fire near Market Road. They noticed unstable structure. The incident happened about half an hour ago. A pedestrian is waiting.,unstable structure; market road; warehouse fire,FIRE,2
Caller reports a truck accident at Temple Road. There is fire.,truck accident; temple road; fire,CRASH,2
The caller says there is a crowd emergency at Underpass. Visibility is poor. The weather is extreme heat.,extreme heat; crowd emergency; underpass,RESCUE,1
"It's, um, Caller reports a vehicle collision at Eastern Bypass. There is oil spill. People are moving away.",vehicle collision; oil spill; eastern bypass,CRASH,2
There's... There has been a car rollover near Western Expressway. I can see a school bus involved and multiple casualties. Traffic is building up. Send someone now!,school bus; multiple casualties; western expressway,CRASH,4
I am near Riverbank and there has been a train derailment. The road is affected and I can see fallen tree. What do I do?!,fallen tree; train derailment; riverbank,CRASH,5
"I... I don't know, Help! I am near Factory Road and there has been a gas leak. The road is affected and I can see broken glass.",broken glass; gas leak; factory road,HAZMAT,3
There's... Oh my god! Heavy strong winds is making the situation worse near Eastern Bypass. There is a urban flooding. A construction worker is waiting. What do I do?!,construction worker; strong winds; urban flooding,FLOOD,3
"I... I don't know, Please hurry! There has been a dam overflow near Main Highway. I can see a ambulance involved and a trapped passenger. Traffic is building up. Traffic is building up.",a trapped passenger; main highway; dam overflow,FLOOD,4
"I... I don't know, I am near Warehouse District and there has been a chemical spill. The road is affected and I can see smoke. The weather is cold weather. Please hurry!",cold weather; chemical spill; warehouse district,HAZMAT,2
We have a stampede near Old Railway Crossing. It happened about half an hour ago. Visibility is poor. Traffic is building up.,old railway crossing; stampede; happened,RESCUE,1
"Wait, yes, 911? Reports are coming in from South Flyover about a aircraft emergency. There is gas leak. Please hurry!",gas leak; aircraft emergency; south flyover,CRASH,3
There's... There has been a train derailment near Central Market. I can see a SUV involved and multiple casualties. Please hurry!,multiple casualties; central market; train derailment,CRASH,4
Ahhh! Please send help to Commercial Street. We have a industrial accident involving a truck.,industrial accident; commercial street; truck,MEDICAL,2
"I... I don't know, I am near Ring Road and there has been a car rollover. The road is affected and I can see debris. Traffic is building up. Traffic is building up.",ring road; car rollover; debris,CRASH,2
"It's, um, Ahhh! Please send help to Warehouse District. We have a industrial accident involving a tanker. What do I do?!",industrial accident; warehouse district; tanker,MEDICAL,2
Help! There has been a road blockage near River Bridge. I can see a SUV involved and an unconscious person.,an unconscious person; road blockage; river bridge,RESCUE,5
There's... Reports are coming in from River Bridge about a vehicle collision. There is gas leak. Send someone now!,vehicle collision; river bridge; gas leak,CRASH,2
Please hurry! We have a building fire near Industrial Gate. It happened a few minutes ago. Send someone now!,industrial gate; building fire; please,FIRE,2
Help! Please send help to Forest Checkpoint. We have a storm damage involving a train. Please hurry!,storm damage; forest checkpoint; train,CYCLONE,2
There's... Please hurry! The caller says there is a crowd emergency at City Center. The incident happened during rush hour.,city center; crowd emergency; theres,RESCUE,2
Ahhh! Please send help to South Flyover. We have a factory fire involving a delivery vehicle.,south flyover; factory fire; delivery vehicle,FIRE,3
There's... The caller says there is a severe rainfall at College Road. The incident happened about ten minutes ago. People are moving away.,severe rainfall; college road; theres,CYCLONE,2
911? I think there has been a road blockage near Old Bridge. an unconscious person. A passenger is waiting. Traffic is building up. What do I do?!,an unconscious person; old bridge; road blockage,RESCUE,5
There's... Heavy poor visibility is making the situation worse near Main Highway. There is a factory fire. People are moving away.,main highway; poor visibility; factory fire,FIRE,3
The caller says there is a truck accident at Dam Road.,truck accident; dam road; caller,CRASH,1
"It's, um, The caller says there is a evacuation at Underpass. What do I do?!",underpass; evacuation; caller,RESCUE,2
I think there has been a bus crash near Factory Road. people with minor injuries.,people with minor injuries; bus crash; factory road,CRASH,2
Help! A security guard says there is a train derailment near Old Railway Crossing. They noticed live electrical wires. The incident happened before sunrise. A security guard is waiting.,old railway crossing; live electrical wires; security guard,CRASH,4
"I... I don't know, Oh my god! We have a dam overflow near Underpass. It happened about half an hour ago. The weather is cold weather. Visibility is poor. What do I do?!",cold weather; dam overflow; underpass,FLOOD,2
I am near Old Railway Crossing and there has been a building collapse. The road is affected and I can see debris.,old railway crossing; building collapse; debris,RESCUE,4
There's... A security guard says there is a building collapse near Old Railway Crossing. They noticed unstable structure. The incident happened just now. What do I do?!,old railway crossing; building collapse; unstable structure,RESCUE,4
Ahhh! Caller reports a cyclone damage at Bus Depot. There is gas leak. The weather is cold weather. Visibility is poor. What do I do?!,cold weather; cyclone damage; gas leak,CYCLONE,3
Please hurry! We have a factory fire near Railway Station. It happened about ten minutes ago.,railway station; factory fire; please,FIRE,2
"Wait, yes, Oh my god! Reports are coming in from Factory Road about a bridge damage. There is debris.",bridge damage; factory road; debris,RESCUE,2
A construction worker says there is a building fire near Bus Depot. They noticed smoke. Send someone now!,construction worker; bus depot; building fire,FIRE,3
Oh my god! I am near Shopping District and there has been a dam overflow. The road is affected and I can see blocked road.,blocked road; shopping district; dam overflow,FLOOD,2
There's... Reports are coming in from Market Road about a motorcycle accident. There is diesel leak. The weather is stormy weather. A construction worker is waiting.,stormy weather; construction worker; diesel leak,CRASH,2
911? I think there has been a drowning near Shopping District. a trapped passenger. The incident happened this afternoon. The weather is dust storm. What do I do?!,a trapped passenger; dust storm; shopping district,RESCUE,5
I think there has been a missing person near Old Bridge. several injured people.,several injured people; old bridge; missing person,RESCUE,3
"It's, um, There has been a urban flooding near City Center. I can see a sedan involved and a trapped passenger. Traffic is building up. People are moving away. What do I do?!",a trapped passenger; city center; urban flooding,FLOOD,5
Heavy cold weather is making the situation worse near College Road. There is a drowning. The weather is cold weather.,cold weather; college road; drowning,RESCUE,4
911? The caller says there is a road blockage at Warehouse District. Visibility is poor. What do I do?!,road blockage; warehouse district; caller,RESCUE,2
I am near College Road and there has been a gas leak. The road is affected and I can see blocked road.,blocked road; gas leak; college road,HAZMAT,2
"I... I don't know, 911? We have a storm damage near Outer Ring Road. It happened about half an hour ago. A resident is waiting. People are moving away. Please hurry!",outer ring road; storm damage; resident,CYCLONE,2
Oh my god! Heavy dust storm is making the situation worse near Highway Toll Plaza. There is a lightning strike. The weather is dust storm.,highway toll plaza; lightning strike; dust storm,CYCLONE,3
"It's, um, Help! I am near Highway Toll Plaza and there has been a railway accident. The road is affected and I can see fallen tree. Visibility is poor. The incident happened around midnight. Send someone now!",highway toll plaza; railway accident; fallen tree,CRASH,1
Oh my god! A child says there is a motorcycle accident near Station Road. They noticed fire. Visibility is poor. Visibility is poor.,motorcycle accident; station road; child,CRASH,2
"I... I don't know, I am near Eastern Bypass and there has been a bus crash. The road is affected and I can see fuel leak. People are moving away. The incident happened around noon.",fuel leak; bus crash; eastern bypass,CRASH,2
"Wait, yes, Please hurry! I am near City Hospital and there has been a cold exposure. The road is affected and I can see oil spill. The weather is strong winds. What do I do?!",city hospital; oil spill; strong winds,MEDICAL,3
I am near Eastern Bypass and there has been a heat emergency. The road is affected and I can see broken glass. Visibility is poor.,broken glass; eastern bypass; heat emergency,MEDICAL,1
There's... Help! I am near South Flyover and there has been a lightning strike. The road is affected and I can see debris. Send someone now!,lightning strike; south flyover; debris,CYCLONE,2
Please send help to Main Highway. We have a stampede involving a ambulance. The weather is thunderstorm. Visibility is poor.,main highway; thunderstorm; stampede,RESCUE,3
"It's, um, Please hurry! Reports are coming in from Commercial Street about a chemical spill. There is oil spill. Visibility is poor. Visibility is poor. Send someone now!",oil spill; chemical spill; commercial street,HAZMAT,2
There's... We have a lightning strike near Underpass. It happened a few minutes ago.,lightning strike; underpass; theres,CYCLONE,2
Please hurry! The caller says there is a bus crash at Eastern Bypass. A driver is waiting. Traffic is building up.,bus crash; eastern bypass; driver,CRASH,3
Oh my god! The caller says there is a electrical accident at Underpass. People are moving away.,electrical accident; underpass; caller,FIRE,1
Oh my god! A child says there is a heat emergency near Eastern Bypass. They noticed unstable structure. A child is waiting. A child is waiting. Send someone now!,unstable structure; eastern bypass; heat emergency,MEDICAL,2
Ahhh! The caller says there is a missing person at North Underpass. Traffic is building up. Please hurry!,north underpass; missing person; ahhh,RESCUE,2
911? There has been a hazardous material incident near Railway Yard. I can see a motorcycle involved and an injured child. A pedestrian is waiting. What do I do?!,an injured child; hazardous material incident; railway yard,HAZMAT,2
A shopkeeper says there is a train derailment near Main Highway. They noticed smoke. A shopkeeper is waiting. A shopkeeper is waiting.,main highway; train derailment; shopkeeper,CRASH,5
"Wait, yes, Oh my god! There has been a railway accident near Railway Station. I can see a bus involved and a trapped passenger. Visibility is poor.",a trapped passenger; railway accident; railway station,CRASH,4
Please hurry! Caller reports a bus crash at Harbor Area. There is unstable structure. The incident happened late last night.,unstable structure; bus crash; harbor area,CRASH,3
"Wait, yes, We have a truck accident near Port Entrance. It happened around noon. A shopkeeper is waiting.",truck accident; port entrance; shopkeeper,CRASH,1
There has been a flash flood near Temple Road. I can see a van involved and three injured passengers.,three injured passengers; temple road; flash flood,FLOOD,2
"Wait, yes, Reports are coming in from Railway Yard about a railway accident. There is chemical fumes. The incident happened during rush hour.",railway accident; railway yard; chemical fumes,CRASH,1
I think there has been a bridge damage near River Bridge. one injured person.,one injured person; river bridge; bridge damage,RESCUE,3
Please send help to Harbor Area. We have a factory fire involving a ambulance. The incident happened late last night.,factory fire; harbor area; ambulance,FIRE,2
"Wait, yes, Please send help to Central Market. We have a landslide involving a tanker. The weather is heavy rain. Visibility is poor.",heavy rain; central market; tanker,RESCUE,1
A driver says there is a medical emergency near City Hospital. They noticed chemical fumes. Traffic is building up. Visibility is poor. Please hurry!,city hospital; chemical fumes; medical emergency,MEDICAL,1
I think there has been a flash flood near Central Flyover. an injured child. Traffic is building up. Traffic is building up. Send someone now!,an injured child; central flyover; flash flood,FLOOD,2
Oh my god! A child says there is a vehicle collision near Railway Yard. They noticed fuel leak. A child is waiting. People are moving away.,railway yard; vehicle collision; fuel leak,CRASH,3
Oh my god! I think there has been a car rollover near Railway Yard. an injured child.,an injured child; railway yard; car rollover,CRASH,3
"It's, um, Ahhh! I think there has been a road blockage near South Flyover. multiple casualties. The weather is heavy rain. The weather is heavy rain. Please hurry!",road blockage; multiple casualties; south flyover,RESCUE,4
Please hurry! I am near Shopping District and there has been a heat emergency. The road is affected and I can see diesel leak. A shopkeeper is waiting. Visibility is poor.,diesel leak; shopping district; heat emergency,MEDICAL,3
"I... I don't know, Please hurry! Please send help to Industrial Gate. We have a explosion involving a tanker. A pedestrian is waiting. People are moving away.",industrial gate; tanker; pedestrian,RESCUE,5
"It's, um, Please hurry! Please send help to Forest Checkpoint. We have a lightning strike involving a delivery vehicle. People are moving away. The incident happened before sunrise.",lightning strike; delivery vehicle; forest checkpoint,CYCLONE,1
"Wait, yes, The caller says there is a fuel leak at Highway Toll Plaza. Visibility is poor. Traffic is building up. Please hurry!",highway toll plaza; fuel leak; wait,HAZMAT,3
"Wait, yes, We have a explosion near Coastal Road. It happened around midnight. Please hurry!",coastal road; explosion; wait,RESCUE,4
"It's, um, Heavy wet roads is making the situation worse near River Bridge. There is a boat accident. Traffic is building up. Visibility is poor. What do I do?!",boat accident; river bridge; wet roads,CRASH,2
"I... I don't know, Help! There has been a landslide near Central Flyover. I can see a train involved and several injured people.",several injured people; central flyover; train,RESCUE,2
Help! Please send help to Main Highway. We have a building fire involving a sedan. People are moving away. Visibility is poor.,main highway; building fire; sedan,FIRE,2
Reports are coming in from Station Road about a train derailment. There is chemical fumes. Traffic is building up. What do I do?!,chemical fumes; train derailment; station road,CRASH,4
Oh my god! Caller reports a storm damage at Bus Depot. There is fire. Traffic is building up. The incident happened around noon. Send someone now!,storm damage; bus depot; fire,CYCLONE,3
I am near Station Road and there has been a aircraft emergency. The road is affected and I can see gas leak. The incident happened this afternoon. Visibility is poor. Send someone now!,gas leak; aircraft emergency; station road,CRASH,2
We have a chemical spill near City Hospital. It happened early this morning. The incident happened early this morning.,city hospital; chemical spill; happened,HAZMAT,3
There has been a building collapse near Residential Block. I can see a van involved and several injured people. The weather is heavy rain. Visibility is poor.,several injured people; building collapse; residential block,RESCUE,4
"I... I don't know, Please hurry! I am near Old Railway Crossing and there has been a building fire. The road is affected and I can see debris. The incident happened just now.",old railway crossing; building fire; debris,FIRE,3
"Wait, yes, Heavy poor visibility is making the situation worse near Eastern Bypass. There is a fallen tree. Send someone now!",fallen tree; poor visibility; eastern bypass,RESCUE,1
There's... We have a building collapse near Riverbank. It happened around noon. Traffic is building up.,building collapse; riverbank; theres,RESCUE,4
"It's, um, Reports are coming in from Warehouse District about a factory fire. There is unstable structure. Visibility is poor. Please hurry!",unstable structure; factory fire; warehouse district,FIRE,3
"Wait, yes, There has been a storm damage near Residential Block. I can see a delivery vehicle involved and a seriously injured driver. A cyclist is waiting. People are moving away.",a seriously injured driver; storm damage; residential block,CYCLONE,3
911? I am near Underpass and there has been a severe rainfall. The road is affected and I can see smoke. The incident happened during rush hour. Please hurry!,severe rainfall; underpass; smoke,CYCLONE,1
There has been a explosion near Western Expressway. I can see a tanker involved and one injured person. Traffic is building up. Visibility is poor.,one injured person; western expressway; tanker,RESCUE,5
Ahhh! Heavy strong winds is making the situation worse near Main Highway. There is a earthquake damage. Traffic is building up.,main highway; earthquake damage; strong winds,RESCUE,4
"It's, um, Oh my god! We have a chemical spill near Western Expressway. It happened early this morning. Visibility is poor. People are moving away.",chemical spill; western expressway; happened,HAZMAT,3
"It's, um, Caller reports a heat emergency at River Bridge. There is broken glass. Traffic is building up. Traffic is building up. Please hurry!",broken glass; river bridge; heat emergency,MEDICAL,1
There has been a storm damage near Underpass. I can see a fuel tanker involved and three injured passengers.,three injured passengers; storm damage; fuel tanker,CYCLONE,3
Please send help to Industrial Area. We have a explosion involving a sedan. Traffic is building up. The weather is wet roads. Send someone now!,industrial area; wet roads; sedan,RESCUE,5
Caller reports a landslide at Riverbank. There is live electrical wires. People are moving away. A cyclist is waiting. Send someone now!,live electrical wires; cyclist; riverbank,RESCUE,2
Ahhh! We have a motorcycle accident near Outer Ring Road. It happened before sunrise.,outer ring road; motorcycle accident; ahhh,CRASH,2
"It's, um, Oh my god! Caller reports a evacuation at Residential Block. There is fuel leak. People are moving away. Visibility is poor.",fuel leak; residential block; evacuation,RESCUE,3
Oh my god! Heavy lightning is making the situation worse near Railway Station. There is a aircraft emergency. People are moving away.,railway station; aircraft emergency; lightning,CRASH,2
There's... Ahhh! I think there has been a evacuation near Commercial Street. people with minor injuries. A passenger is waiting.,people with minor injuries; commercial street; evacuation,RESCUE,1
911? I think there has been a storm damage near City Center. people with minor injuries.,people with minor injuries; city center; storm damage,CYCLONE,3
Please hurry! Heavy stormy weather is making the situation worse near Airport Road. There is a vehicle collision.,stormy weather; airport road; vehicle collision,CRASH,2
911? We have a cyclone damage near Central Market. It happened just now. Please hurry!,cyclone damage; central market; happened,CYCLONE,2
Ahhh! There has been a stampede near Main Highway. I can see a school bus involved and one injured person.,one injured person; school bus; main highway,RESCUE,2
Reports are coming in from City Center about a power line failure. There is fallen tree. Traffic is building up. Visibility is poor.,power line failure; city center; fallen tree,HAZMAT,2
"Wait, yes, A worker says there is a fallen tree near Central Market. They noticed debris.",fallen tree; central market; debris,RESCUE,1
Please hurry! Please send help to Underpass. We have a crowd emergency involving a sedan. People are moving away.,crowd emergency; sedan; underpass,RESCUE,2
There's... Heavy poor visibility is making the situation worse near Central Market. There is a building collapse. A shopkeeper is waiting.,building collapse; poor visibility; central market,RESCUE,5
911? Caller reports a chemical spill at Commercial Street. There is fallen tree. Visibility is poor. The weather is cold weather.,cold weather; fallen tree; chemical spill,HAZMAT,2
I think there has been a bus crash near Airport Road. multiple casualties. The weather is cold weather. The weather is cold weather. Send someone now!,cold weather; airport road; bus crash,CRASH,5
We have a gas leak near North Underpass. It happened late last night.,north underpass; gas leak; happened,HAZMAT,3
Oh my god! We have a dam overflow near Outer Ring Road. It happened just now. Traffic is building up.,outer ring road; dam overflow; happened,FLOOD,1
"It's, um, Reports are coming in from Factory Road about a crowd emergency. There is diesel leak. Traffic is building up.",crowd emergency; diesel leak; factory road,RESCUE,3
"It's, um, Reports are coming in from Airport Junction about a explosion. There is oil spill. Send someone now!",airport junction; oil spill; explosion,RESCUE,5
Please send help to Outer Ring Road. We have a vehicle collision involving a sedan. Visibility is poor. Visibility is poor. Send someone now!,outer ring road; vehicle collision; sedan,CRASH,2
911? There has been a lightning strike near Railway Station. I can see a van involved and several injured people. Traffic is building up.,several injured people; lightning strike; railway station,CYCLONE,3
Help! The caller says there is a storm damage at Tunnel Entrance. Visibility is poor.,storm damage; tunnel entrance; help,CYCLONE,3
"Wait, yes, Ahhh! Reports are coming in from Tunnel Entrance about a wildfire. There is chemical fumes. The weather is heavy rain.",tunnel entrance; heavy rain; chemical fumes,FIRE,3
"Wait, yes, Oh my god! I am near Riverbank and there has been a cyclone damage. The road is affected and I can see fuel leak. Please hurry!",cyclone damage; fuel leak; riverbank,CYCLONE,2
Oh my god! We have a stampede near Tunnel Entrance. It happened a few minutes ago. What do I do?!,tunnel entrance; stampede; happened,RESCUE,2
"I... I don't know, Reports are coming in from Bus Terminal about a missing person. There is fuel leak. The weather is wet roads. Visibility is poor.",missing person; fuel leak; wet roads,RESCUE,3
Please hurry! Please send help to Outer Ring Road. We have a power line failure involving a motorcycle. Send someone now!,power line failure; outer ring road; motorcycle,HAZMAT,2
A child says there is a building fire near Bus Terminal. They noticed diesel leak. Please hurry!,diesel leak; bus terminal; building fire,FIRE,2
"It's, um, Oh my god! Please send help to South Flyover. We have a motorcycle accident involving a bus. Visibility is poor.",motorcycle accident; south flyover; bus,CRASH,2
"It's, um, Ahhh! There has been a fallen tree near Factory Road. I can see a tanker involved and three injured passengers. The weather is continuous rainfall. Traffic is building up.",three injured passengers; fallen tree; continuous rainfall,RESCUE,2
"It's, um, The caller says there is a forest fire at Airport Road. The weather is poor visibility.",airport road; poor visibility; forest fire,FIRE,2
Help! A passenger says there is a flash flood near Market Road. They noticed diesel leak. The incident happened late last night.,diesel leak; market road; flash flood,FLOOD,3
Please hurry! I think there has been a earthquake damage near Railway Station. three injured passengers.,three injured passengers; railway station; earthquake damage,RESCUE,5
"I... I don't know, Help! A security guard says there is a drowning near Outer Ring Road. They noticed diesel leak. Traffic is building up.",outer ring road; diesel leak; security guard,RESCUE,5
Please send help to Railway Station. We have a crowd emergency involving a bus. People are moving away. The weather is extreme heat. Send someone now!,extreme heat; crowd emergency; railway station,RESCUE,1
Please send help to Main Highway. We have a bridge damage involving a car. A construction worker is waiting. Traffic is building up. Please hurry!,main highway; construction worker; bridge damage,RESCUE,2
911? A shopkeeper says there is a bus crash near Harbor Area. They noticed gas leak. The incident happened this afternoon. The incident happened this afternoon.,bus crash; gas leak; harbor area,CRASH,3
Heavy cyclonic winds is making the situation worse near Underpass. There is a storm damage. The weather is cyclonic winds.,storm damage; cyclonic winds; underpass,CYCLONE,2
The caller says there is a drowning at Underpass. Visibility is poor. The weather is heavy rain. Please hurry!,heavy rain; drowning; underpass,RESCUE,5
I am near Harbor Area and there has been a storm damage. The road is affected and I can see fuel leak. Please hurry!,storm damage; fuel leak; harbor area,CYCLONE,2
"It's, um, Caller reports a cyclone damage at Coastal Road. There is chemical fumes. A resident is waiting. The incident happened this afternoon.",cyclone damage; chemical fumes; coastal road,CYCLONE,1
There has been a gas leak near Warehouse District. I can see a van involved and a trapped passenger. The weather is stormy weather.,a trapped passenger; stormy weather; gas leak,HAZMAT,4
"I... I don't know, Heavy dust storm is making the situation worse near College Road. There is a electrical accident. The incident happened a few minutes ago.",electrical accident; dust storm; college road,FIRE,2
There has been a fallen tree near Western Expressway. I can see a truck involved and an injured child. The incident happened around noon. The incident happened around noon.,an injured child; fallen tree; western expressway,RESCUE,3
Oh my god! There has been a explosion near Central Market. I can see a tanker involved and three injured passengers. Traffic is building up.,three injured passengers; central market; tanker,RESCUE,5
Oh my god! Heavy stormy weather is making the situation worse near North Underpass. There is a hazardous material incident. Traffic is building up.,hazardous material incident; stormy weather; north underpass,HAZMAT,2
"It's, um, Ahhh! I think there has been a medical emergency near Railway Yard. multiple casualties. People are moving away.",railway yard; multiple casualties; medical emergency,MEDICAL,4
Please send help to Old Bridge. We have a chemical spill involving a ambulance.,old bridge; chemical spill; ambulance,HAZMAT,2
Help! Reports are coming in from Old Bridge about a wildfire. There is gas leak. What do I do?!,old bridge; gas leak; wildfire,FIRE,2
Heavy stormy weather is making the situation worse near Dam Road. There is a missing person. What do I do?!,stormy weather; missing person; dam road,RESCUE,2
911? Heavy extreme heat is making the situation worse near River Bridge. There is a building collapse. The incident happened during rush hour. People are moving away.,extreme heat; building collapse; river bridge,RESCUE,5
Oh my god! We have a severe rainfall near Industrial Gate. It happened around midnight. The weather is strong winds. What do I do?!,industrial gate; severe rainfall; strong winds,CYCLONE,2
Ahhh! There has been a boat accident near Outer Ring Road. I can see a ambulance involved and multiple casualties. The incident happened early this morning.,outer ring road; boat accident; multiple casualties,CRASH,5
Help! We have a warehouse fire near River Bridge. It happened about half an hour ago. Visibility is poor.,river bridge; warehouse fire; help,FIRE,2
There's... We have a electrical accident near Forest Checkpoint. It happened a few minutes ago. The weather is heavy rain.,electrical accident; heavy rain; forest checkpoint,FIRE,1
There's... Reports are coming in from Central Market about a crowd emergency. There is gas leak. Send someone now!,crowd emergency; gas leak; central market,RESCUE,3
"It's, um, Reports are coming in from Main Highway about a urban flooding. There is broken glass. People are moving away.",main highway; broken glass; urban flooding,FLOOD,3
There's... The caller says there is a explosion at College Road. The incident happened just now. Send someone now!,college road; explosion; theres,RESCUE,4
"I... I don't know, Ahhh! The caller says there is a road blockage at Industrial Area. People are moving away.",industrial area; road blockage; dont,RESCUE,1
"It's, um, 911? Heavy cold weather is making the situation worse near Railway Station. There is a lightning strike.",lightning strike; cold weather; railway station,CYCLONE,2
Ahhh! Caller reports a electrical accident at Port Entrance. There is live electrical wires. Traffic is building up. What do I do?!,live electrical wires; electrical accident; port entrance,FIRE,2
Ahhh! The caller says there is a car rollover at Bus Terminal. Please hurry!,bus terminal; car rollover; ahhh,CRASH,2
"I... I don't know, We have a missing person near City Hospital. It happened around midnight. The weather is wet roads.",city hospital; missing person; wet roads,RESCUE,2
Help! I am near City Center and there has been a aircraft emergency. The road is affected and I can see oil spill. The incident happened late last night.,city center; oil spill; aircraft emergency,CRASH,3
We have a cyclone damage near Airport Junction. It happened before sunrise. The weather is wet roads.,airport junction; cyclone damage; wet roads,CYCLONE,2
The caller says there is a truck accident at Outer Ring Road. The weather is extreme heat. Visibility is poor.,outer ring road; extreme heat; truck accident,CRASH,1
We have a bridge damage near Harbor Area. It happened around noon.,harbor area; bridge damage; happened,RESCUE,1
"I... I don't know, 911? A resident says there is a storm damage near Underpass. They noticed diesel leak. Visibility is poor. People are moving away. Please hurry!",storm damage; diesel leak; underpass,CYCLONE,2
There's... Help! Caller reports a drowning at Old Railway Crossing. There is debris. A passenger is waiting. Please hurry!,old railway crossing; drowning; debris,RESCUE,5
There's... Please hurry! We have a power line failure near Dam Road. It happened around midnight. People are moving away.,power line failure; dam road; theres,HAZMAT,1
I think there has been a crowd emergency near Bus Depot. people with minor injuries. The incident happened a few minutes ago.,people with minor injuries; crowd emergency; bus depot,RESCUE,2
Heavy strong winds is making the situation worse near Forest Checkpoint. There is a car rollover. The incident happened during rush hour. People are moving away. What do I do?!,strong winds; car rollover; forest checkpoint,CRASH,1
Help! A security guard says there is a gas leak near Coastal Road. They noticed fire. Traffic is building up. People are moving away.,security guard; gas leak; coastal road,HAZMAT,3
The caller says there is a railway accident at Bus Depot. Visibility is poor.,railway accident; bus depot; caller,CRASH,1
"Wait, yes, Please send help to Market Road. We have a bridge damage involving a sedan. The incident happened before sunrise. People are moving away. What do I do?!",market road; bridge damage; sedan,RESCUE,2
"It's, um, Help! Caller reports a heat emergency at Forest Checkpoint. There is debris. Please hurry!",heat emergency; forest checkpoint; debris,MEDICAL,2
Ahhh! Reports are coming in from Outer Ring Road about a building fire. There is blocked road.,outer ring road; blocked road; building fire,FIRE,3
Reports are coming in from Station Road about a stampede. There is fire. A construction worker is waiting.,construction worker; station road; fire,RESCUE,3
Heavy stormy weather is making the situation worse near Railway Station. There is a boat accident. The weather is stormy weather.,boat accident; stormy weather; railway station,CRASH,2
"It's, um, Reports are coming in from Highway Toll Plaza about a explosion. There is broken glass. The incident happened around noon. A pedestrian is waiting.",highway toll plaza; broken glass; pedestrian,RESCUE,4
"I... I don't know, Oh my god! I am near Main Highway and there has been a flash flood. The road is affected and I can see blocked road. Visibility is poor.",main highway; blocked road; flash flood,FLOOD,3
"I... I don't know, 911? A security guard says there is a cold exposure near Riverbank. They noticed rising water.",rising water; security guard; cold exposure,MEDICAL,1
I think there has been a severe rainfall near Old Railway Crossing. two injured people.,old railway crossing; two injured people; severe rainfall,CYCLONE,3
There's... Heavy dust storm is making the situation worse near Warehouse District. There is a crowd emergency. Traffic is building up.,crowd emergency; dust storm; warehouse district,RESCUE,3
911? Please send help to Industrial Area. We have a chemical spill involving a fuel tanker. The incident happened a few minutes ago. Visibility is poor.,industrial area; chemical spill; fuel tanker,HAZMAT,3
There's... Caller reports a power line failure at Industrial Area. There is live electrical wires. The weather is wet roads.,live electrical wires; power line failure; industrial area,HAZMAT,2
911? Caller reports a truck accident at Bus Depot. There is rising water.,truck accident; rising water; bus depot,CRASH,2
Oh my god! The caller says there is a aircraft emergency at Harbor Area.,aircraft emergency; harbor area; caller,CRASH,1
Help! I think there has been a medical emergency near Airport Junction. three injured passengers. What do I do?!,three injured passengers; airport junction; medical emergency,MEDICAL,3
The caller says there is a earthquake damage at Underpass. The weather is thunderstorm. The incident happened around midnight. What do I do?!,earthquake damage; thunderstorm; underpass,RESCUE,4
There's... 911? Heavy wet roads is making the situation worse near College Road. There is a industrial accident. Traffic is building up.,industrial accident; wet roads; college road,MEDICAL,2
Ahhh! There has been a building fire near South Flyover. I can see a SUV involved and three injured passengers.,three injured passengers; south flyover; building fire,FIRE,2
Reports are coming in from Western Expressway about a gas leak. There is toxic fumes.,gas leak; western expressway; toxic fumes,HAZMAT,3
"I... I don't know, A driver says there is a factory fire near Tunnel Entrance. They noticed debris.",tunnel entrance; factory fire; driver,FIRE,3
Caller reports a heat emergency at Eastern Bypass. There is smoke. Traffic is building up. Visibility is poor.,eastern bypass; heat emergency; smoke,MEDICAL,1
"It's, um, Please hurry! Caller reports a crowd emergency at Warehouse District. There is rising water. What do I do?!",crowd emergency; rising water; warehouse district,RESCUE,2
"Wait, yes, Please hurry! Heavy cyclonic winds is making the situation worse near Warehouse District. There is a cyclone damage. A pedestrian is waiting. The incident happened just now.",cyclone damage; cyclonic winds; warehouse district,CYCLONE,2
There's... Please hurry! A driver says there is a building fire near Warehouse District. They noticed diesel leak. People are moving away.,diesel leak; building fire; warehouse district,FIRE,2
Heavy stormy weather is making the situation worse near Industrial Gate. There is a lightning strike.,lightning strike; stormy weather; industrial gate,CYCLONE,3
Oh my god! We have a boat accident near City Center. It happened about ten minutes ago.,boat accident; city center; happened,CRASH,2
Heavy continuous rainfall is making the situation worse near Port Entrance. There is a vehicle collision. A elderly person is waiting. What do I do?!,vehicle collision; port entrance; continuous rainfall,CRASH,2
Please send help to Highway Toll Plaza. We have a landslide involving a bus. The weather is cyclonic winds. What do I do?!,highway toll plaza; cyclonic winds; bus,RESCUE,1
Help! Caller reports a building collapse at Highway Toll Plaza. There is fallen tree. People are moving away. A passenger is waiting.,highway toll plaza; fallen tree; building collapse,RESCUE,5
There has been a missing person near Coastal Road. I can see a sedan involved and multiple casualties.,missing person; multiple casualties; coastal road,RESCUE,4
"It's, um, Oh my god! There has been a warehouse fire near Airport Road. I can see a van involved and a trapped passenger. The weather is dense fog. Traffic is building up.",a trapped passenger; airport road; dense fog,FIRE,5
I am near Central Flyover and there has been a aircraft emergency. The road is affected and I can see fire.,central flyover; aircraft emergency; fire,CRASH,3
911? We have a explosion near Port Entrance. It happened a few minutes ago.,port entrance; explosion; happened,RESCUE,4
Help! A driver says there is a forest fire near Tunnel Entrance. They noticed diesel leak. Visibility is poor. What do I do?!,diesel leak; tunnel entrance; forest fire,FIRE,2
"I... I don't know, Please hurry! Heavy thunderstorm is making the situation worse near Temple Road. There is a bridge damage. Visibility is poor. Please hurry!",temple road; bridge damage; thunderstorm,RESCUE,3
Oh my god! The caller says there is a fuel leak at South Flyover. Visibility is poor. Traffic is building up.,fuel leak; south flyover; caller,HAZMAT,2
There's... Heavy heavy rain is making the situation worse near Riverbank. There is a warehouse fire. Traffic is building up. A child is waiting.,heavy rain; warehouse fire; riverbank,FIRE,3
Reports are coming in from Riverbank about a lightning strike. There is toxic fumes. Traffic is building up. Send someone now!,lightning strike; toxic fumes; riverbank,CYCLONE,2
"It's, um, Oh my god! Caller reports a storm damage at South Flyover. There is diesel leak. The weather is dense fog. The weather is dense fog.",storm damage; dense fog; diesel leak,CYCLONE,3
911? Caller reports a power line failure at Airport Junction. There is fuel leak. Traffic is building up. The incident happened during rush hour.,power line failure; airport junction; fuel leak,HAZMAT,2
A resident says there is a hazardous material incident near Market Road. They noticed fire. Please hurry!,hazardous material incident; market road; fire,HAZMAT,2
We have a cold exposure near Ring Road. It happened this afternoon. A resident is waiting. Please hurry!,ring road; cold exposure; resident,MEDICAL,1
911? A worker says there is a motorcycle accident near City Center. They noticed blocked road.,city center; blocked road; motorcycle accident,CRASH,1
There's... I am near North Underpass and there has been a electrical accident. The road is affected and I can see broken glass. Please hurry!,broken glass; electrical accident; north underpass,FIRE,2
Caller reports a earthquake damage at Bus Terminal. There is broken glass. Visibility is poor.,broken glass; earthquake damage; bus terminal,RESCUE,5
"It's, um, Ahhh! A worker says there is a wildfire near Forest Checkpoint. They noticed blocked road. The weather is strong winds.",blocked road; strong winds; forest checkpoint,FIRE,2
"Wait, yes, Oh my god! A worker says there is a cold exposure near Highway Toll Plaza. They noticed gas leak.",highway toll plaza; gas leak; cold exposure,MEDICAL,3
A elderly person says there is a drowning near Market Road. They noticed smoke. The incident happened during rush hour. Traffic is building up.,elderly person; market road; drowning,RESCUE,5
"It's, um, Help! Caller reports a vehicle collision at Bus Depot. There is fire. A pedestrian is waiting. Visibility is poor.",vehicle collision; bus depot; pedestrian,CRASH,2
Caller reports a medical emergency at Factory Road. There is unstable structure. The incident happened this afternoon.,unstable structure; factory road; medical emergency,MEDICAL,1
"I... I don't know, Please hurry! The caller says there is a earthquake damage at Highway Toll Plaza.",highway toll plaza; earthquake damage; dont,RESCUE,5
Heavy dense fog is making the situation worse near Warehouse District. There is a earthquake damage. People are moving away. Traffic is building up.,dense fog; earthquake damage; warehouse district,RESCUE,5
Oh my god! Please send help to South Flyover. We have a landslide involving a school bus.,school bus; south flyover; landslide,RESCUE,1
Please hurry! I am near Railway Station and there has been a warehouse fire. The road is affected and I can see diesel leak.,railway station; diesel leak; warehouse fire,FIRE,2
"It's, um, There has been a boat accident near Port Entrance. I can see a sedan involved and an injured child. Traffic is building up. People are moving away.",an injured child; boat accident; port entrance,CRASH,3
Ahhh! I think there has been a industrial accident near Outer Ring Road. a seriously injured driver. Traffic is building up.,a seriously injured driver; outer ring road; industrial accident,MEDICAL,2
"It's, um, There has been a wildfire near North Underpass. I can see a truck involved and one injured person. People are moving away.",one injured person; north underpass; wildfire,FIRE,2
Oh my god! A passenger says there is a dam overflow near Old Bridge. They noticed unstable structure. The weather is strong winds.,old bridge; unstable structure; strong winds,FLOOD,1
"It's, um, I am near Western Expressway and there has been a power line failure. The road is affected and I can see chemical fumes. The weather is extreme heat. Please hurry!",power line failure; extreme heat; chemical fumes,HAZMAT,1
Help! Please send help to Residential Block. We have a forest fire involving a sedan. Traffic is building up. People are moving away.,residential block; forest fire; sedan,FIRE,3
There has been a crowd emergency near City Center. I can see a car involved and multiple casualties. The weather is heavy rain. The incident happened early this morning.,city center; crowd emergency; multiple casualties,RESCUE,4
There has been a train derailment near Western Expressway. I can see a van involved and an unconscious person. Please hurry!,an unconscious person; western expressway; train derailment,CRASH,5
There's... Ahhh! A resident says there is a lightning strike near Old Railway Crossing. They noticed chemical fumes. People are moving away.,old railway crossing; lightning strike; chemical fumes,CYCLONE,2
Please hurry! We have a car rollover near Industrial Gate. It happened about ten minutes ago.,industrial gate; car rollover; please,CRASH,1
We have a fuel leak near Commercial Street. It happened a few minutes ago. The weather is stormy weather. People are moving away.,stormy weather; fuel leak; commercial street,HAZMAT,2
The caller says there is a explosion at Airport Road. Traffic is building up. People are moving away.,airport road; explosion; caller,RESCUE,4
There's... 911? Reports are coming in from Riverbank about a earthquake damage. There is smoke.,earthquake damage; riverbank; smoke,RESCUE,5
"Wait, yes, Please hurry! The caller says there is a severe rainfall at Residential Block. A shopkeeper is waiting.",severe rainfall; residential block; shopkeeper,CYCLONE,2
There's... 911? There has been a motorcycle accident near Station Road. I can see a truck involved and three injured passengers. Visibility is poor. Traffic is building up. What do I do?!,three injured passengers; motorcycle accident; station road,CRASH,2
"I... I don't know, Please hurry! I think there has been a train derailment near College Road. one injured person. A construction worker is waiting. A construction worker is waiting.",one injured person; construction worker; college road,CRASH,5
"It's, um, Heavy extreme heat is making the situation worse near Railway Yard. There is a bridge damage. Traffic is building up. What do I do?!",extreme heat; railway yard; bridge damage,RESCUE,2
Please hurry! A driver says there is a wildfire near Old Bridge. They noticed rising water. Traffic is building up. People are moving away.,old bridge; rising water; wildfire,FIRE,2
"Wait, yes, Help! There has been a truck accident near Bus Terminal. I can see a motorcycle involved and a seriously injured driver.",a seriously injured driver; truck accident; bus terminal,CRASH,2
Caller reports a earthquake damage at City Center. There is gas leak.,city center; earthquake damage; gas leak,RESCUE,4
A resident says there is a hazardous material incident near Station Road. They noticed live electrical wires. Send someone now!,live electrical wires; hazardous material incident; station road,HAZMAT,2
I am near City Center and there has been a stampede. The road is affected and I can see chemical fumes. Visibility is poor. The weather is heavy rain.,city center; heavy rain; chemical fumes,RESCUE,2
"I... I don't know, Caller reports a landslide at River Bridge. There is unstable structure. The weather is cyclonic winds. Visibility is poor.",unstable structure; river bridge; cyclonic winds,RESCUE,2
911? The caller says there is a lightning strike at Airport Road. Send someone now!,lightning strike; airport road; caller,CYCLONE,2
Help! I think there has been a medical emergency near Harbor Area. several injured people. The weather is dust storm.,several injured people; dust storm; harbor area,MEDICAL,2
Help! Heavy heavy rain is making the situation worse near Underpass. There is a power line failure. What do I do?!,power line failure; heavy rain; underpass,HAZMAT,2
"Wait, yes, Oh my god! We have a earthquake damage near Harbor Area. It happened around midnight. The incident happened around midnight. What do I do?!",earthquake damage; harbor area; wait,RESCUE,5
"It's, um, There has been a cyclone damage near Airport Junction. I can see a SUV involved and several injured people.",several injured people; airport junction; cyclone damage,CYCLONE,3
There's... Oh my god! Please send help to Warehouse District. We have a road blockage involving a bus. Please hurry!,road blockage; warehouse district; bus,RESCUE,1
Oh my god! Reports are coming in from Airport Junction about a missing person. There is gas leak. The weather is thunderstorm. Traffic is building up.,airport junction; missing person; gas leak,RESCUE,2
Ahhh! A construction worker says there is a explosion near Outer Ring Road. They noticed fire. Traffic is building up. Please hurry!,outer ring road; construction worker; explosion,RESCUE,4
Caller reports a fallen tree at Factory Road. There is fire.,fallen tree; factory road; fire,RESCUE,3
"I... I don't know, Oh my god! The caller says there is a missing person at South Flyover. Visibility is poor. The weather is cold weather. Send someone now!",cold weather; missing person; south flyover,RESCUE,2
911? We have a car rollover near City Hospital. It happened during rush hour. The incident happened during rush hour.,city hospital; car rollover; happened,CRASH,1
Ahhh! We have a power line failure near Bus Terminal. It happened around noon. Please hurry!,power line failure; bus terminal; ahhh,HAZMAT,2
"I... I don't know, Ahhh! I think there has been a cyclone damage near Eastern Bypass. two injured people. Traffic is building up. Visibility is poor. Please hurry!",two injured people; cyclone damage; eastern bypass,CYCLONE,2
"It's, um, Help! Please send help to Riverbank. We have a gas leak involving a ambulance.",gas leak; riverbank; ambulance,HAZMAT,2
911? We have a bridge damage near Forest Checkpoint. It happened just now. Visibility is poor. Traffic is building up. What do I do?!,bridge damage; forest checkpoint; happened,RESCUE,1
Reports are coming in from City Center about a train derailment. There is unstable structure. Visibility is poor.,city center; unstable structure; train derailment,CRASH,4
Caller reports a drowning at City Hospital. There is fallen tree. Visibility is poor.,city hospital; fallen tree; drowning,RESCUE,4
"I... I don't know, We have a lightning strike near Port Entrance. It happened about half an hour ago.",lightning strike; port entrance; dont,CYCLONE,2
There has been a explosion near Temple Road. I can see a delivery vehicle involved and a seriously injured driver. Send someone now!,a seriously injured driver; temple road; delivery vehicle,RESCUE,4
Please hurry! I am near North Underpass and there has been a dam overflow. The road is affected and I can see gas leak.,north underpass; gas leak; dam overflow,FLOOD,2
Help! Caller reports a industrial accident at Market Road. There is unstable structure. A construction worker is waiting.,construction worker; unstable structure; industrial accident,MEDICAL,2
Please hurry! Caller reports a forest fire at Outer Ring Road. There is debris. People are moving away. Send someone now!,outer ring road; forest fire; debris,FIRE,3
"It's, um, Help! Caller reports a chemical spill at Main Highway. There is live electrical wires. People are moving away. Send someone now!",live electrical wires; main highway; chemical spill,HAZMAT,3
"Wait, yes, Oh my god! Heavy wet roads is making the situation worse near Shopping District. There is a warehouse fire. The weather is wet roads. Send someone now!",wet roads; warehouse fire; shopping district,FIRE,3
"I... I don't know, Reports are coming in from Ring Road about a bridge damage. There is broken glass. People are moving away. The incident happened just now. What do I do?!",ring road; broken glass; bridge damage,RESCUE,2
Ahhh! Caller reports a severe rainfall at Highway Toll Plaza. There is broken glass. People are moving away. The weather is wet roads. Please hurry!,highway toll plaza; broken glass; severe rainfall,CYCLONE,2
There's... Ahhh! Reports are coming in from Railway Station about a severe rainfall. There is fire.,severe rainfall; railway station; fire,CYCLONE,3
"Wait, yes, A child says there is a truck accident near River Bridge. They noticed diesel leak. The weather is lightning. Send someone now!",truck accident; diesel leak; river bridge,CRASH,3
There's... The caller says there is a crowd emergency at Harbor Area. The incident happened about ten minutes ago. The weather is cyclonic winds. What do I do?!,crowd emergency; cyclonic winds; harbor area,RESCUE,2
There's... I think there has been a road blockage near Central Market. two injured people. People are moving away.,two injured people; road blockage; central market,RESCUE,3
"Wait, yes, I think there has been a power line failure near Bus Terminal. several injured people. Visibility is poor. Traffic is building up.",several injured people; power line failure; bus terminal,HAZMAT,2
"It's, um, 911? We have a boat accident near Main Highway. It happened about half an hour ago.",main highway; boat accident; happened,CRASH,1
Help! We have a forest fire near Outer Ring Road. It happened before sunrise. People are moving away. A security guard is waiting. What do I do?!,outer ring road; security guard; forest fire,FIRE,3
Help! I am near Industrial Gate and there has been a medical emergency. The road is affected and I can see fallen tree.,fallen tree; industrial gate; medical emergency,MEDICAL,1
Help! Reports are coming in from Residential Block about a forest fire. There is unstable structure. Please hurry!,unstable structure; residential block; forest fire,FIRE,3
Ahhh! The caller says there is a motorcycle accident at Harbor Area.,motorcycle accident; harbor area; ahhh,CRASH,1
Oh my god! A child says there is a severe rainfall near Airport Junction. They noticed broken glass. Send someone now!,broken glass; airport junction; severe rainfall,CYCLONE,2
"It's, um, Ahhh! We have a bridge damage near Airport Road. It happened just now. The incident happened just now. Visibility is poor.",airport road; bridge damage; ahhh,RESCUE,2
We have a industrial accident near Forest Checkpoint. It happened early this morning. Traffic is building up. What do I do?!,industrial accident; forest checkpoint; happened,MEDICAL,1
"Wait, yes, Please hurry! A driver says there is a warehouse fire near Airport Road. They noticed rising water.",airport road; rising water; warehouse fire,FIRE,2
Help! There has been a road blockage near North Underpass. I can see a sedan involved and a trapped passenger.,a trapped passenger; north underpass; road blockage,RESCUE,5
There's... Please hurry! The caller says there is a lightning strike at North Underpass.,lightning strike; north underpass; theres,CYCLONE,1
Help! Reports are coming in from Market Road about a fallen tree. There is unstable structure. Visibility is poor. Please hurry!,fallen tree; unstable structure; market road,RESCUE,2
"Wait, yes, Heavy extreme heat is making the situation worse near Ring Road. There is a aircraft emergency. Please hurry!",ring road; extreme heat; aircraft emergency,CRASH,2
"I... I don't know, There has been a chemical spill near Market Road. I can see a bus involved and two injured people. Send someone now!",two injured people; chemical spill; market road,HAZMAT,2
"I... I don't know, I think there has been a motorcycle accident near Dam Road. two injured people. The incident happened a few minutes ago. The incident happened a few minutes ago.",two injured people; motorcycle accident; dam road,CRASH,3
There has been a truck accident near Industrial Gate. I can see a car involved and two injured people. A passenger is waiting. Traffic is building up.,two injured people; industrial gate; truck accident,CRASH,3
"It's, um, Help! We have a bridge damage near City Center. It happened about ten minutes ago. People are moving away.",city center; bridge damage; help,RESCUE,2
There's... Oh my god! Reports are coming in from Industrial Area about a missing person. There is rising water.,industrial area; missing person; rising water,RESCUE,1
"Wait, yes, 911? The caller says there is a car rollover at Old Railway Crossing.",old railway crossing; car rollover; wait,CRASH,1
"It's, um, Help! Reports are coming in from Port Entrance about a flash flood. There is toxic fumes.",port entrance; flash flood; toxic fumes,FLOOD,2
"Wait, yes, Oh my god! Caller reports a train derailment at Shopping District. There is toxic fumes. The incident happened late last night. What do I do?!",shopping district; train derailment; toxic fumes,CRASH,5
Heavy dense fog is making the situation worse near Railway Station. There is a building collapse. People are moving away. Send someone now!,railway station; building collapse; dense fog,RESCUE,4
There's... A child says there is a earthquake damage near Warehouse District. They noticed unstable structure. Visibility is poor.,earthquake damage; unstable structure; warehouse district,RESCUE,5
Caller reports a medical emergency at Coastal Road. There is oil spill.,oil spill; coastal road; medical emergency,MEDICAL,3
"Wait, yes, Please hurry! Heavy stormy weather is making the situation worse near Industrial Gate. There is a urban flooding. Traffic is building up. A security guard is waiting. Send someone now!",stormy weather; industrial gate; security guard,FLOOD,2
"I... I don't know, Please hurry! A shopkeeper says there is a warehouse fire near Ring Road. They noticed broken glass. What do I do?!",ring road; broken glass; warehouse fire,FIRE,2
Caller reports a car rollover at Station Road. There is smoke. A construction worker is waiting. People are moving away.,construction worker; station road; car rollover,CRASH,1
"Wait, yes, Help! There has been a urban flooding near Old Railway Crossing. I can see a sedan involved and one injured person. Traffic is building up. The weather is heavy rain. Please hurry!",one injured person; old railway crossing; urban flooding,FLOOD,2
Please hurry! We have a medical emergency near Market Road. It happened early this morning. The weather is strong winds. The incident happened early this morning.,strong winds; market road; medical emergency,MEDICAL,1
Please hurry! A shopkeeper says there is a warehouse fire near Industrial Area. They noticed fallen tree. Visibility is poor.,industrial area; fallen tree; warehouse fire,FIRE,3
Reports are coming in from City Center about a urban flooding. There is fire. Send someone now!,city center; urban flooding; fire,FLOOD,3
911? A child says there is a flash flood near Outer Ring Road. They noticed gas leak.,outer ring road; gas leak; flash flood,FLOOD,2
Caller reports a warehouse fire at Station Road. There is rising water. A passenger is waiting.,rising water; warehouse fire; station road,FIRE,3
I am near Residential Block and there has been a urban flooding. The road is affected and I can see broken glass.,broken glass; urban flooding; residential block,FLOOD,2
"I... I don't know, 911? We have a explosion near College Road. It happened during rush hour. The weather is thunderstorm. A security guard is waiting.",security guard; college road; thunderstorm,RESCUE,5
"Wait, yes, Caller reports a building collapse at Ring Road. There is smoke. A security guard is waiting. The weather is extreme heat.",ring road; extreme heat; building collapse,RESCUE,5
Reports are coming in from Residential Block about a industrial accident. There is fuel leak. Visibility is poor. Please hurry!,fuel leak; industrial accident; residential block,MEDICAL,2
There's... 911? The caller says there is a earthquake damage at Highway Toll Plaza.,highway toll plaza; earthquake damage; theres,RESCUE,4
"Wait, yes, I think there has been a railway accident near Old Railway Crossing. a trapped passenger. Please hurry!",a trapped passenger; old railway crossing; railway accident,CRASH,4
Please hurry! We have a vehicle collision near Forest Checkpoint. It happened a few minutes ago. Traffic is building up. The incident happened a few minutes ago. Please hurry!,vehicle collision; forest checkpoint; please,CRASH,2
I think there has been a flash flood near Western Expressway. people with minor injuries.,people with minor injuries; western expressway; flash flood,FLOOD,3
Help! I am near River Bridge and there has been a power line failure. The road is affected and I can see chemical fumes. Traffic is building up. A cyclist is waiting. Send someone now!,power line failure; river bridge; chemical fumes,HAZMAT,1
911? There has been a stampede near Residential Block. I can see a delivery vehicle involved and people with minor injuries.,people with minor injuries; residential block; delivery vehicle,RESCUE,1
"It's, um, Please hurry! A pedestrian says there is a storm damage near Eastern Bypass. They noticed chemical fumes. A pedestrian is waiting. Traffic is building up. Send someone now!",storm damage; chemical fumes; eastern bypass,CYCLONE,3
A construction worker says there is a train derailment near North Underpass. They noticed fuel leak. The weather is cyclonic winds.,north underpass; construction worker; fuel leak,CRASH,4
Please hurry! Reports are coming in from Underpass about a factory fire. There is gas leak. Traffic is building up. Send someone now!,gas leak; factory fire; underpass,FIRE,2
"I... I don't know, Please hurry! We have a dam overflow near Railway Yard. It happened late last night. Visibility is poor. Send someone now!",railway yard; dam overflow; dont,FLOOD,2
"Wait, yes, Please send help to Port Entrance. We have a power line failure involving a fuel tanker. The weather is strong winds. The incident happened about ten minutes ago.",power line failure; port entrance; strong winds,HAZMAT,1
"Wait, yes, The caller says there is a train derailment at Riverbank. Traffic is building up.",train derailment; riverbank; wait,CRASH,4
"Wait, yes, Help! We have a flash flood near Eastern Bypass. It happened about ten minutes ago. Visibility is poor. What do I do?!",eastern bypass; flash flood; wait,FLOOD,2
Ahhh! Caller reports a factory fire at Harbor Area. There is gas leak.,gas leak; factory fire; harbor area,FIRE,2
I think there has been a wildfire near College Road. a seriously injured driver. The incident happened around noon. A shopkeeper is waiting.,a seriously injured driver; college road; wildfire,FIRE,3
"I... I don't know, The caller says there is a forest fire at Railway Station. Send someone now!",railway station; forest fire; dont,FIRE,3
Please hurry! Caller reports a earthquake damage at Tunnel Entrance. There is rising water. The incident happened about half an hour ago. People are moving away.,rising water; earthquake damage; tunnel entrance,RESCUE,5
"Wait, yes, Please hurry! A passenger says there is a cyclone damage near Dam Road. They noticed toxic fumes. Visibility is poor. Visibility is poor.",cyclone damage; dam road; toxic fumes,CYCLONE,1
"Wait, yes, Please hurry! A construction worker says there is a cold exposure near Riverbank. They noticed smoke. Traffic is building up. Traffic is building up.",construction worker; cold exposure; riverbank,MEDICAL,1
Ahhh! A pedestrian says there is a road blockage near Riverbank. They noticed toxic fumes. The incident happened about ten minutes ago. The incident happened about ten minutes ago.,road blockage; toxic fumes; riverbank,RESCUE,2
911? There has been a earthquake damage near Dam Road. I can see a car involved and several injured people. What do I do?!,several injured people; earthquake damage; dam road,RESCUE,5
There's... Caller reports a boat accident at Forest Checkpoint. There is fuel leak. People are moving away. Please hurry!,boat accident; fuel leak; forest checkpoint,CRASH,3
There has been a missing person near North Underpass. I can see a motorcycle involved and multiple casualties. Please hurry!,north underpass; missing person; multiple casualties,RESCUE,4
Caller reports a factory fire at Dam Road. There is gas leak. The incident happened late last night. Visibility is poor.,gas leak; factory fire; dam road,FIRE,3
I am near Riverbank and there has been a factory fire. The road is affected and I can see gas leak. The weather is cold weather.,cold weather; gas leak; factory fire,FIRE,2
Ahhh! A passenger says there is a industrial accident near Airport Road. They noticed chemical fumes. Traffic is building up. The incident happened around noon.,airport road; industrial accident; chemical fumes,MEDICAL,1
There's... Caller reports a motorcycle accident at Highway Toll Plaza. There is gas leak. A construction worker is waiting. The incident happened around noon.,highway toll plaza; construction worker; gas leak,CRASH,3
The caller says there is a aircraft emergency at Factory Road. The incident happened just now. A child is waiting.,aircraft emergency; factory road; child,CRASH,1
Oh my god! A security guard says there is a road blockage near South Flyover. They noticed fuel leak. The incident happened about ten minutes ago.,road blockage; fuel leak; security guard,RESCUE,2
"I... I don't know, Oh my god! Reports are coming in from Bus Depot about a motorcycle accident. There is smoke. People are moving away.",motorcycle accident; bus depot; smoke,CRASH,1
Please hurry! Caller reports a aircraft emergency at Central Market. There is gas leak. A passenger is waiting. A passenger is waiting. Send someone now!,gas leak; aircraft emergency; central market,CRASH,3
I am near Dam Road and there has been a bus crash. The road is affected and I can see gas leak. A cyclist is waiting.,bus crash; gas leak; dam road,CRASH,3
Heavy strong winds is making the situation worse near Warehouse District. There is a boat accident. Send someone now!,boat accident; strong winds; warehouse district,CRASH,2
Ahhh! We have a cyclone damage near City Hospital. It happened around midnight. A shopkeeper is waiting.,city hospital; cyclone damage; shopkeeper,CYCLONE,2
"Wait, yes, Help! Heavy lightning is making the situation worse near Tunnel Entrance. There is a stampede. The weather is lightning.",tunnel entrance; lightning; stampede,RESCUE,2
A construction worker says there is a warehouse fire near Bus Terminal. They noticed broken glass. Visibility is poor. Please hurry!,broken glass; construction worker; bus terminal,FIRE,3
"Wait, yes, There has been a road blockage near Old Railway Crossing. I can see a tanker involved and one injured person. People are moving away. Please hurry!",one injured person; old railway crossing; road blockage,RESCUE,2
Oh my god! I am near Bus Depot and there has been a chemical spill. The road is affected and I can see toxic fumes. People are moving away.,chemical spill; bus depot; toxic fumes,HAZMAT,2
Please hurry! Reports are coming in from Forest Checkpoint about a landslide. There is fire. Please hurry!,forest checkpoint; fire; landslide,RESCUE,3
Oh my god! A passenger says there is a landslide near City Hospital. They noticed rising water. Traffic is building up. The weather is extreme heat.,extreme heat; city hospital; rising water,RESCUE,1
"I... I don't know, Oh my god! I think there has been a bridge damage near City Hospital. an unconscious person.",an unconscious person; city hospital; bridge damage,RESCUE,5
"It's, um, 911? We have a train derailment near Western Expressway. It happened just now. Traffic is building up. Traffic is building up.",western expressway; train derailment; happened,CRASH,5
Oh my god! We have a boat accident near Station Road. It happened around noon. People are moving away. What do I do?!,boat accident; station road; happened,CRASH,1
"It's, um, I am near Riverbank and there has been a wildfire. The road is affected and I can see fire. The incident happened just now.",wildfire; riverbank; road,FIRE,3
I think there has been a hazardous material incident near Station Road. one injured person. A resident is waiting. What do I do?!,one injured person; hazardous material incident; station road,HAZMAT,2
Reports are coming in from Temple Road about a bus crash. There is broken glass. Please hurry!,broken glass; bus crash; temple road,CRASH,3
"It's, um, 911? I think there has been a stampede near Forest Checkpoint. an unconscious person. The weather is dense fog.",an unconscious person; dense fog; forest checkpoint,RESCUE,5
There's... We have a fallen tree near City Hospital. It happened around noon.,city hospital; fallen tree; theres,RESCUE,2
"Wait, yes, Oh my god! Heavy stormy weather is making the situation worse near Port Entrance. There is a missing person.",stormy weather; missing person; port entrance,RESCUE,3
"It's, um, Ahhh! A elderly person says there is a power line failure near Station Road. They noticed unstable structure. Visibility is poor. Send someone now!",power line failure; unstable structure; elderly person,HAZMAT,1
Caller reports a landslide at River Bridge. There is oil spill. Visibility is poor. What do I do?!,oil spill; river bridge; landslide,RESCUE,3
Oh my god! Heavy thunderstorm is making the situation worse near Ring Road. There is a boat accident. The incident happened early this morning. Traffic is building up.,ring road; boat accident; thunderstorm,CRASH,3
I am near Station Road and there has been a missing person. The road is affected and I can see rising water. Please hurry!,missing person; rising water; station road,RESCUE,2
There's... Ahhh! The caller says there is a factory fire at City Hospital.,city hospital; factory fire; theres,FIRE,2
The caller says there is a lightning strike at Commercial Street.,lightning strike; commercial street; caller,CYCLONE,1
There's... We have a earthquake damage near Airport Road. It happened around noon. Visibility is poor. Send someone now!,airport road; earthquake damage; theres,RESCUE,5
The caller says there is a bridge damage at Highway Toll Plaza. Visibility is poor.,highway toll plaza; bridge damage; caller,RESCUE,2
Please hurry! We have a boat accident near Main Highway. It happened just now. The weather is cold weather.,main highway; boat accident; cold weather,CRASH,1
911? We have a wildfire near Central Market. It happened around midnight. Please hurry!,central market; wildfire; happened,FIRE,3
"It's, um, I think there has been a earthquake damage near South Flyover. a trapped passenger.",a trapped passenger; earthquake damage; south flyover,RESCUE,4
"It's, um, Ahhh! Please send help to City Center. We have a earthquake damage involving a SUV.",city center; earthquake damage; suv,RESCUE,4
Oh my god! Caller reports a fallen tree at City Center. There is smoke. What do I do?!,city center; fallen tree; smoke,RESCUE,1
We have a road blockage near Main Highway. It happened before sunrise. The incident happened before sunrise. Visibility is poor.,main highway; road blockage; happened,RESCUE,2
911? Reports are coming in from Warehouse District about a train derailment. There is fire. Traffic is building up. The weather is poor visibility. Please hurry!,poor visibility; train derailment; warehouse district,CRASH,4
A elderly person says there is a car rollover near Station Road. They noticed unstable structure. The weather is stormy weather. A elderly person is waiting. Send someone now!,stormy weather; unstable structure; elderly person,CRASH,2
Ahhh! There has been a urban flooding near Railway Yard. I can see a motorcycle involved and one injured person. What do I do?!,one injured person; railway yard; urban flooding,FLOOD,3
Please hurry! Caller reports a landslide at Dam Road. There is chemical fumes.,chemical fumes; dam road; landslide,RESCUE,1
"I... I don't know, Heavy wet roads is making the situation worse near Underpass. There is a aircraft emergency. Traffic is building up. The incident happened around noon. What do I do?!",wet roads; aircraft emergency; underpass,CRASH,2
A resident says there is a drowning near Industrial Area. They noticed toxic fumes. Traffic is building up. A resident is waiting. Send someone now!,industrial area; toxic fumes; drowning,RESCUE,5
I am near Industrial Area and there has been a flash flood. The road is affected and I can see debris. A worker is waiting. The incident happened about ten minutes ago.,industrial area; flash flood; debris,FLOOD,2
"Wait, yes, Help! There has been a earthquake damage near Coastal Road. I can see a SUV involved and people with minor injuries. A cyclist is waiting. The incident happened around noon. Send someone now!",people with minor injuries; earthquake damage; coastal road,RESCUE,4
"I... I don't know, A child says there is a cyclone damage near Bus Depot. They noticed fallen tree. A child is waiting. A child is waiting.",fallen tree; cyclone damage; bus depot,CYCLONE,1
"I... I don't know, 911? The caller says there is a heat emergency at Bus Depot.",bus depot; heat emergency; dont,MEDICAL,2
The caller says there is a railway accident at Port Entrance. Please hurry!,railway accident; port entrance; caller,CRASH,2
A child says there is a severe rainfall near Highway Toll Plaza. They noticed rising water.,highway toll plaza; severe rainfall; rising water,CYCLONE,1
Ahhh! Heavy dust storm is making the situation worse near Warehouse District. There is a dam overflow. Send someone now!,dust storm; dam overflow; warehouse district,FLOOD,2
The caller says there is a fallen tree at Residential Block. Visibility is poor. The weather is strong winds.,fallen tree; strong winds; residential block,RESCUE,1
Oh my god! The caller says there is a flash flood at Underpass. People are moving away. Please hurry!,flash flood; underpass; caller,FLOOD,3
We have a electrical accident near Temple Road. It happened around midnight. A construction worker is waiting.,electrical accident; construction worker; temple road,FIRE,1
"I... I don't know, Please hurry! I think there has been a severe rainfall near City Center. a seriously injured driver. Traffic is building up.",a seriously injured driver; city center; severe rainfall,CYCLONE,3
There's... Please hurry! We have a motorcycle accident near Forest Checkpoint. It happened early this morning.,motorcycle accident; forest checkpoint; theres,CRASH,2
"Wait, yes, Heavy stormy weather is making the situation worse near Bus Terminal. There is a boat accident. A cyclist is waiting.",boat accident; stormy weather; bus terminal,CRASH,3
Help! Please send help to Main Highway. We have a crowd emergency involving a van. People are moving away.,main highway; crowd emergency; van,RESCUE,2
"I... I don't know, There has been a vehicle collision near Old Bridge. I can see a van involved and multiple casualties.",old bridge; vehicle collision; multiple casualties,CRASH,5
Reports are coming in from North Underpass about a building collapse. There is oil spill.,north underpass; building collapse; oil spill,RESCUE,4
Help! Reports are coming in from South Flyover about a power line failure. There is blocked road. Traffic is building up. Visibility is poor. Please hurry!,power line failure; blocked road; south flyover,HAZMAT,1
"It's, um, The caller says there is a truck accident at Industrial Area. A shopkeeper is waiting. Send someone now!",industrial area; truck accident; shopkeeper,CRASH,2
We have a bridge damage near Factory Road. It happened early this morning.,bridge damage; factory road; happened,RESCUE,1
Caller reports a road blockage at Bus Terminal. There is live electrical wires. Visibility is poor. The weather is strong winds. What do I do?!,live electrical wires; road blockage; strong winds,RESCUE,2
A passenger says there is a gas leak near Dam Road. They noticed chemical fumes. Visibility is poor. Please hurry!,gas leak; chemical fumes; dam road,HAZMAT,3
Ahhh! Reports are coming in from North Underpass about a electrical accident. There is gas leak. The weather is cyclonic winds. Visibility is poor.,electrical accident; north underpass; gas leak,FIRE,2
There's... Heavy cold weather is making the situation worse near Forest Checkpoint. There is a electrical accident. People are moving away. A passenger is waiting.,electrical accident; cold weather; forest checkpoint,FIRE,1
Caller reports a industrial accident at Main Highway. There is fuel leak. A elderly person is waiting. The incident happened around noon. Send someone now!,main highway; fuel leak; elderly person,MEDICAL,2
There's... Caller reports a severe rainfall at Commercial Street. There is unstable structure. The incident happened early this morning.,severe rainfall; unstable structure; commercial street,CYCLONE,2
We have a chemical spill near Central Flyover. It happened during rush hour. People are moving away. People are moving away.,central flyover; chemical spill; happened,HAZMAT,3
The caller says there is a car rollover at Ring Road. Traffic is building up. People are moving away. Please hurry!,ring road; car rollover; caller,CRASH,2
There's... Reports are coming in from Riverbank about a missing person. There is toxic fumes. The incident happened before sunrise. A pedestrian is waiting.,missing person; toxic fumes; riverbank,RESCUE,1
"It's, um, We have a cyclone damage near Coastal Road. It happened before sunrise. What do I do?!",cyclone damage; coastal road; happened,CYCLONE,1
There's... Help! The caller says there is a vehicle collision at Western Expressway. A driver is waiting. The weather is dense fog.,vehicle collision; dense fog; western expressway,CRASH,2
There's... Please send help to Temple Road. We have a building collapse involving a school bus. What do I do?!,school bus; building collapse; temple road,RESCUE,5
Heavy lightning is making the situation worse near Ring Road. There is a lightning strike. What do I do?!,ring road; lightning strike; heavy,CYCLONE,1
There's... Help! The caller says there is a landslide at Riverbank. Visibility is poor. The weather is continuous rainfall. Send someone now!,continuous rainfall; riverbank; landslide,RESCUE,2
A security guard says there is a storm damage near Bus Depot. They noticed toxic fumes. Traffic is building up. Send someone now!,storm damage; security guard; bus depot,CYCLONE,3
Please hurry! A shopkeeper says there is a warehouse fire near Bus Terminal. They noticed rising water. Visibility is poor. The incident happened about ten minutes ago.,rising water; bus terminal; warehouse fire,FIRE,2
Reports are coming in from Old Bridge about a fallen tree. There is unstable structure. The weather is strong winds. The weather is strong winds. Please hurry!,fallen tree; old bridge; unstable structure,RESCUE,2
"I... I don't know, Help! There has been a chemical spill near Shopping District. I can see a fuel tanker involved and an unconscious person. The incident happened late last night.",an unconscious person; chemical spill; fuel tanker,HAZMAT,4
There has been a train derailment near Market Road. I can see a train involved and an injured child. People are moving away. The weather is stormy weather. Please hurry!,an injured child; stormy weather; market road,CRASH,4
Oh my god! Please send help to River Bridge. We have a severe rainfall involving a school bus.,school bus; severe rainfall; river bridge,CYCLONE,2
Oh my god! I am near Residential Block and there has been a cyclone damage. The road is affected and I can see smoke. A pedestrian is waiting. The incident happened around midnight.,cyclone damage; residential block; pedestrian,CYCLONE,1
Reports are coming in from Temple Road about a storm damage. There is oil spill.,storm damage; oil spill; temple road,CYCLONE,3
Oh my god! Please send help to Eastern Bypass. We have a cold exposure involving a school bus. What do I do?!,school bus; cold exposure; eastern bypass,MEDICAL,2
There's... Oh my god! Caller reports a explosion at Railway Yard. There is gas leak. The incident happened about half an hour ago. Visibility is poor. What do I do?!,railway yard; gas leak; explosion,RESCUE,4
"I... I don't know, 911? Heavy continuous rainfall is making the situation worse near Airport Road. There is a earthquake damage.",airport road; earthquake damage; continuous rainfall,RESCUE,5
"It's, um, Oh my god! Please send help to Bus Depot. We have a train derailment involving a van. A resident is waiting. What do I do?!",bus depot; train derailment; van,CRASH,5
"It's, um, Reports are coming in from Industrial Area about a drowning. There is unstable structure.",industrial area; unstable structure; drowning,RESCUE,5
We have a stampede near Dam Road. It happened around noon. Visibility is poor.,dam road; stampede; happened,RESCUE,1
A construction worker says there is a railway accident near River Bridge. They noticed fallen tree. The weather is poor visibility.,railway accident; fallen tree; construction worker,CRASH,2
Help! There has been a road blockage near Forest Checkpoint. I can see a van involved and two injured people. The incident happened before sunrise. A pedestrian is waiting.,two injured people; road blockage; forest checkpoint,RESCUE,2
Heavy continuous rainfall is making the situation worse near Outer Ring Road. There is a chemical spill. The incident happened this afternoon.,outer ring road; continuous rainfall; chemical spill,HAZMAT,2
Ahhh! Heavy continuous rainfall is making the situation worse near Old Railway Crossing. There is a storm damage. The incident happened during rush hour.,old railway crossing; storm damage; continuous rainfall,CYCLONE,2
Reports are coming in from Old Bridge about a wildfire. There is fallen tree. The weather is poor visibility. People are moving away.,fallen tree; old bridge; poor visibility,FIRE,2
Help! I am near South Flyover and there has been a earthquake damage. The road is affected and I can see fuel leak.,earthquake damage; fuel leak; south flyover,RESCUE,4
Please send help to Bus Terminal. We have a motorcycle accident involving a container truck. Traffic is building up. Please hurry!,container truck; motorcycle accident; bus terminal,CRASH,2
"Wait, yes, Reports are coming in from Warehouse District about a medical emergency. There is toxic fumes. Traffic is building up. The incident happened about ten minutes ago. Please hurry!",warehouse district; medical emergency; toxic fumes,MEDICAL,2
There has been a evacuation near College Road. I can see a fuel tanker involved and an injured child. Traffic is building up. Traffic is building up. Send someone now!,an injured child; college road; fuel tanker,RESCUE,2
"Wait, yes, The caller says there is a cyclone damage at Station Road. Please hurry!",cyclone damage; station road; wait,CYCLONE,2
There's... Please hurry! Please send help to Airport Junction. We have a heat emergency involving a delivery vehicle. Send someone now!,airport junction; delivery vehicle; heat emergency,MEDICAL,2
A shopkeeper says there is a lightning strike near Industrial Gate. They noticed oil spill.,lightning strike; industrial gate; oil spill,CYCLONE,3
"I... I don't know, 911? I think there has been a earthquake damage near Western Expressway. people with minor injuries.",people with minor injuries; earthquake damage; western expressway,RESCUE,5
"Wait, yes, I think there has been a flash flood near River Bridge. one injured person. The weather is cyclonic winds. Please hurry!",one injured person; river bridge; cyclonic winds,FLOOD,3
There's... Help! A shopkeeper says there is a building fire near Old Railway Crossing. They noticed oil spill. Please hurry!,old railway crossing; oil spill; building fire,FIRE,3
I think there has been a building collapse near Western Expressway. people with minor injuries. People are moving away.,people with minor injuries; building collapse; western expressway,RESCUE,5
Ahhh! A security guard says there is a road blockage near Outer Ring Road. They noticed fire. People are moving away. Send someone now!,outer ring road; road blockage; security guard,RESCUE,3
Please hurry! A security guard says there is a dam overflow near Airport Junction. They noticed gas leak.,airport junction; security guard; gas leak,FLOOD,2
"I... I don't know, 911? I am near Station Road and there has been a heat emergency. The road is affected and I can see unstable structure.",unstable structure; station road; heat emergency,MEDICAL,2
"I... I don't know, Heavy stormy weather is making the situation worse near Forest Checkpoint. There is a medical emergency. Traffic is building up. The weather is stormy weather.",stormy weather; medical emergency; forest checkpoint,MEDICAL,3
911? Heavy poor visibility is making the situation worse near Railway Yard. There is a cold exposure. Traffic is building up. What do I do?!,railway yard; poor visibility; cold exposure,MEDICAL,2
There's... I am near College Road and there has been a crowd emergency. The road is affected and I can see toxic fumes. A security guard is waiting. Traffic is building up.,crowd emergency; security guard; college road,RESCUE,2
Oh my god! I think there has been a chemical spill near Eastern Bypass. people with minor injuries. A security guard is waiting. Send someone now!,people with minor injuries; security guard; chemical spill,HAZMAT,3
There's... 911? Reports are coming in from Coastal Road about a fallen tree. There is oil spill. The weather is strong winds.,fallen tree; oil spill; strong winds,RESCUE,3
"Wait, yes, We have a stampede near Old Railway Crossing. It happened about ten minutes ago. Please hurry!",old railway crossing; stampede; wait,RESCUE,2
I think there has been a building collapse near Underpass. a seriously injured driver.,a seriously injured driver; building collapse; underpass,RESCUE,5
There has been a wildfire near Harbor Area. I can see a container truck involved and several injured people. The weather is continuous rainfall.,several injured people; container truck; continuous rainfall,FIRE,3
Help! There has been a wildfire near Ring Road. I can see a bus involved and several injured people. Traffic is building up. The weather is dense fog.,several injured people; ring road; dense fog,FIRE,3
Caller reports a explosion at College Road. There is broken glass. What do I do?!,broken glass; college road; explosion,RESCUE,5
Oh my god! Heavy dust storm is making the situation worse near City Center. There is a bridge damage. The weather is dust storm. What do I do?!,city center; dust storm; bridge damage,RESCUE,2
Oh my god! A worker says there is a vehicle collision near Outer Ring Road. They noticed gas leak. The weather is lightning.,outer ring road; vehicle collision; gas leak,CRASH,2
"Wait, yes, The caller says there is a vehicle collision at Temple Road. The incident happened about half an hour ago. People are moving away. Send someone now!",vehicle collision; temple road; wait,CRASH,1
"Wait, yes, A cyclist says there is a severe rainfall near Central Flyover. They noticed fire. Please hurry!",severe rainfall; central flyover; cyclist,CYCLONE,3
Ahhh! There has been a storm damage near Tunnel Entrance. I can see a car involved and multiple casualties.,storm damage; multiple casualties; tunnel entrance,CYCLONE,5
I think there has been a industrial accident near Port Entrance. people with minor injuries.,people with minor injuries; port entrance; industrial accident,MEDICAL,1
There's... Ahhh! I am near Tunnel Entrance and there has been a industrial accident. The road is affected and I can see fuel leak.,fuel leak; industrial accident; tunnel entrance,MEDICAL,2
There's... There has been a hazardous material incident near Factory Road. I can see a motorcycle involved and one injured person. A shopkeeper is waiting. Traffic is building up.,one injured person; hazardous material incident; factory road,HAZMAT,2
"I... I don't know, I am near Outer Ring Road and there has been a railway accident. The road is affected and I can see toxic fumes. People are moving away. Please hurry!",outer ring road; railway accident; toxic fumes,CRASH,2
There's... 911? The caller says there is a gas leak at Main Highway.,main highway; gas leak; theres,HAZMAT,3
Oh my god! Reports are coming in from Temple Road about a train derailment. There is oil spill. The incident happened about half an hour ago.,oil spill; temple road; train derailment,CRASH,5
Oh my god! Heavy poor visibility is making the situation worse near Old Railway Crossing. There is a train derailment. The incident happened before sunrise. Please hurry!,old railway crossing; poor visibility; train derailment,CRASH,5
I am near Airport Road and there has been a missing person. The road is affected and I can see fire. A passenger is waiting. A passenger is waiting.,airport road; missing person; fire,RESCUE,3
I think there has been a medical emergency near Harbor Area. one injured person. The weather is cold weather. A passenger is waiting. Send someone now!,one injured person; cold weather; harbor area,MEDICAL,2
911? Heavy wet roads is making the situation worse near Tunnel Entrance. There is a road blockage. Traffic is building up. The weather is wet roads.,road blockage; wet roads; tunnel entrance,RESCUE,1
"Wait, yes, Please send help to Main Highway. We have a car rollover involving a tanker. People are moving away. A elderly person is waiting.",main highway; elderly person; car rollover,CRASH,2
I am near Port Entrance and there has been a crowd emergency. The road is affected and I can see fuel leak. The weather is cyclonic winds.,crowd emergency; port entrance; fuel leak,RESCUE,3
The caller says there is a medical emergency at Market Road.,market road; medical emergency; caller,MEDICAL,2
Heavy dense fog is making the situation worse near Industrial Gate. There is a building collapse.,industrial gate; building collapse; dense fog,RESCUE,4
The caller says there is a power line failure at Dam Road. Please hurry!,power line failure; dam road; caller,HAZMAT,1
There's... A worker says there is a truck accident near Dam Road. They noticed fallen tree. Traffic is building up. People are moving away. Send someone now!,fallen tree; truck accident; dam road,CRASH,2
"I... I don't know, Help! The caller says there is a bus crash at Commercial Street. Visibility is poor. Traffic is building up. Please hurry!",bus crash; commercial street; dont,CRASH,2
There's... The caller says there is a stampede at South Flyover. What do I do?!,south flyover; stampede; theres,RESCUE,1
Ahhh! The caller says there is a train derailment at Old Railway Crossing.,old railway crossing; train derailment; ahhh,CRASH,5
There's... 911? There has been a cyclone damage near Bus Terminal. I can see a sedan involved and an injured child. Visibility is poor. What do I do?!,an injured child; cyclone damage; bus terminal,CYCLONE,3
"Wait, yes, Ahhh! Heavy continuous rainfall is making the situation worse near Bus Depot. There is a car rollover. What do I do?!",continuous rainfall; bus depot; car rollover,CRASH,1
"Wait, yes, Ahhh! Please send help to Airport Junction. We have a gas leak involving a SUV. The incident happened a few minutes ago. The incident happened a few minutes ago. Please hurry!",airport junction; gas leak; suv,HAZMAT,3
Help! Caller reports a stampede at Outer Ring Road. There is live electrical wires.,live electrical wires; outer ring road; stampede,RESCUE,1
911? The caller says there is a electrical accident at Forest Checkpoint. Traffic is building up. The weather is cyclonic winds. Please hurry!,electrical accident; cyclonic winds; forest checkpoint,FIRE,2
Caller reports a storm damage at Commercial Street. There is debris. Send someone now!,storm damage; commercial street; debris,CYCLONE,2
There's... We have a road blockage near Airport Road. It happened just now. What do I do?!,airport road; road blockage; theres,RESCUE,1
There's... Please send help to Tunnel Entrance. We have a missing person involving a fuel tanker.,missing person; tunnel entrance; fuel tanker,RESCUE,1
"I... I don't know, 911? We have a factory fire near Temple Road. It happened before sunrise. The incident happened before sunrise. People are moving away.",temple road; factory fire; dont,FIRE,2
Help! I think there has been a lightning strike near South Flyover. a seriously injured driver. The incident happened a few minutes ago. The weather is wet roads.,a seriously injured driver; lightning strike; wet roads,CYCLONE,3
"Wait, yes, Please hurry! The caller says there is a hazardous material incident at North Underpass. A shopkeeper is waiting. What do I do?!",hazardous material incident; north underpass; shopkeeper,HAZMAT,1
Oh my god! The caller says there is a missing person at Dam Road. People are moving away.,missing person; dam road; caller,RESCUE,1
"I... I don't know, 911? I am near College Road and there has been a gas leak. The road is affected and I can see toxic fumes.",gas leak; college road; toxic fumes,HAZMAT,3
We have a lightning strike near Shopping District. It happened this afternoon. A resident is waiting.,lightning strike; shopping district; resident,CYCLONE,1
"Wait, yes, Oh my god! A pedestrian says there is a road blockage near Highway Toll Plaza. They noticed fallen tree. The weather is thunderstorm.",highway toll plaza; fallen tree; road blockage,RESCUE,3
We have a missing person near Industrial Gate. It happened just now.,industrial gate; missing person; happened,RESCUE,2
"I... I don't know, 911? Please send help to Tunnel Entrance. We have a chemical spill involving a SUV. Traffic is building up. Please hurry!",chemical spill; tunnel entrance; suv,HAZMAT,2
I am near Central Market and there has been a car rollover. The road is affected and I can see fallen tree. Visibility is poor. The incident happened around noon. What do I do?!,fallen tree; central market; car rollover,CRASH,2
There's... Oh my god! Please send help to Eastern Bypass. We have a forest fire involving a sedan. The incident happened about half an hour ago. People are moving away. What do I do?!,eastern bypass; forest fire; sedan,FIRE,2
911? A elderly person says there is a fallen tree near Factory Road. They noticed blocked road. Please hurry!,fallen tree; blocked road; elderly person,RESCUE,2
"Wait, yes, Oh my god! There has been a boat accident near Outer Ring Road. I can see a fuel tanker involved and two injured people. People are moving away.",two injured people; outer ring road; boat accident,CRASH,3
Please hurry! There has been a bridge damage near Factory Road. I can see a container truck involved and one injured person. People are moving away. The weather is cyclonic winds.,one injured person; container truck; cyclonic winds,RESCUE,2
"Wait, yes, Oh my god! I think there has been a explosion near North Underpass. several injured people.",several injured people; north underpass; explosion,RESCUE,4
Help! We have a crowd emergency near Airport Road. It happened just now. People are moving away.,crowd emergency; airport road; help,RESCUE,1
I am near Station Road and there has been a landslide. The road is affected and I can see gas leak.,gas leak; station road; landslide,RESCUE,2
The caller says there is a factory fire at Eastern Bypass. Traffic is building up. A security guard is waiting. What do I do?!,security guard; factory fire; eastern bypass,FIRE,2
There's... Oh my god! We have a earthquake damage near Coastal Road. It happened this afternoon. Traffic is building up.,earthquake damage; coastal road; theres,RESCUE,4
There's... We have a factory fire near Coastal Road. It happened this afternoon. A elderly person is waiting. Visibility is poor.,elderly person; coastal road; factory fire,FIRE,2
There has been a bridge damage near Forest Checkpoint. I can see a car involved and an unconscious person. The incident happened early this morning.,an unconscious person; bridge damage; forest checkpoint,RESCUE,5
Heavy cyclonic winds is making the situation worse near Airport Junction. There is a flash flood. Visibility is poor. The weather is cyclonic winds. Send someone now!,airport junction; cyclonic winds; flash flood,FLOOD,3
"Wait, yes, There has been a forest fire near Harbor Area. I can see a ambulance involved and an unconscious person. Please hurry!",an unconscious person; harbor area; forest fire,FIRE,5
"It's, um, Ahhh! I am near City Hospital and there has been a power line failure. The road is affected and I can see fuel leak.",power line failure; city hospital; fuel leak,HAZMAT,3
"It's, um, Please send help to Forest Checkpoint. We have a cyclone damage involving a delivery vehicle.",cyclone damage; delivery vehicle; forest checkpoint,CYCLONE,1
Oh my god! Please send help to Central Market. We have a bus crash involving a ambulance.,bus crash; central market; ambulance,CRASH,2
There's... I think there has been a cyclone damage near Warehouse District. an injured child. Traffic is building up. The weather is dust storm.,an injured child; dust storm; cyclone damage,CYCLONE,3
We have a lightning strike near City Hospital. It happened during rush hour. People are moving away. What do I do?!,lightning strike; city hospital; happened,CYCLONE,1
Caller reports a train derailment at Coastal Road. There is smoke. Visibility is poor. Send someone now!,coastal road; train derailment; smoke,CRASH,5
Ahhh! There has been a fuel leak near Dam Road. I can see a car involved and one injured person. What do I do?!,one injured person; fuel leak; dam road,HAZMAT,3
A elderly person says there is a chemical spill near Bus Depot. They noticed rising water. Visibility is poor. Traffic is building up. Send someone now!,rising water; elderly person; chemical spill,HAZMAT,2
There's... 911? A worker says there is a power line failure near Temple Road. They noticed live electrical wires. A worker is waiting. Visibility is poor. Send someone now!,live electrical wires; power line failure; temple road,HAZMAT,2
There's... Ahhh! Reports are coming in from Bus Depot about a warehouse fire. There is debris. Traffic is building up. People are moving away. What do I do?!,bus depot; warehouse fire; debris,FIRE,2
"I... I don't know, Help! The caller says there is a boat accident at Forest Checkpoint. The weather is dust storm. What do I do?!",boat accident; dust storm; forest checkpoint,CRASH,2
Ahhh! I think there has been a fuel leak near Airport Road. three injured passengers. A security guard is waiting. What do I do?!,three injured passengers; airport road; fuel leak,HAZMAT,3
I am near Bus Terminal and there has been a truck accident. The road is affected and I can see fallen tree. Visibility is poor. The incident happened before sunrise. What do I do?!,fallen tree; truck accident; bus terminal,CRASH,1
Ahhh! We have a lightning strike near Central Market. It happened about half an hour ago. People are moving away. Traffic is building up. Please hurry!,lightning strike; central market; ahhh,CYCLONE,1
I think there has been a dam overflow near Bus Terminal. several injured people. The weather is cold weather. A worker is waiting.,several injured people; cold weather; bus terminal,FLOOD,3
Help! The caller says there is a warehouse fire at Bus Terminal. The weather is heavy rain. The weather is heavy rain.,bus terminal; heavy rain; warehouse fire,FIRE,2
"I... I don't know, Oh my god! Heavy continuous rainfall is making the situation worse near Warehouse District. There is a stampede. A child is waiting.",continuous rainfall; warehouse district; child,RESCUE,1
There's... Oh my god! We have a building fire near Main Highway. It happened about ten minutes ago. Traffic is building up. The weather is lightning. Please hurry!,main highway; building fire; lightning,FIRE,2
"I... I don't know, 911? A driver says there is a explosion near Outer Ring Road. They noticed smoke. A driver is waiting.",outer ring road; driver; explosion,RESCUE,4
"I... I don't know, Ahhh! Caller reports a warehouse fire at Underpass. There is gas leak. People are moving away. Please hurry!",gas leak; warehouse fire; underpass,FIRE,3
"Wait, yes, 911? We have a landslide near Station Road. It happened before sunrise. Traffic is building up. Please hurry!",station road; landslide; wait,RESCUE,1
"It's, um, Please hurry! There has been a landslide near River Bridge. I can see a delivery vehicle involved and a seriously injured driver. The weather is poor visibility. People are moving away. Please hurry!",a seriously injured driver; poor visibility; river bridge,RESCUE,3
The caller says there is a hazardous material incident at Residential Block. Traffic is building up. Please hurry!,hazardous material incident; residential block; caller,HAZMAT,2
Oh my god! There has been a medical emergency near Highway Toll Plaza. I can see a SUV involved and one injured person. A passenger is waiting.,one injured person; highway toll plaza; medical emergency,MEDICAL,3
The caller says there is a missing person at Port Entrance. What do I do?!,missing person; port entrance; caller,RESCUE,2
"Wait, yes, Heavy heavy rain is making the situation worse near Underpass. There is a medical emergency. People are moving away. Traffic is building up. Send someone now!",heavy rain; medical emergency; underpass,MEDICAL,2
"Wait, yes, We have a train derailment near Central Flyover. It happened during rush hour. People are moving away.",central flyover; train derailment; wait,CRASH,4
"It's, um, Ahhh! Caller reports a landslide at Railway Yard. There is gas leak. Traffic is building up.",railway yard; gas leak; landslide,RESCUE,3
911? I think there has been a forest fire near Eastern Bypass. an injured child.,an injured child; eastern bypass; forest fire,FIRE,2
Help! A elderly person says there is a car rollover near Railway Yard. They noticed broken glass.,broken glass; railway yard; elderly person,CRASH,2
Oh my god! There has been a chemical spill near Temple Road. I can see a van involved and one injured person. A construction worker is waiting. Please hurry!,one injured person; construction worker; temple road,HAZMAT,3
We have a vehicle collision near Factory Road. It happened before sunrise. The incident happened before sunrise.,vehicle collision; factory road; happened,CRASH,2
A passenger says there is a hazardous material incident near Bus Depot. They noticed rising water.,hazardous material incident; rising water; bus depot,HAZMAT,1
A driver says there is a gas leak near River Bridge. They noticed unstable structure. Send someone now!,unstable structure; river bridge; gas leak,HAZMAT,2
Oh my god! Heavy dust storm is making the situation worse near Factory Road. There is a fuel leak. Traffic is building up. The incident happened around noon.,dust storm; fuel leak; factory road,HAZMAT,3
Oh my god! There has been a power line failure near Market Road. I can see a fuel tanker involved and an unconscious person. Send someone now!,an unconscious person; power line failure; market road,HAZMAT,4
There has been a lightning strike near Harbor Area. I can see a truck involved and people with minor injuries. Send someone now!,people with minor injuries; lightning strike; harbor area,CYCLONE,2
"I... I don't know, Please hurry! A child says there is a crowd emergency near Bus Terminal. They noticed unstable structure. The incident happened about half an hour ago. What do I do?!",crowd emergency; unstable structure; bus terminal,RESCUE,2
There's... Reports are coming in from Industrial Area about a industrial accident. There is blocked road. What do I do?!,industrial area; blocked road; industrial accident,MEDICAL,2
Ahhh! The caller says there is a chemical spill at North Underpass. Please hurry!,north underpass; chemical spill; ahhh,HAZMAT,3
"It's, um, Ahhh! The caller says there is a stampede at Highway Toll Plaza. Please hurry!",highway toll plaza; stampede; ahhh,RESCUE,1
Please send help to Riverbank. We have a dam overflow involving a sedan. Traffic is building up. Visibility is poor. What do I do?!,dam overflow; sedan; riverbank,FLOOD,1
Heavy stormy weather is making the situation worse near Market Road. There is a stampede. A construction worker is waiting.,stormy weather; construction worker; market road,RESCUE,3
"It's, um, 911? Caller reports a railway accident at Commercial Street. There is smoke. Traffic is building up.",railway accident; commercial street; smoke,CRASH,1
There's... There has been a road blockage near Main Highway. I can see a van involved and a trapped passenger.,a trapped passenger; main highway; road blockage,RESCUE,5
The caller says there is a vehicle collision at Western Expressway. People are moving away. The incident happened before sunrise. Please hurry!,vehicle collision; western expressway; caller,CRASH,1
I think there has been a landslide near College Road. multiple casualties. What do I do?!,multiple casualties; college road; landslide,RESCUE,5
Please send help to Temple Road. We have a factory fire involving a container truck. Please hurry!,container truck; temple road; factory fire,FIRE,3
Ahhh! Heavy extreme heat is making the situation worse near Warehouse District. There is a medical emergency.,extreme heat; warehouse district; medical emergency,MEDICAL,2
There's... Please hurry! We have a industrial accident near River Bridge. It happened around noon.,river bridge; industrial accident; theres,MEDICAL,2
"I... I don't know, Ahhh! I am near City Hospital and there has been a evacuation. The road is affected and I can see fuel leak. People are moving away. Visibility is poor.",city hospital; fuel leak; evacuation,RESCUE,2
"It's, um, Oh my god! Caller reports a medical emergency at Coastal Road. There is diesel leak.",diesel leak; coastal road; medical emergency,MEDICAL,3
The caller says there is a severe rainfall at Station Road.,severe rainfall; station road; caller,CYCLONE,1
Heavy continuous rainfall is making the situation worse near Factory Road. There is a power line failure. People are moving away. Visibility is poor.,power line failure; continuous rainfall; factory road,HAZMAT,2
I think there has been a explosion near Railway Yard. two injured people. Visibility is poor. Traffic is building up. Send someone now!,two injured people; railway yard; explosion,RESCUE,5
There's... Please hurry! A pedestrian says there is a explosion near Market Road. They noticed oil spill. The incident happened early this morning. Traffic is building up. Send someone now!,oil spill; market road; pedestrian,RESCUE,4
There's... We have a building fire near City Center. It happened during rush hour. A elderly person is waiting. Please hurry!,city center; elderly person; building fire,FIRE,3
Ahhh! Caller reports a flash flood at City Hospital. There is broken glass. People are moving away. The incident happened around midnight.,broken glass; city hospital; flash flood,FLOOD,3
Ahhh! Caller reports a severe rainfall at College Road. There is gas leak.,severe rainfall; gas leak; college road,CYCLONE,3
The caller says there is a bus crash at Airport Road. People are moving away. Please hurry!,airport road; bus crash; caller,CRASH,2
We have a vehicle collision near Riverbank. It happened a few minutes ago.,vehicle collision; riverbank; happened,CRASH,2
"I... I don't know, Oh my god! Please send help to Tunnel Entrance. We have a power line failure involving a van.",power line failure; tunnel entrance; van,HAZMAT,2
Heavy dense fog is making the situation worse near Commercial Street. There is a power line failure.,power line failure; dense fog; commercial street,HAZMAT,1
Help! The caller says there is a drowning at Central Flyover. Send someone now!,central flyover; drowning; help,RESCUE,4
911? Heavy thunderstorm is making the situation worse near Bus Depot. There is a building fire. What do I do?!,bus depot; building fire; thunderstorm,FIRE,3
"Wait, yes, Please hurry! Reports are coming in from Coastal Road about a landslide. There is fallen tree. Send someone now!",fallen tree; coastal road; landslide,RESCUE,1
"I... I don't know, I am near Station Road and there has been a medical emergency. The road is affected and I can see debris. The incident happened about half an hour ago. What do I do?!",station road; medical emergency; debris,MEDICAL,1
The caller says there is a chemical spill at Riverbank. Please hurry!,chemical spill; riverbank; caller,HAZMAT,2
Help! We have a building fire near Harbor Area. It happened just now. The weather is continuous rainfall. Please hurry!,continuous rainfall; building fire; harbor area,FIRE,3
"It's, um, Oh my god! I am near Harbor Area and there has been a gas leak. The road is affected and I can see fuel leak. People are moving away. Traffic is building up. Please hurry!",fuel leak; gas leak; harbor area,HAZMAT,3
There's... Heavy lightning is making the situation worse near Eastern Bypass. There is a drowning. The incident happened before sunrise. Please hurry!,eastern bypass; drowning; lightning,RESCUE,4
There's... I am near Industrial Gate and there has been a flash flood. The road is affected and I can see fuel leak. The incident happened this afternoon. Send someone now!,industrial gate; fuel leak; flash flood,FLOOD,3
There's... Please send help to South Flyover. We have a building fire involving a ambulance.,south flyover; building fire; ambulance,FIRE,3
911? Reports are coming in from City Center about a cold exposure. There is toxic fumes. Send someone now!,city center; cold exposure; toxic fumes,MEDICAL,1
Caller reports a landslide at South Flyover. There is diesel leak.,diesel leak; south flyover; landslide,RESCUE,2
Help! We have a earthquake damage near Old Railway Crossing. It happened around noon.,old railway crossing; earthquake damage; help,RESCUE,5
There's... Ahhh! The caller says there is a storm damage at Bus Terminal. The incident happened a few minutes ago.,storm damage; bus terminal; theres,CYCLONE,2
Ahhh! I think there has been a truck accident near Tunnel Entrance. a seriously injured driver.,a seriously injured driver; truck accident; tunnel entrance,CRASH,3
"Wait, yes, Caller reports a warehouse fire at Shopping District. There is broken glass.",broken glass; warehouse fire; shopping district,FIRE,2
There's... 911? I am near Temple Road and there has been a flash flood. The road is affected and I can see fuel leak.,fuel leak; temple road; flash flood,FLOOD,2
Ahhh! I am near Outer Ring Road and there has been a vehicle collision. The road is affected and I can see blocked road. The incident happened around midnight. People are moving away.,outer ring road; blocked road; vehicle collision,CRASH,2
Help! Heavy continuous rainfall is making the situation worse near Main Highway. There is a factory fire. Traffic is building up.,main highway; continuous rainfall; factory fire,FIRE,3
The caller says there is a heat emergency at Forest Checkpoint.,heat emergency; forest checkpoint; caller,MEDICAL,1
"It's, um, Please hurry! I am near Port Entrance and there has been a vehicle collision. The road is affected and I can see toxic fumes. The weather is stormy weather. A construction worker is waiting.",stormy weather; construction worker; vehicle collision,CRASH,2
"Wait, yes, We have a urban flooding near Bus Depot. It happened around midnight. The incident happened around midnight. The weather is dust storm.",dust storm; urban flooding; bus depot,FLOOD,2
"It's, um, Ahhh! A construction worker says there is a stampede near Railway Station. They noticed blocked road. A construction worker is waiting. Send someone now!",blocked road; construction worker; railway station,RESCUE,1
"It's, um, A resident says there is a vehicle collision near Airport Junction. They noticed broken glass. The incident happened this afternoon. What do I do?!",broken glass; airport junction; vehicle collision,CRASH,2
There has been a forest fire near Outer Ring Road. I can see a fuel tanker involved and several injured people. Traffic is building up. Traffic is building up. What do I do?!,several injured people; outer ring road; fuel tanker,FIRE,3
Please send help to Industrial Gate. We have a earthquake damage involving a motorcycle.,industrial gate; earthquake damage; motorcycle,RESCUE,4
"Wait, yes, The caller says there is a forest fire at Residential Block. Send someone now!",residential block; forest fire; wait,FIRE,3
Reports are coming in from Harbor Area about a medical emergency. There is blocked road. Please hurry!,blocked road; harbor area; medical emergency,MEDICAL,2
"I... I don't know, Ahhh! There has been a building collapse near Port Entrance. I can see a truck involved and an injured child.",an injured child; building collapse; port entrance,RESCUE,5
"It's, um, Please send help to Port Entrance. We have a lightning strike involving a SUV. People are moving away. A construction worker is waiting. Send someone now!",lightning strike; construction worker; port entrance,CYCLONE,2
Heavy thunderstorm is making the situation worse near Industrial Area. There is a gas leak.,industrial area; gas leak; thunderstorm,HAZMAT,3
We have a industrial accident near Riverbank. It happened about ten minutes ago. The weather is heavy rain.,industrial accident; heavy rain; riverbank,MEDICAL,1
"Wait, yes, 911? There has been a earthquake damage near Tunnel Entrance. I can see a van involved and an injured child.",an injured child; earthquake damage; tunnel entrance,RESCUE,4
Oh my god! Please send help to Outer Ring Road. We have a chemical spill involving a train. What do I do?!,outer ring road; chemical spill; train,HAZMAT,3
911? I think there has been a missing person near Bus Depot. an injured child. People are moving away. What do I do?!,an injured child; missing person; bus depot,RESCUE,2
Heavy cold weather is making the situation worse near Forest Checkpoint. There is a fuel leak. Visibility is poor. A cyclist is waiting.,cold weather; fuel leak; forest checkpoint,HAZMAT,3
I am near Riverbank and there has been a power line failure. The road is affected and I can see diesel leak. The incident happened a few minutes ago. Send someone now!,power line failure; diesel leak; riverbank,HAZMAT,2
I am near Old Railway Crossing and there has been a gas leak. The road is affected and I can see smoke. A shopkeeper is waiting.,old railway crossing; gas leak; shopkeeper,HAZMAT,3
Oh my god! I am near City Hospital and there has been a wildfire. The road is affected and I can see rising water. Send someone now!,city hospital; rising water; wildfire,FIRE,2
"It's, um, Please hurry! Caller reports a flash flood at Central Market. There is rising water.",rising water; central market; flash flood,FLOOD,3
The caller says there is a drowning at Factory Road.,factory road; drowning; caller,RESCUE,5
911? We have a storm damage near Central Market. It happened early this morning. Visibility is poor. The incident happened early this morning.,storm damage; central market; happened,CYCLONE,2
Caller reports a building collapse at Forest Checkpoint. There is rising water. The weather is dense fog.,rising water; building collapse; dense fog,RESCUE,5
911? I think there has been a truck accident near Ring Road. a seriously injured driver. Visibility is poor. A driver is waiting. What do I do?!,a seriously injured driver; ring road; truck accident,CRASH,2
I think there has been a railway accident near College Road. several injured people.,several injured people; railway accident; college road,CRASH,2
There's... I think there has been a bus crash near Coastal Road. multiple casualties. The weather is cold weather. A security guard is waiting.,cold weather; bus crash; multiple casualties,CRASH,5
Please send help to Market Road. We have a vehicle collision involving a school bus. A shopkeeper is waiting. The incident happened a few minutes ago.,school bus; vehicle collision; market road,CRASH,1
A shopkeeper says there is a electrical accident near Tunnel Entrance. They noticed fire. What do I do?!,electrical accident; tunnel entrance; fire,FIRE,2
"I... I don't know, Caller reports a explosion at City Hospital. There is oil spill. Traffic is building up. The incident happened around noon.",city hospital; oil spill; explosion,RESCUE,4
Ahhh! Caller reports a truck accident at South Flyover. There is gas leak. People are moving away. The weather is dense fog.,truck accident; dense fog; gas leak,CRASH,2
"Wait, yes, Heavy stormy weather is making the situation worse near Station Road. There is a flash flood. A driver is waiting. A driver is waiting.",stormy weather; station road; flash flood,FLOOD,3
"I... I don't know, Please hurry! We have a warehouse fire near Outer Ring Road. It happened about ten minutes ago. Visibility is poor. People are moving away.",outer ring road; warehouse fire; dont,FIRE,3
"I... I don't know, A child says there is a truck accident near Coastal Road. They noticed gas leak. The weather is cyclonic winds. People are moving away.",truck accident; gas leak; coastal road,CRASH,3
Heavy wet roads is making the situation worse near Airport Road. There is a crowd emergency. Visibility is poor. The incident happened just now.,crowd emergency; airport road; wet roads,RESCUE,2
There's... Ahhh! There has been a heat emergency near Outer Ring Road. I can see a fuel tanker involved and one injured person. What do I do?!,one injured person; outer ring road; fuel tanker,MEDICAL,3
There has been a dam overflow near Riverbank. I can see a car involved and a trapped passenger.,a trapped passenger; dam overflow; riverbank,FLOOD,5
Oh my god! I think there has been a aircraft emergency near Airport Junction. three injured passengers. Please hurry!,three injured passengers; airport junction; aircraft emergency,CRASH,2
"I... I don't know, Please send help to Station Road. We have a bridge damage involving a motorcycle. What do I do?!",bridge damage; station road; motorcycle,RESCUE,1
911? We have a electrical accident near City Center. It happened a few minutes ago. A driver is waiting.,city center; electrical accident; driver,FIRE,1
Help! I am near Port Entrance and there has been a boat accident. The road is affected and I can see debris. The incident happened about ten minutes ago. What do I do?!,boat accident; port entrance; debris,CRASH,1
Help! The caller says there is a train derailment at Commercial Street.,commercial street; train derailment; help,CRASH,4
Oh my god! Caller reports a aircraft emergency at Industrial Gate. There is oil spill. A passenger is waiting. Please hurry!,industrial gate; oil spill; aircraft emergency,CRASH,3
Help! A cyclist says there is a severe rainfall near Riverbank. They noticed toxic fumes. The incident happened early this morning. Visibility is poor. Send someone now!,severe rainfall; toxic fumes; cyclist,CYCLONE,1
"It's, um, Oh my god! We have a bus crash near Temple Road. It happened early this morning. Traffic is building up. Traffic is building up.",bus crash; temple road; happened,CRASH,3
Reports are coming in from Riverbank about a vehicle collision. There is oil spill. Traffic is building up. What do I do?!,vehicle collision; oil spill; riverbank,CRASH,2
"I... I don't know, Help! I am near Central Market and there has been a fallen tree. The road is affected and I can see unstable structure.",fallen tree; unstable structure; central market,RESCUE,2
There's... Oh my god! I am near Airport Road and there has been a road blockage. The road is affected and I can see live electrical wires. What do I do?!,live electrical wires; airport road; road blockage,RESCUE,1
Please send help to Main Highway. We have a chemical spill involving a van. The weather is dust storm. The incident happened during rush hour.,main highway; dust storm; chemical spill,HAZMAT,3
911? Caller reports a truck accident at Central Market. There is live electrical wires. A security guard is waiting. What do I do?!,live electrical wires; truck accident; security guard,CRASH,2
"It's, um, Please hurry! The caller says there is a urban flooding at Eastern Bypass. Visibility is poor. Send someone now!",urban flooding; eastern bypass; please,FLOOD,3
A resident says there is a cyclone damage near Central Flyover. They noticed oil spill.,central flyover; cyclone damage; oil spill,CYCLONE,3
"It's, um, Oh my god! Please send help to Airport Junction. We have a warehouse fire involving a fuel tanker. The weather is extreme heat.",extreme heat; airport junction; warehouse fire,FIRE,3
Please send help to Highway Toll Plaza. We have a lightning strike involving a school bus. People are moving away.,highway toll plaza; school bus; lightning strike,CYCLONE,1
We have a railway accident near Main Highway. It happened about half an hour ago. A child is waiting. Please hurry!,main highway; railway accident; child,CRASH,1
Ahhh! There has been a landslide near Railway Station. I can see a SUV involved and an unconscious person. What do I do?!,an unconscious person; railway station; suv,RESCUE,4
I am near Port Entrance and there has been a electrical accident. The road is affected and I can see fuel leak. Visibility is poor. Send someone now!,electrical accident; port entrance; fuel leak,FIRE,2
911? A child says there is a building collapse near Factory Road. They noticed broken glass. Visibility is poor. Please hurry!,broken glass; building collapse; factory road,RESCUE,4
"It's, um, I am near Outer Ring Road and there has been a electrical accident. The road is affected and I can see broken glass. The incident happened during rush hour. The weather is continuous rainfall.",outer ring road; broken glass; electrical accident,FIRE,2
"It's, um, 911? The caller says there is a boat accident at Forest Checkpoint. The weather is heavy rain. The incident happened late last night.",boat accident; heavy rain; forest checkpoint,CRASH,2
Please send help to Main Highway. We have a stampede involving a tanker. People are moving away.,main highway; tanker; stampede,RESCUE,1
Please hurry! Reports are coming in from Highway Toll Plaza about a stampede. There is fallen tree. People are moving away. Send someone now!,highway toll plaza; fallen tree; stampede,RESCUE,2
A child says there is a cold exposure near Western Expressway. They noticed chemical fumes. Traffic is building up. What do I do?!,chemical fumes; western expressway; cold exposure,MEDICAL,2
"It's, um, We have a stampede near Airport Junction. It happened just now. Traffic is building up. What do I do?!",airport junction; stampede; happened,RESCUE,1
We have a gas leak near River Bridge. It happened about ten minutes ago. Visibility is poor. Traffic is building up. Please hurry!,river bridge; gas leak; happened,HAZMAT,2
A pedestrian says there is a evacuation near Central Flyover. They noticed fire.,central flyover; pedestrian; fire,RESCUE,3
We have a building collapse near Tunnel Entrance. It happened this afternoon. Visibility is poor.,building collapse; tunnel entrance; happened,RESCUE,5
There's... Help! Caller reports a industrial accident at Airport Road. There is diesel leak. Visibility is poor. Please hurry!,airport road; diesel leak; industrial accident,MEDICAL,3
911? I am near Forest Checkpoint and there has been a heat emergency. The road is affected and I can see oil spill. What do I do?!,oil spill; heat emergency; forest checkpoint,MEDICAL,3
There's... Please hurry! There has been a explosion near Main Highway. I can see a train involved and three injured passengers. The weather is cyclonic winds. People are moving away.,three injured passengers; main highway; cyclonic winds,RESCUE,5
Please send help to Residential Block. We have a train derailment involving a train. The incident happened around midnight. People are moving away. Please hurry!,residential block; train derailment; please,CRASH,5
Heavy extreme heat is making the situation worse near Temple Road. There is a explosion. A security guard is waiting.,extreme heat; temple road; security guard,RESCUE,5
911? We have a car rollover near River Bridge. It happened around midnight. The incident happened around midnight. The weather is dust storm.,dust storm; river bridge; car rollover,CRASH,3
There's... There has been a evacuation near Riverbank. I can see a tanker involved and three injured passengers. The weather is heavy rain. Visibility is poor.,three injured passengers; heavy rain; tanker,RESCUE,3
Reports are coming in from Railway Yard about a truck accident. There is debris. The incident happened late last night. Please hurry!,railway yard; truck accident; debris,CRASH,2
"It's, um, 911? Heavy extreme heat is making the situation worse near North Underpass. There is a forest fire. Send someone now!",extreme heat; north underpass; forest fire,FIRE,3
Oh my god! A cyclist says there is a road blockage near Western Expressway. They noticed fallen tree.,fallen tree; road blockage; western expressway,RESCUE,2
A security guard says there is a heat emergency near Outer Ring Road. They noticed broken glass. Visibility is poor.,outer ring road; broken glass; security guard,MEDICAL,1
A shopkeeper says there is a car rollover near Highway Toll Plaza. They noticed diesel leak. The weather is dust storm.,highway toll plaza; dust storm; diesel leak,CRASH,2
"It's, um, Ahhh! Caller reports a gas leak at Riverbank. There is fallen tree. People are moving away. The incident happened about ten minutes ago.",fallen tree; gas leak; riverbank,HAZMAT,2
Heavy thunderstorm is making the situation worse near North Underpass. There is a wildfire. Please hurry!,north underpass; wildfire; thunderstorm,FIRE,3
The caller says there is a dam overflow at Railway Station. A security guard is waiting.,railway station; security guard; dam overflow,FLOOD,2
Caller reports a drowning at Port Entrance. There is fallen tree. A elderly person is waiting. The incident happened around noon.,fallen tree; port entrance; elderly person,RESCUE,4
There's... Caller reports a evacuation at Commercial Street. There is debris. The weather is extreme heat.,extreme heat; commercial street; debris,RESCUE,1
There's... Ahhh! I think there has been a car rollover near City Hospital. multiple casualties. Traffic is building up. A shopkeeper is waiting.,city hospital; multiple casualties; car rollover,CRASH,5
Reports are coming in from Airport Junction about a fuel leak. There is diesel leak. A security guard is waiting.,airport junction; diesel leak; fuel leak,HAZMAT,2
911? There has been a gas leak near Coastal Road. I can see a train involved and a seriously injured driver. The weather is cyclonic winds. Please hurry!,a seriously injured driver; gas leak; coastal road,HAZMAT,3
Caller reports a bridge damage at College Road. There is smoke.,college road; bridge damage; smoke,RESCUE,1
Oh my god! Please send help to Coastal Road. We have a cold exposure involving a SUV. The weather is cyclonic winds.,coastal road; cyclonic winds; cold exposure,MEDICAL,1
"It's, um, Help! There has been a car rollover near Central Market. I can see a school bus involved and an injured child.",an injured child; school bus; central market,CRASH,2
911? I think there has been a truck accident near Factory Road. several injured people. What do I do?!,several injured people; truck accident; factory road,CRASH,2
"It's, um, Heavy dust storm is making the situation worse near City Center. There is a motorcycle accident. Traffic is building up. Visibility is poor.",city center; dust storm; motorcycle accident,CRASH,2
I think there has been a car rollover near Old Bridge. a seriously injured driver. Traffic is building up.,a seriously injured driver; old bridge; car rollover,CRASH,3
Please send help to Airport Road. We have a power line failure involving a train.,power line failure; airport road; train,HAZMAT,2
Please hurry! The caller says there is a hazardous material incident at Central Flyover.,hazardous material incident; central flyover; please,HAZMAT,1
Caller reports a flash flood at Outer Ring Road. There is fallen tree. People are moving away. The weather is thunderstorm.,outer ring road; fallen tree; flash flood,FLOOD,3
"I... I don't know, Oh my god! We have a aircraft emergency near Highway Toll Plaza. It happened during rush hour. A security guard is waiting. What do I do?!",highway toll plaza; security guard; aircraft emergency,CRASH,1
"I... I don't know, Heavy poor visibility is making the situation worse near Residential Block. There is a missing person. Visibility is poor. What do I do?!",missing person; poor visibility; residential block,RESCUE,1
911? We have a missing person near Railway Yard. It happened early this morning.,railway yard; missing person; happened,RESCUE,2
I am near Main Highway and there has been a wildfire. The road is affected and I can see broken glass. The weather is extreme heat. Traffic is building up. Send someone now!,main highway; broken glass; extreme heat,FIRE,2
"I... I don't know, Help! I am near Forest Checkpoint and there has been a railway accident. The road is affected and I can see diesel leak.",railway accident; diesel leak; forest checkpoint,CRASH,3
Oh my god! I think there has been a aircraft emergency near North Underpass. a seriously injured driver. People are moving away. Please hurry!,a seriously injured driver; north underpass; aircraft emergency,CRASH,3
Heavy wet roads is making the situation worse near Tunnel Entrance. There is a bus crash.,bus crash; wet roads; tunnel entrance,CRASH,2
"It's, um, Please hurry! Caller reports a aircraft emergency at Residential Block. There is gas leak. Traffic is building up. The weather is stormy weather. What do I do?!",stormy weather; gas leak; residential block,CRASH,3
Heavy heavy rain is making the situation worse near Harbor Area. There is a medical emergency. The incident happened a few minutes ago. Traffic is building up. Send someone now!,heavy rain; harbor area; medical emergency,MEDICAL,2
Caller reports a missing person at Market Road. There is rising water.,missing person; rising water; market road,RESCUE,2
Ahhh! Heavy heavy rain is making the situation worse near Highway Toll Plaza. There is a stampede. Traffic is building up. Visibility is poor. Send someone now!,highway toll plaza; heavy rain; stampede,RESCUE,2
"I... I don't know, Help! Heavy heavy rain is making the situation worse near Old Bridge. There is a fallen tree. A elderly person is waiting. What do I do?!",fallen tree; old bridge; elderly person,RESCUE,1
911? I am near Old Bridge and there has been a medical emergency. The road is affected and I can see live electrical wires. The incident happened before sunrise. Traffic is building up.,live electrical wires; old bridge; medical emergency,MEDICAL,2
Ahhh! Caller reports a vehicle collision at Ring Road. There is gas leak. What do I do?!,ring road; vehicle collision; gas leak,CRASH,3
I am near Riverbank and there has been a railway accident. The road is affected and I can see chemical fumes. The incident happened during rush hour. Traffic is building up.,railway accident; chemical fumes; riverbank,CRASH,1
"I... I don't know, Ahhh! A driver says there is a aircraft emergency near Dam Road. They noticed chemical fumes. The weather is stormy weather.",stormy weather; aircraft emergency; chemical fumes,CRASH,2
Caller reports a truck accident at North Underpass. There is live electrical wires.,live electrical wires; north underpass; truck accident,CRASH,2
There's... I think there has been a earthquake damage near South Flyover. people with minor injuries. Visibility is poor. The incident happened around noon. Please hurry!,people with minor injuries; earthquake damage; south flyover,RESCUE,5
"Wait, yes, Reports are coming in from Ring Road about a car rollover. There is diesel leak.",ring road; diesel leak; car rollover,CRASH,3
Oh my god! Reports are coming in from Old Bridge about a industrial accident. There is fuel leak. Please hurry!,old bridge; fuel leak; industrial accident,MEDICAL,3
Please hurry! A resident says there is a bus crash near Factory Road. They noticed unstable structure. A resident is waiting.,unstable structure; bus crash; factory road,CRASH,2
Help! I am near Factory Road and there has been a lightning strike. The road is affected and I can see broken glass. Visibility is poor. Send someone now!,lightning strike; broken glass; factory road,CYCLONE,2
There's... There has been a warehouse fire near Outer Ring Road. I can see a bus involved and a seriously injured driver. Traffic is building up.,a seriously injured driver; outer ring road; warehouse fire,FIRE,3
A worker says there is a missing person near Bus Depot. They noticed diesel leak. What do I do?!,missing person; diesel leak; bus depot,RESCUE,2
I think there has been a car rollover near Eastern Bypass. an unconscious person. A worker is waiting.,an unconscious person; eastern bypass; car rollover,CRASH,4
I think there has been a warehouse fire near Factory Road. an injured child. Visibility is poor. A pedestrian is waiting.,an injured child; warehouse fire; factory road,FIRE,3
I am near Tunnel Entrance and there has been a cold exposure. The road is affected and I can see fire. Visibility is poor. Visibility is poor. Please hurry!,tunnel entrance; cold exposure; fire,MEDICAL,2
There's... Reports are coming in from Western Expressway about a power line failure. There is smoke. Traffic is building up.,power line failure; western expressway; smoke,HAZMAT,2
Oh my god! I think there has been a chemical spill near City Hospital. a trapped passenger. Send someone now!,a trapped passenger; city hospital; chemical spill,HAZMAT,5
We have a flash flood near Railway Yard. It happened a few minutes ago. The incident happened a few minutes ago.,railway yard; flash flood; happened,FLOOD,2
"Wait, yes, There has been a drowning near Shopping District. I can see a SUV involved and two injured people. Traffic is building up. Please hurry!",two injured people; shopping district; drowning,RESCUE,4
There's... Oh my god! I am near Coastal Road and there has been a evacuation. The road is affected and I can see diesel leak. The weather is dense fog. A shopkeeper is waiting.,dense fog; diesel leak; coastal road,RESCUE,2
The caller says there is a vehicle collision at Airport Road. People are moving away. The weather is cyclonic winds. What do I do?!,airport road; vehicle collision; cyclonic winds,CRASH,1
"It's, um, Oh my god! Please send help to Dam Road. We have a building collapse involving a container truck. The incident happened a few minutes ago.",container truck; building collapse; dam road,RESCUE,5
Help! Please send help to South Flyover. We have a explosion involving a SUV. Please hurry!,south flyover; explosion; suv,RESCUE,5
Help! I am near Tunnel Entrance and there has been a electrical accident. The road is affected and I can see diesel leak. People are moving away. People are moving away.,electrical accident; diesel leak; tunnel entrance,FIRE,3
We have a earthquake damage near Warehouse District. It happened about half an hour ago. The weather is thunderstorm. Please hurry!,earthquake damage; warehouse district; thunderstorm,RESCUE,5
"Wait, yes, I am near Shopping District and there has been a aircraft emergency. The road is affected and I can see fallen tree. People are moving away. What do I do?!",fallen tree; aircraft emergency; shopping district,CRASH,2
Help! I am near Factory Road and there has been a lightning strike. The road is affected and I can see broken glass. Send someone now!,lightning strike; broken glass; factory road,CYCLONE,1
Ahhh! Caller reports a boat accident at Eastern Bypass. There is broken glass. The weather is stormy weather. A construction worker is waiting. Send someone now!,boat accident; broken glass; stormy weather,CRASH,2
"Wait, yes, Oh my god! The caller says there is a chemical spill at Harbor Area. The incident happened early this morning. The incident happened early this morning.",chemical spill; harbor area; wait,HAZMAT,3
Please send help to Central Market. We have a lightning strike involving a car. The incident happened during rush hour. The weather is dust storm.,lightning strike; dust storm; central market,CYCLONE,3
"It's, um, 911? Please send help to Central Flyover. We have a earthquake damage involving a ambulance. Visibility is poor.",central flyover; earthquake damage; ambulance,RESCUE,5
"I... I don't know, Reports are coming in from Residential Block about a bridge damage. There is oil spill. The weather is cold weather. People are moving away. Please hurry!",cold weather; oil spill; residential block,RESCUE,2
"It's, um, A cyclist says there is a gas leak near Residential Block. They noticed oil spill. People are moving away. People are moving away.",oil spill; gas leak; residential block,HAZMAT,2
Help! Reports are coming in from City Hospital about a car rollover. There is smoke. Visibility is poor.,city hospital; car rollover; smoke,CRASH,2
Reports are coming in from Tunnel Entrance about a severe rainfall. There is rising water. The incident happened late last night. People are moving away.,severe rainfall; rising water; tunnel entrance,CYCLONE,2
"I... I don't know, 911? I am near Riverbank and there has been a crowd emergency. The road is affected and I can see unstable structure. Visibility is poor.",crowd emergency; unstable structure; riverbank,RESCUE,2
Caller reports a cyclone damage at Shopping District. There is unstable structure.,cyclone damage; unstable structure; shopping district,CYCLONE,1
Heavy wet roads is making the situation worse near Market Road. There is a cold exposure. What do I do?!,wet roads; market road; cold exposure,MEDICAL,1
Please hurry! Heavy dust storm is making the situation worse near Main Highway. There is a train derailment. Visibility is poor.,main highway; dust storm; train derailment,CRASH,5
I am near Railway Yard and there has been a vehicle collision. The road is affected and I can see oil spill.,railway yard; vehicle collision; oil spill,CRASH,2
We have a boat accident near Warehouse District. It happened before sunrise. Traffic is building up. Send someone now!,boat accident; warehouse district; happened,CRASH,1
"It's, um, We have a forest fire near River Bridge. It happened a few minutes ago. Visibility is poor.",river bridge; forest fire; happened,FIRE,2
Please hurry! I am near Harbor Area and there has been a aircraft emergency. The road is affected and I can see unstable structure. Visibility is poor. A driver is waiting. Please hurry!,unstable structure; aircraft emergency; harbor area,CRASH,2
"I... I don't know, I am near City Center and there has been a hazardous material incident. The road is affected and I can see debris. Please hurry!",hazardous material incident; city center; debris,HAZMAT,2
"It's, um, Oh my god! I think there has been a power line failure near Dam Road. a trapped passenger. Visibility is poor. The incident happened this afternoon.",a trapped passenger; power line failure; dam road,HAZMAT,4
Help! Heavy extreme heat is making the situation worse near Industrial Gate. There is a electrical accident. Visibility is poor.,electrical accident; extreme heat; industrial gate,FIRE,2
Reports are coming in from Dam Road about a motorcycle accident. There is blocked road. Traffic is building up. Visibility is poor. Please hurry!,blocked road; motorcycle accident; dam road,CRASH,1
"Wait, yes, A resident says there is a heat emergency near Main Highway. They noticed diesel leak.",main highway; diesel leak; heat emergency,MEDICAL,2
We have a urban flooding near Railway Yard. It happened during rush hour. The weather is poor visibility. The weather is poor visibility. Please hurry!,railway yard; poor visibility; urban flooding,FLOOD,3
I am near Commercial Street and there has been a evacuation. The road is affected and I can see fire.,commercial street; fire; evacuation,RESCUE,2
Help! There has been a flash flood near Warehouse District. I can see a ambulance involved and one injured person. A child is waiting. Visibility is poor. Send someone now!,one injured person; warehouse district; flash flood,FLOOD,2
There's... Heavy poor visibility is making the situation worse near Coastal Road. There is a landslide. People are moving away. The weather is poor visibility. What do I do?!,poor visibility; coastal road; landslide,RESCUE,1
"It's, um, There has been a fuel leak near River Bridge. I can see a truck involved and two injured people. What do I do?!",two injured people; fuel leak; river bridge,HAZMAT,3
"I... I don't know, Oh my god! I am near Eastern Bypass and there has been a building fire. The road is affected and I can see toxic fumes.",building fire; eastern bypass; toxic fumes,FIRE,3
"Wait, yes, I am near Industrial Gate and there has been a warehouse fire. The road is affected and I can see oil spill.",industrial gate; oil spill; warehouse fire,FIRE,2
There's... Please hurry! I think there has been a urban flooding near Eastern Bypass. multiple casualties.,multiple casualties; urban flooding; eastern bypass,FLOOD,5
Oh my god! I am near Forest Checkpoint and there has been a truck accident. The road is affected and I can see fire. The weather is strong winds.,truck accident; strong winds; forest checkpoint,CRASH,2
Help! Heavy thunderstorm is making the situation worse near Railway Station. There is a factory fire. Traffic is building up. Please hurry!,railway station; factory fire; thunderstorm,FIRE,2
"It's, um, Oh my god! I think there has been a electrical accident near Old Railway Crossing. two injured people. A resident is waiting. What do I do?!",old railway crossing; two injured people; electrical accident,FIRE,3
Ahhh! I think there has been a bridge damage near Central Flyover. several injured people. People are moving away. Send someone now!,several injured people; central flyover; bridge damage,RESCUE,3
Oh my god! The caller says there is a boat accident at Main Highway. Please hurry!,main highway; boat accident; caller,CRASH,1
911? I am near Tunnel Entrance and there has been a cyclone damage. The road is affected and I can see oil spill.,cyclone damage; oil spill; tunnel entrance,CYCLONE,2
"I... I don't know, I think there has been a car rollover near Western Expressway. two injured people.",two injured people; western expressway; car rollover,CRASH,2
The caller says there is a missing person at Forest Checkpoint.,missing person; forest checkpoint; caller,RESCUE,2
Reports are coming in from North Underpass about a heat emergency. There is debris. Visibility is poor.,north underpass; heat emergency; debris,MEDICAL,2
Heavy extreme heat is making the situation worse near Shopping District. There is a bridge damage. Visibility is poor.,extreme heat; shopping district; bridge damage,RESCUE,1
We have a storm damage near Underpass. It happened before sunrise. A worker is waiting.,storm damage; worker; underpass,CYCLONE,2
Oh my god! Reports are coming in from Airport Road about a building collapse. There is oil spill.,airport road; building collapse; oil spill,RESCUE,5
There's... Ahhh! We have a urban flooding near Bus Terminal. It happened late last night. Visibility is poor. Send someone now!,urban flooding; bus terminal; theres,FLOOD,2
Please hurry! The caller says there is a missing person at Shopping District. The incident happened about ten minutes ago.,missing person; shopping district; please,RESCUE,2
There's... Ahhh! I am near Airport Road and there has been a cyclone damage. The road is affected and I can see debris. People are moving away. Please hurry!,airport road; cyclone damage; debris,CYCLONE,2
"It's, um, Please send help to Industrial Area. We have a power line failure involving a train. People are moving away.",power line failure; industrial area; train,HAZMAT,1
"It's, um, The caller says there is a landslide at Airport Junction. People are moving away. Traffic is building up. Send someone now!",airport junction; landslide; caller,RESCUE,1
"I... I don't know, Caller reports a industrial accident at Eastern Bypass. There is broken glass.",broken glass; industrial accident; eastern bypass,MEDICAL,2
There's... We have a industrial accident near River Bridge. It happened during rush hour. A construction worker is waiting. What do I do?!,construction worker; river bridge; industrial accident,MEDICAL,2
We have a drowning near Ring Road. It happened around midnight. A cyclist is waiting. Please hurry!,ring road; cyclist; drowning,RESCUE,5
Please hurry! There has been a industrial accident near Airport Junction. I can see a train involved and two injured people. People are moving away.,two injured people; airport junction; industrial accident,MEDICAL,3
"It's, um, Please send help to North Underpass. We have a heat emergency involving a van. The incident happened a few minutes ago. A child is waiting.",north underpass; heat emergency; van,MEDICAL,1
Oh my god! There has been a building collapse near Bus Depot. I can see a SUV involved and three injured passengers.,three injured passengers; building collapse; bus depot,RESCUE,4
"It's, um, Please hurry! I am near Railway Yard and there has been a factory fire. The road is affected and I can see blocked road. The incident happened around midnight. The incident happened around midnight.",railway yard; blocked road; factory fire,FIRE,3
There's... Ahhh! Heavy dust storm is making the situation worse near Main Highway. There is a fallen tree. Please hurry!,main highway; fallen tree; dust storm,RESCUE,2
Please hurry! Please send help to Bus Depot. We have a factory fire involving a train.,bus depot; factory fire; train,FIRE,2
"It's, um, Help! I am near College Road and there has been a earthquake damage. The road is affected and I can see unstable structure. The incident happened before sunrise. Visibility is poor.",earthquake damage; unstable structure; college road,RESCUE,5
"I... I don't know, Ahhh! We have a evacuation near South Flyover. It happened late last night. The incident happened late last night. Visibility is poor.",south flyover; evacuation; dont,RESCUE,1
Help! I think there has been a cold exposure near Factory Road. people with minor injuries. A resident is waiting.,people with minor injuries; cold exposure; factory road,MEDICAL,2
"I... I don't know, Oh my god! Heavy thunderstorm is making the situation worse near Dam Road. There is a power line failure. What do I do?!",power line failure; dam road; thunderstorm,HAZMAT,3
"I... I don't know, Please hurry! A cyclist says there is a electrical accident near Riverbank. They noticed fuel leak.",electrical accident; fuel leak; cyclist,FIRE,2
Ahhh! A passenger says there is a forest fire near Highway Toll Plaza. They noticed oil spill.,highway toll plaza; oil spill; forest fire,FIRE,3
"It's, um, Help! Caller reports a industrial accident at North Underpass. There is debris. Please hurry!",north underpass; industrial accident; debris,MEDICAL,2
Ahhh! Caller reports a car rollover at Shopping District. There is diesel leak. What do I do?!,diesel leak; shopping district; car rollover,CRASH,2
"Wait, yes, Oh my god! Please send help to Airport Road. We have a medical emergency involving a motorcycle. A cyclist is waiting. What do I do?!",airport road; medical emergency; cyclist,MEDICAL,2
Please hurry! Please send help to City Center. We have a urban flooding involving a ambulance.,city center; urban flooding; ambulance,FLOOD,3
"It's, um, 911? The caller says there is a cyclone damage at Bus Terminal.",cyclone damage; bus terminal; caller,CYCLONE,2
"It's, um, Please hurry! I think there has been a landslide near Commercial Street. multiple casualties. Traffic is building up. Send someone now!",multiple casualties; commercial street; landslide,RESCUE,5
There's... We have a severe rainfall near Shopping District. It happened a few minutes ago. The weather is cold weather.,cold weather; severe rainfall; shopping district,CYCLONE,1
"Wait, yes, Ahhh! I think there has been a stampede near River Bridge. two injured people. The weather is dust storm. A passenger is waiting.",two injured people; dust storm; river bridge,RESCUE,3
Please hurry! Please send help to Warehouse District. We have a truck accident involving a SUV. The incident happened a few minutes ago.,truck accident; warehouse district; suv,CRASH,1
Heavy cyclonic winds is making the situation worse near Factory Road. There is a flash flood. The weather is cyclonic winds.,cyclonic winds; flash flood; factory road,FLOOD,3
There has been a aircraft emergency near Industrial Gate. I can see a SUV involved and an injured child. People are moving away. Traffic is building up.,an injured child; industrial gate; aircraft emergency,CRASH,3
Help! The caller says there is a earthquake damage at Ring Road. People are moving away. Traffic is building up.,ring road; earthquake damage; help,RESCUE,4
"It's, um, Oh my god! The caller says there is a fuel leak at Industrial Area. Visibility is poor.",industrial area; fuel leak; caller,HAZMAT,2
911? Please send help to Bus Depot. We have a truck accident involving a ambulance. The incident happened a few minutes ago. Visibility is poor.,truck accident; bus depot; ambulance,CRASH,1
Help! There has been a heat emergency near College Road. I can see a tanker involved and a seriously injured driver.,a seriously injured driver; college road; heat emergency,MEDICAL,3
Ahhh! We have a urban flooding near Warehouse District. It happened this afternoon.,urban flooding; warehouse district; ahhh,FLOOD,3
"I... I don't know, Reports are coming in from Bus Depot about a building collapse. There is broken glass. A driver is waiting.",broken glass; building collapse; bus depot,RESCUE,4
The caller says there is a industrial accident at Warehouse District.,industrial accident; warehouse district; caller,MEDICAL,1
There's... Oh my god! I am near Airport Junction and there has been a heat emergency. The road is affected and I can see fire. The weather is heavy rain. Visibility is poor. What do I do?!,airport junction; heavy rain; heat emergency,MEDICAL,3
"It's, um, Help! The caller says there is a aircraft emergency at Tunnel Entrance. Visibility is poor. Traffic is building up.",tunnel entrance; aircraft emergency; help,CRASH,1
There has been a truck accident near Port Entrance. I can see a train involved and three injured passengers. The incident happened before sunrise. Traffic is building up. Please hurry!,three injured passengers; truck accident; port entrance,CRASH,2
911? Heavy strong winds is making the situation worse near South Flyover. There is a train derailment.,strong winds; south flyover; train derailment,CRASH,5
Please hurry! A construction worker says there is a aircraft emergency near Station Road. They noticed oil spill. Traffic is building up. Traffic is building up. What do I do?!,construction worker; oil spill; aircraft emergency,CRASH,2
Reports are coming in from Warehouse District about a medical emergency. There is fire. Traffic is building up. Traffic is building up.,warehouse district; medical emergency; fire,MEDICAL,2
Help! There has been a gas leak near Bus Terminal. I can see a sedan involved and several injured people. A child is waiting. A child is waiting. What do I do?!,several injured people; gas leak; bus terminal,HAZMAT,3
"Wait, yes, I think there has been a explosion near Highway Toll Plaza. an unconscious person.",an unconscious person; highway toll plaza; explosion,RESCUE,4
Help! Reports are coming in from Commercial Street about a missing person. There is rising water. A construction worker is waiting.,construction worker; missing person; rising water,RESCUE,2
"I... I don't know, Ahhh! Reports are coming in from Station Road about a crowd emergency. There is rising water. Please hurry!",crowd emergency; rising water; station road,RESCUE,1
Oh my god! There has been a building fire near Riverbank. I can see a delivery vehicle involved and three injured passengers. Visibility is poor. People are moving away.,three injured passengers; building fire; delivery vehicle,FIRE,2
Oh my god! Please send help to Western Expressway. We have a storm damage involving a motorcycle. A child is waiting. People are moving away.,storm damage; western expressway; child,CYCLONE,2
"It's, um, Heavy extreme heat is making the situation worse near South Flyover. There is a flash flood.",extreme heat; south flyover; flash flood,FLOOD,2
I think there has been a lightning strike near Underpass. two injured people. Traffic is building up. Visibility is poor. Please hurry!,two injured people; lightning strike; underpass,CYCLONE,2
There has been a bridge damage near Underpass. I can see a motorcycle involved and several injured people.,several injured people; bridge damage; motorcycle,RESCUE,3
Oh my god! I am near Coastal Road and there has been a drowning. The road is affected and I can see gas leak. The weather is thunderstorm. The incident happened around noon.,gas leak; coastal road; thunderstorm,RESCUE,5
Help! I am near Forest Checkpoint and there has been a truck accident. The road is affected and I can see fuel leak.,truck accident; fuel leak; forest checkpoint,CRASH,3
"Wait, yes, Please hurry! I think there has been a crowd emergency near Industrial Area. multiple casualties. A security guard is waiting. The weather is wet roads.",industrial area; crowd emergency; multiple casualties,RESCUE,4
Please hurry! A worker says there is a medical emergency near Industrial Area. They noticed broken glass. The incident happened during rush hour.,broken glass; industrial area; medical emergency,MEDICAL,2
Please hurry! I think there has been a severe rainfall near River Bridge. people with minor injuries.,people with minor injuries; severe rainfall; river bridge,CYCLONE,1
911? There has been a truck accident near Residential Block. I can see a tanker involved and a trapped passenger. What do I do?!,a trapped passenger; truck accident; residential block,CRASH,5
"I... I don't know, 911? Heavy wet roads is making the situation worse near Highway Toll Plaza. There is a railway accident. The incident happened around noon.",highway toll plaza; railway accident; wet roads,CRASH,2
We have a stampede near Warehouse District. It happened early this morning.,warehouse district; stampede; happened,RESCUE,2
I think there has been a bus crash near Industrial Area. an unconscious person. People are moving away.,an unconscious person; industrial area; bus crash,CRASH,4
There's... I think there has been a electrical accident near Dam Road. people with minor injuries. The incident happened just now. Visibility is poor.,people with minor injuries; electrical accident; dam road,FIRE,2
Heavy cold weather is making the situation worse near Tunnel Entrance. There is a boat accident. Please hurry!,boat accident; cold weather; tunnel entrance,CRASH,1
Help! I think there has been a building fire near Underpass. an unconscious person. A shopkeeper is waiting.,an unconscious person; building fire; shopkeeper,FIRE,4
Ahhh! Reports are coming in from Bus Depot about a building collapse. There is fallen tree. A child is waiting. A child is waiting. Send someone now!,fallen tree; building collapse; bus depot,RESCUE,5
There's... Help! I am near Industrial Gate and there has been a evacuation. The road is affected and I can see fuel leak. The incident happened early this morning.,industrial gate; fuel leak; evacuation,RESCUE,3
There's... I am near Main Highway and there has been a car rollover. The road is affected and I can see smoke. Visibility is poor. What do I do?!,main highway; car rollover; smoke,CRASH,2
Please hurry! A resident says there is a forest fire near Airport Junction. They noticed chemical fumes. People are moving away. A resident is waiting.,airport junction; chemical fumes; forest fire,FIRE,2
There's... Oh my god! I think there has been a boat accident near Industrial Area. one injured person. People are moving away. People are moving away. Please hurry!,one injured person; boat accident; industrial area,CRASH,3
"I... I don't know, Reports are coming in from Port Entrance about a earthquake damage. There is fuel leak. Traffic is building up. People are moving away.",port entrance; earthquake damage; fuel leak,RESCUE,5
"Wait, yes, Heavy dense fog is making the situation worse near Residential Block. There is a dam overflow. The weather is dense fog.",dense fog; residential block; dam overflow,FLOOD,1
There's... Please send help to Central Market. We have a gas leak involving a ambulance. Please hurry!,gas leak; central market; ambulance,HAZMAT,3
"It's, um, Please send help to Coastal Road. We have a crowd emergency involving a fuel tanker. Visibility is poor. People are moving away. What do I do?!",crowd emergency; coastal road; fuel tanker,RESCUE,1
The caller says there is a forest fire at Old Bridge. The weather is thunderstorm.,old bridge; forest fire; thunderstorm,FIRE,2
911? Please send help to City Hospital. We have a aircraft emergency involving a fuel tanker. The weather is stormy weather.,stormy weather; city hospital; aircraft emergency,CRASH,3
Help! There has been a warehouse fire near Underpass. I can see a tanker involved and a seriously injured driver. Traffic is building up. People are moving away. What do I do?!,a seriously injured driver; warehouse fire; tanker,FIRE,2
A elderly person says there is a wildfire near Airport Junction. They noticed oil spill. Send someone now!,airport junction; oil spill; elderly person,FIRE,3
I think there has been a warehouse fire near Railway Yard. three injured passengers. Visibility is poor. The incident happened around noon. What do I do?!,three injured passengers; railway yard; warehouse fire,FIRE,3
There's... Please hurry! The caller says there is a forest fire at River Bridge. The weather is wet roads. The incident happened late last night.,river bridge; wet roads; forest fire,FIRE,2
"I... I don't know, There has been a urban flooding near College Road. I can see a van involved and people with minor injuries.",people with minor injuries; urban flooding; college road,FLOOD,2
"I... I don't know, Please hurry! Please send help to College Road. We have a missing person involving a sedan. A driver is waiting. Traffic is building up. Send someone now!",missing person; college road; driver,RESCUE,2
I think there has been a industrial accident near Central Flyover. multiple casualties. The incident happened during rush hour. People are moving away. What do I do?!,central flyover; multiple casualties; industrial accident,MEDICAL,4
"It's, um, 911? There has been a wildfire near Tunnel Entrance. I can see a SUV involved and two injured people. Traffic is building up. People are moving away. Send someone now!",two injured people; tunnel entrance; wildfire,FIRE,2
911? There has been a medical emergency near Coastal Road. I can see a delivery vehicle involved and an unconscious person.,an unconscious person; coastal road; delivery vehicle,MEDICAL,4
Ahhh! Caller reports a fuel leak at Bus Terminal. There is fuel leak. Visibility is poor. A resident is waiting.,fuel leak; bus terminal; resident,HAZMAT,2
There's... Heavy lightning is making the situation worse near Underpass. There is a truck accident. Visibility is poor. Please hurry!,truck accident; lightning; underpass,CRASH,1
There has been a severe rainfall near Commercial Street. I can see a fuel tanker involved and people with minor injuries. Traffic is building up.,people with minor injuries; severe rainfall; commercial street,CYCLONE,1
"It's, um, Oh my god! There has been a bridge damage near Airport Road. I can see a car involved and several injured people. The incident happened about half an hour ago. The incident happened about half an hour ago.",several injured people; airport road; bridge damage,RESCUE,2
"Wait, yes, Please hurry! I am near Central Flyover and there has been a earthquake damage. The road is affected and I can see diesel leak. The weather is continuous rainfall. Visibility is poor. What do I do?!",central flyover; earthquake damage; diesel leak,RESCUE,5
There's... The caller says there is a building fire at Factory Road. People are moving away. A shopkeeper is waiting.,building fire; factory road; shopkeeper,FIRE,2
"Wait, yes, I am near South Flyover and there has been a gas leak. The road is affected and I can see fallen tree.",fallen tree; gas leak; south flyover,HAZMAT,2
911? I am near Factory Road and there has been a building fire. The road is affected and I can see fuel leak. Send someone now!,fuel leak; building fire; factory road,FIRE,2
Oh my god! I think there has been a bridge damage near Main Highway. a trapped passenger. Traffic is building up. Send someone now!,a trapped passenger; main highway; bridge damage,RESCUE,4
Oh my god! The caller says there is a cyclone damage at Commercial Street. The weather is poor visibility. People are moving away.,poor visibility; cyclone damage; commercial street,CYCLONE,1
I think there has been a wildfire near City Hospital. several injured people. Visibility is poor. The incident happened early this morning. Please hurry!,several injured people; city hospital; wildfire,FIRE,2
"It's, um, Oh my god! Heavy wet roads is making the situation worse near Bus Depot. There is a missing person. A worker is waiting. The weather is wet roads.",missing person; wet roads; bus depot,RESCUE,1
We have a flash flood near Coastal Road. It happened around midnight. The incident happened around midnight. The weather is stormy weather.,stormy weather; coastal road; flash flood,FLOOD,3
Please hurry! A pedestrian says there is a boat accident near Industrial Gate. They noticed chemical fumes. The incident happened late last night. Visibility is poor. Send someone now!,boat accident; industrial gate; chemical fumes,CRASH,1
There has been a vehicle collision near Airport Road. I can see a tanker involved and one injured person. Send someone now!,one injured person; airport road; vehicle collision,CRASH,2
Caller reports a lightning strike at Forest Checkpoint. There is gas leak. People are moving away.,lightning strike; gas leak; forest checkpoint,CYCLONE,2
"Wait, yes, A worker says there is a aircraft emergency near Old Railway Crossing. They noticed toxic fumes. Traffic is building up.",old railway crossing; aircraft emergency; toxic fumes,CRASH,2
Heavy cyclonic winds is making the situation worse near Tunnel Entrance. There is a warehouse fire. Traffic is building up.,tunnel entrance; warehouse fire; cyclonic winds,FIRE,3
Ahhh! The caller says there is a factory fire at Outer Ring Road. Visibility is poor. Traffic is building up. What do I do?!,outer ring road; factory fire; ahhh,FIRE,3
Oh my god! The caller says there is a boat accident at City Hospital. What do I do?!,boat accident; city hospital; caller,CRASH,1
"I... I don't know, A elderly person says there is a chemical spill near Warehouse District. They noticed smoke.",elderly person; chemical spill; warehouse district,HAZMAT,2
Reports are coming in from Old Railway Crossing about a earthquake damage. There is unstable structure. Visibility is poor. The incident happened before sunrise.,old railway crossing; earthquake damage; unstable structure,RESCUE,5
Caller reports a factory fire at Dam Road. There is unstable structure. The incident happened this afternoon.,unstable structure; factory fire; dam road,FIRE,3
Heavy dense fog is making the situation worse near Industrial Gate. There is a gas leak. The weather is dense fog. Please hurry!,industrial gate; dense fog; gas leak,HAZMAT,3
Oh my god! Heavy continuous rainfall is making the situation worse near Dam Road. There is a drowning. Traffic is building up. The incident happened around noon.,continuous rainfall; dam road; drowning,RESCUE,4
"Wait, yes, 911? The caller says there is a car rollover at Railway Yard. Send someone now!",railway yard; car rollover; wait,CRASH,2
"Wait, yes, I think there has been a warehouse fire near Ring Road. people with minor injuries. The incident happened a few minutes ago. Traffic is building up. Send someone now!",people with minor injuries; ring road; warehouse fire,FIRE,3
"It's, um, 911? Caller reports a motorcycle accident at Factory Road. There is oil spill. A shopkeeper is waiting. Visibility is poor. Send someone now!",oil spill; motorcycle accident; factory road,CRASH,2
There's... The caller says there is a medical emergency at Station Road. A resident is waiting. A resident is waiting.,station road; medical emergency; resident,MEDICAL,2
"I... I don't know, Heavy lightning is making the situation worse near North Underpass. There is a landslide. Visibility is poor.",north underpass; lightning; landslide,RESCUE,1
Help! A elderly person says there is a building collapse near City Center. They noticed blocked road. A elderly person is waiting. Visibility is poor. Please hurry!,city center; blocked road; building collapse,RESCUE,4
I am near Forest Checkpoint and there has been a aircraft emergency. The road is affected and I can see rising water.,rising water; aircraft emergency; forest checkpoint,CRASH,2
Please hurry! A pedestrian says there is a chemical spill near Western Expressway. They noticed live electrical wires. The incident happened during rush hour. Please hurry!,live electrical wires; chemical spill; western expressway,HAZMAT,2
Please send help to Coastal Road. We have a railway accident involving a school bus.,school bus; railway accident; coastal road,CRASH,1
Caller reports a landslide at Outer Ring Road. There is broken glass. Traffic is building up. What do I do?!,outer ring road; broken glass; landslide,RESCUE,2
There's... A shopkeeper says there is a car rollover near Shopping District. They noticed gas leak. The weather is poor visibility.,poor visibility; gas leak; shopping district,CRASH,3
There's... Help! A pedestrian says there is a chemical spill near City Center. They noticed chemical fumes.,city center; chemical spill; chemical fumes,HAZMAT,3
Help! I think there has been a evacuation near Central Market. three injured passengers. Traffic is building up.,three injured passengers; central market; evacuation,RESCUE,3
"I... I don't know, We have a forest fire near Old Railway Crossing. It happened early this morning.",old railway crossing; forest fire; dont,FIRE,2
There's... Oh my god! Reports are coming in from Coastal Road about a building collapse. There is fallen tree. Send someone now!,fallen tree; building collapse; coastal road,RESCUE,5
Help! Reports are coming in from Central Flyover about a dam overflow. There is toxic fumes. A cyclist is waiting. Send someone now!,central flyover; dam overflow; toxic fumes,FLOOD,1
"I... I don't know, Reports are coming in from Central Flyover about a stampede. There is fallen tree.",fallen tree; central flyover; stampede,RESCUE,2
911? We have a bridge damage near Main Highway. It happened early this morning. The weather is dust storm. A worker is waiting. Please hurry!,main highway; dust storm; bridge damage,RESCUE,3
The caller says there is a fuel leak at Forest Checkpoint. Visibility is poor. People are moving away.,fuel leak; forest checkpoint; caller,HAZMAT,2
There's... A driver says there is a missing person near Temple Road. They noticed fallen tree. Traffic is building up. A driver is waiting.,fallen tree; missing person; temple road,RESCUE,2
Please hurry! I am near Dam Road and there has been a lightning strike. The road is affected and I can see fallen tree. What do I do?!,lightning strike; fallen tree; dam road,CYCLONE,1
"It's, um, Heavy cyclonic winds is making the situation worse near Railway Yard. There is a chemical spill. The incident happened around midnight. People are moving away.",railway yard; chemical spill; cyclonic winds,HAZMAT,3
911? A resident says there is a landslide near Warehouse District. They noticed toxic fumes. Send someone now!,warehouse district; toxic fumes; resident,RESCUE,1
Reports are coming in from South Flyover about a chemical spill. There is fire. People are moving away. The incident happened before sunrise.,chemical spill; south flyover; fire,HAZMAT,2
The caller says there is a boat accident at City Center.,boat accident; city center; caller,CRASH,2
The caller says there is a fallen tree at Central Flyover. The weather is dust storm. Send someone now!,fallen tree; dust storm; central flyover,RESCUE,3
"Wait, yes, Oh my god! I am near Old Railway Crossing and there has been a motorcycle accident. The road is affected and I can see blocked road. Please hurry!",old railway crossing; blocked road; motorcycle accident,CRASH,1
"Wait, yes, Please hurry! I am near Bus Terminal and there has been a building fire. The road is affected and I can see debris. Send someone now!",bus terminal; building fire; debris,FIRE,3
Oh my god! There has been a railway accident near Western Expressway. I can see a sedan involved and a trapped passenger. Send someone now!,a trapped passenger; railway accident; western expressway,CRASH,4
"Wait, yes, Ahhh! Heavy cyclonic winds is making the situation worse near Railway Yard. There is a dam overflow. A pedestrian is waiting. The weather is cyclonic winds. Please hurry!",railway yard; cyclonic winds; dam overflow,FLOOD,2
Oh my god! Reports are coming in from Tunnel Entrance about a vehicle collision. There is live electrical wires.,live electrical wires; vehicle collision; tunnel entrance,CRASH,2
Please send help to River Bridge. We have a stampede involving a SUV.,river bridge; stampede; suv,RESCUE,1
There's... Caller reports a building collapse at Ring Road. There is debris. The incident happened about half an hour ago.,ring road; building collapse; debris,RESCUE,4
Heavy stormy weather is making the situation worse near Station Road. There is a landslide. People are moving away.,stormy weather; station road; landslide,RESCUE,3
Heavy wet roads is making the situation worse near Riverbank. There is a evacuation. The weather is wet roads. The weather is wet roads. Please hurry!,wet roads; riverbank; evacuation,RESCUE,2
A shopkeeper says there is a dam overflow near Highway Toll Plaza. They noticed broken glass. The weather is cyclonic winds.,highway toll plaza; broken glass; cyclonic winds,FLOOD,1
Please send help to Forest Checkpoint. We have a building collapse involving a school bus. A construction worker is waiting.,school bus; construction worker; building collapse,RESCUE,4
Reports are coming in from Port Entrance about a hazardous material incident. There is blocked road. What do I do?!,hazardous material incident; blocked road; port entrance,HAZMAT,1
911? There has been a severe rainfall near Outer Ring Road. I can see a delivery vehicle involved and one injured person. The incident happened around noon. Send someone now!,one injured person; outer ring road; severe rainfall,CYCLONE,2
Help! The caller says there is a forest fire at Harbor Area. Please hurry!,harbor area; forest fire; help,FIRE,2
Ahhh! I think there has been a medical emergency near Harbor Area. people with minor injuries.,people with minor injuries; harbor area; medical emergency,MEDICAL,2
"Wait, yes, Ahhh! The caller says there is a medical emergency at Residential Block. What do I do?!",residential block; medical emergency; wait,MEDICAL,2
"Wait, yes, We have a missing person near Bus Terminal. It happened this afternoon. People are moving away.",missing person; bus terminal; wait,RESCUE,2
"I... I don't know, Caller reports a wildfire at Eastern Bypass. There is oil spill. People are moving away.",oil spill; eastern bypass; wildfire,FIRE,2
A child says there is a flash flood near Industrial Area. They noticed smoke. The weather is dust storm. The weather is dust storm.,industrial area; dust storm; flash flood,FLOOD,2
Please hurry! Please send help to Coastal Road. We have a medical emergency involving a truck. Please hurry!,coastal road; medical emergency; truck,MEDICAL,1
"Wait, yes, Please hurry! I am near Bus Terminal and there has been a cold exposure. The road is affected and I can see broken glass. A resident is waiting. Visibility is poor. Send someone now!",broken glass; bus terminal; cold exposure,MEDICAL,1
"It's, um, Ahhh! Caller reports a missing person at Old Bridge. There is live electrical wires. Send someone now!",live electrical wires; old bridge; missing person,RESCUE,1
There has been a fuel leak near Station Road. I can see a delivery vehicle involved and two injured people. A security guard is waiting.,two injured people; fuel leak; security guard,HAZMAT,3
"It's, um, Please hurry! We have a earthquake damage near Shopping District. It happened about ten minutes ago. Traffic is building up.",earthquake damage; shopping district; please,RESCUE,5
We have a industrial accident near Underpass. It happened about ten minutes ago. The incident happened about ten minutes ago.,industrial accident; underpass; happened,MEDICAL,2
There's... 911? Reports are coming in from Railway Station about a wildfire. There is broken glass.,broken glass; railway station; wildfire,FIRE,2
Please hurry! We have a urban flooding near Riverbank. It happened just now. The weather is continuous rainfall. People are moving away. What do I do?!,continuous rainfall; urban flooding; riverbank,FLOOD,3
There's... Ahhh! Heavy poor visibility is making the situation worse near Industrial Gate. There is a train derailment. People are moving away. Traffic is building up. What do I do?!,industrial gate; poor visibility; train derailment,CRASH,4
Ahhh! Reports are coming in from Station Road about a building fire. There is oil spill. A worker is waiting. Traffic is building up.,oil spill; building fire; station road,FIRE,3
I am near Port Entrance and there has been a aircraft emergency. The road is affected and I can see fire. Traffic is building up. What do I do?!,port entrance; aircraft emergency; fire,CRASH,2
Oh my god! Reports are coming in from Airport Junction about a motorcycle accident. There is smoke. The incident happened during rush hour.,airport junction; motorcycle accident; smoke,CRASH,1
Help! A worker says there is a electrical accident near North Underpass. They noticed oil spill. A worker is waiting. People are moving away. Send someone now!,electrical accident; north underpass; oil spill,FIRE,2
There's... Ahhh! Caller reports a cold exposure at Coastal Road. There is rising water. A cyclist is waiting.,rising water; coastal road; cold exposure,MEDICAL,2
"Wait, yes, Please send help to Market Road. We have a truck accident involving a fuel tanker. The incident happened late last night.",truck accident; market road; fuel tanker,CRASH,1
There's... Oh my god! Please send help to Bus Terminal. We have a motorcycle accident involving a car. What do I do?!,motorcycle accident; bus terminal; car,CRASH,1
"Wait, yes, Help! We have a motorcycle accident near Temple Road. It happened just now. Traffic is building up. What do I do?!",temple road; motorcycle accident; wait,CRASH,1
The caller says there is a building fire at Bus Terminal. The incident happened just now. A shopkeeper is waiting.,bus terminal; building fire; shopkeeper,FIRE,2
"It's, um, Reports are coming in from Coastal Road about a gas leak. There is broken glass. Traffic is building up. Traffic is building up.",broken glass; gas leak; coastal road,HAZMAT,2
I think there has been a industrial accident near Bus Depot. a trapped passenger. Visibility is poor. Please hurry!,a trapped passenger; industrial accident; bus depot,MEDICAL,4
There's... Caller reports a boat accident at Dam Road. There is fuel leak. The incident happened a few minutes ago. The weather is thunderstorm. Send someone now!,boat accident; fuel leak; dam road,CRASH,3
Oh my god! Please send help to Airport Road. We have a railway accident involving a school bus. What do I do?!,school bus; railway accident; airport road,CRASH,2
Please send help to Warehouse District. We have a power line failure involving a train. Please hurry!,power line failure; warehouse district; train,HAZMAT,1
911? Reports are coming in from Bus Terminal about a earthquake damage. There is oil spill.,oil spill; earthquake damage; bus terminal,RESCUE,5
There's... Please hurry! We have a truck accident near Commercial Street. It happened about ten minutes ago. A driver is waiting. Visibility is poor.,truck accident; commercial street; driver,CRASH,2
"I... I don't know, The caller says there is a lightning strike at Shopping District. The weather is poor visibility. People are moving away.",lightning strike; poor visibility; shopping district,CYCLONE,1
"It's, um, Heavy wet roads is making the situation worse near College Road. There is a power line failure. A elderly person is waiting. A elderly person is waiting. Send someone now!",power line failure; elderly person; wet roads,HAZMAT,1
Ahhh! A pedestrian says there is a fuel leak near Tunnel Entrance. They noticed smoke.,fuel leak; tunnel entrance; pedestrian,HAZMAT,2
911? I think there has been a boat accident near Industrial Area. three injured passengers. A shopkeeper is waiting. The weather is heavy rain. Send someone now!,three injured passengers; boat accident; industrial area,CRASH,2
Ahhh! Please send help to Forest Checkpoint. We have a bridge damage involving a tanker. Please hurry!,bridge damage; forest checkpoint; tanker,RESCUE,1
Reports are coming in from City Center about a fallen tree. There is oil spill. A pedestrian is waiting. Visibility is poor. Please hurry!,city center; fallen tree; oil spill,RESCUE,2
"It's, um, Oh my god! Please send help to Western Expressway. We have a severe rainfall involving a tanker. Visibility is poor.",severe rainfall; western expressway; tanker,CYCLONE,2
Oh my god! I am near Forest Checkpoint and there has been a lightning strike. The road is affected and I can see gas leak. A shopkeeper is waiting. The incident happened before sunrise.,lightning strike; gas leak; forest checkpoint,CYCLONE,2
"Wait, yes, I think there has been a power line failure near Ring Road. a trapped passenger. A shopkeeper is waiting. Visibility is poor.",a trapped passenger; power line failure; ring road,HAZMAT,4
911? Caller reports a motorcycle accident at Station Road. There is live electrical wires. Traffic is building up. Send someone now!,live electrical wires; motorcycle accident; station road,CRASH,1
Ahhh! There has been a gas leak near Railway Station. I can see a van involved and several injured people. The incident happened before sunrise. Visibility is poor.,several injured people; railway station; gas leak,HAZMAT,2
Help! The caller says there is a drowning at Tunnel Entrance. The weather is heavy rain. People are moving away.,tunnel entrance; heavy rain; drowning,RESCUE,5
Please send help to Market Road. We have a chemical spill involving a train. The weather is thunderstorm.,chemical spill; market road; thunderstorm,HAZMAT,2
"Wait, yes, Reports are coming in from Eastern Bypass about a boat accident. There is rising water. The incident happened this afternoon. A resident is waiting. Please hurry!",boat accident; rising water; eastern bypass,CRASH,2
Please hurry! There has been a crowd emergency near Central Market. I can see a school bus involved and a seriously injured driver. The incident happened early this morning. What do I do?!,a seriously injured driver; school bus; crowd emergency,RESCUE,2
Caller reports a chemical spill at Harbor Area. There is smoke.,chemical spill; harbor area; smoke,HAZMAT,2
The caller says there is a chemical spill at Warehouse District. Send someone now!,chemical spill; warehouse district; caller,HAZMAT,3
"It's, um, Caller reports a storm damage at Underpass. There is unstable structure.",storm damage; unstable structure; underpass,CYCLONE,2
Oh my god! We have a cold exposure near Eastern Bypass. It happened about ten minutes ago. Visibility is poor. Traffic is building up.,cold exposure; eastern bypass; happened,MEDICAL,1
911? Please send help to Commercial Street. We have a evacuation involving a school bus. Traffic is building up. The incident happened around noon.,school bus; commercial street; evacuation,RESCUE,2
Oh my god! We have a industrial accident near Railway Station. It happened before sunrise. The incident happened before sunrise.,railway station; industrial accident; happened,MEDICAL,2
Ahhh! Reports are coming in from Railway Yard about a wildfire. There is gas leak. A security guard is waiting. A security guard is waiting.,railway yard; security guard; gas leak,FIRE,3
Ahhh! There has been a cold exposure near South Flyover. I can see a school bus involved and multiple casualties. The incident happened during rush hour. A pedestrian is waiting. Send someone now!,school bus; multiple casualties; south flyover,MEDICAL,5
I am near Temple Road and there has been a severe rainfall. The road is affected and I can see live electrical wires. What do I do?!,live electrical wires; severe rainfall; temple road,CYCLONE,1
"Wait, yes, Please hurry! Please send help to Station Road. We have a car rollover involving a train. A passenger is waiting. Traffic is building up. What do I do?!",station road; car rollover; train,CRASH,1
I think there has been a train derailment near North Underpass. one injured person. Visibility is poor. Visibility is poor.,one injured person; north underpass; train derailment,CRASH,4
The caller says there is a car rollover at Residential Block.,residential block; car rollover; caller,CRASH,2
911? Caller reports a gas leak at Riverbank. There is smoke. Visibility is poor.,gas leak; riverbank; smoke,HAZMAT,2
There's... We have a dam overflow near Old Bridge. It happened early this morning.,old bridge; dam overflow; theres,FLOOD,1
Oh my god! Please send help to Western Expressway. We have a building fire involving a motorcycle. People are moving away. The weather is heavy rain.,heavy rain; building fire; western expressway,FIRE,2
There has been a bus crash near Shopping District. I can see a train involved and one injured person. Visibility is poor. Traffic is building up.,one injured person; bus crash; shopping district,CRASH,2
Oh my god! We have a heat emergency near Tunnel Entrance. It happened this afternoon. The incident happened this afternoon.,tunnel entrance; heat emergency; happened,MEDICAL,2
"It's, um, 911? I think there has been a evacuation near City Center. one injured person. People are moving away. The weather is poor visibility.",one injured person; city center; poor visibility,RESCUE,2
"It's, um, Oh my god! Caller reports a hazardous material incident at Coastal Road. There is broken glass. People are moving away. The weather is thunderstorm. Please hurry!",hazardous material incident; broken glass; coastal road,HAZMAT,2
Please hurry! Reports are coming in from River Bridge about a power line failure. There is fuel leak. The weather is dense fog. People are moving away.,power line failure; dense fog; fuel leak,HAZMAT,2
"It's, um, Caller reports a cyclone damage at Shopping District. There is gas leak. What do I do?!",cyclone damage; gas leak; shopping district,CYCLONE,2
Please hurry! Reports are coming in from Factory Road about a road blockage. There is diesel leak.,road blockage; diesel leak; factory road,RESCUE,2
I think there has been a railway accident near Forest Checkpoint. two injured people. The incident happened early this morning. A driver is waiting.,two injured people; railway accident; forest checkpoint,CRASH,3
Heavy dust storm is making the situation worse near Market Road. There is a fallen tree. Traffic is building up. What do I do?!,fallen tree; dust storm; market road,RESCUE,2
I think there has been a dam overflow near Bus Terminal. an unconscious person. Please hurry!,an unconscious person; bus terminal; dam overflow,FLOOD,4
Caller reports a cold exposure at Underpass. There is smoke.,cold exposure; underpass; smoke,MEDICAL,2
Help! Reports are coming in from Highway Toll Plaza about a road blockage. There is fire. Send someone now!,highway toll plaza; road blockage; fire,RESCUE,2
"It's, um, There has been a bridge damage near Underpass. I can see a SUV involved and people with minor injuries. Visibility is poor. Visibility is poor. Please hurry!",people with minor injuries; bridge damage; suv,RESCUE,2
"It's, um, Help! I am near Airport Junction and there has been a hazardous material incident. The road is affected and I can see smoke. Send someone now!",hazardous material incident; airport junction; smoke,HAZMAT,1
"I... I don't know, There has been a drowning near North Underpass. I can see a motorcycle involved and multiple casualties. Visibility is poor. What do I do?!",north underpass; multiple casualties; drowning,RESCUE,5
Ahhh! Reports are coming in from Tunnel Entrance about a stampede. There is toxic fumes. People are moving away. Visibility is poor.,tunnel entrance; toxic fumes; stampede,RESCUE,1
I think there has been a building collapse near Harbor Area. three injured passengers. People are moving away. A driver is waiting.,three injured passengers; building collapse; harbor area,RESCUE,5
There's... There has been a train derailment near Harbor Area. I can see a container truck involved and several injured people. The incident happened during rush hour. Send someone now!,several injured people; container truck; harbor area,CRASH,4
There has been a car rollover near College Road. I can see a train involved and several injured people.,several injured people; college road; car rollover,CRASH,2
The caller says there is a urban flooding at Residential Block. A construction worker is waiting.,construction worker; urban flooding; residential block,FLOOD,2
Caller reports a industrial accident at Port Entrance. There is oil spill. The incident happened during rush hour. A driver is waiting. What do I do?!,port entrance; oil spill; industrial accident,MEDICAL,2
Ahhh! We have a missing person near Underpass. It happened about half an hour ago. The incident happened about half an hour ago. Send someone now!,missing person; underpass; ahhh,RESCUE,2
"Wait, yes, Help! There has been a explosion near Temple Road. I can see a ambulance involved and a seriously injured driver. What do I do?!",a seriously injured driver; temple road; explosion,RESCUE,4
Reports are coming in from Station Road about a road blockage. There is diesel leak. Traffic is building up. A shopkeeper is waiting.,road blockage; diesel leak; station road,RESCUE,2
There's... Oh my god! I am near Bus Depot and there has been a chemical spill. The road is affected and I can see broken glass. The incident happened just now. The incident happened just now.,broken glass; chemical spill; bus depot,HAZMAT,3
"Wait, yes, Please send help to City Hospital. We have a boat accident involving a sedan. The weather is poor visibility. The weather is poor visibility. Please hurry!",boat accident; city hospital; poor visibility,CRASH,1
Oh my god! We have a train derailment near Station Road. It happened this afternoon. A pedestrian is waiting.,train derailment; station road; pedestrian,CRASH,5
"I... I don't know, I am near Residential Block and there has been a lightning strike. The road is affected and I can see oil spill. People are moving away. Traffic is building up.",lightning strike; oil spill; residential block,CYCLONE,3
"I... I don't know, 911? A worker says there is a drowning near Commercial Street. They noticed gas leak. Visibility is poor.",commercial street; gas leak; drowning,RESCUE,4
The caller says there is a wildfire at Central Market. A elderly person is waiting. People are moving away. Send someone now!,elderly person; central market; wildfire,FIRE,3
Ahhh! Caller reports a explosion at Forest Checkpoint. There is rising water. Traffic is building up. Traffic is building up.,rising water; forest checkpoint; explosion,RESCUE,4
Please send help to Station Road. We have a storm damage involving a tanker. Visibility is poor. Send someone now!,storm damage; station road; tanker,CYCLONE,2
"It's, um, Please hurry! Please send help to Bus Terminal. We have a truck accident involving a SUV. The weather is stormy weather. Please hurry!",stormy weather; truck accident; bus terminal,CRASH,2
Help! There has been a warehouse fire near Airport Junction. I can see a tanker involved and multiple casualties. People are moving away. The weather is stormy weather.,stormy weather; airport junction; multiple casualties,FIRE,5
"It's, um, Ahhh! Please send help to Main Highway. We have a railway accident involving a car. Visibility is poor.",main highway; railway accident; car,CRASH,1
There's... A passenger says there is a truck accident near Outer Ring Road. They noticed diesel leak.,outer ring road; truck accident; diesel leak,CRASH,2
We have a train derailment near Dam Road. It happened during rush hour. The weather is wet roads.,wet roads; train derailment; dam road,CRASH,4
A worker says there is a power line failure near Railway Yard. They noticed smoke.,power line failure; railway yard; worker,HAZMAT,2
I think there has been a forest fire near Airport Road. an unconscious person. A cyclist is waiting. What do I do?!,an unconscious person; airport road; forest fire,FIRE,4
Oh my god! Caller reports a warehouse fire at Industrial Gate. There is broken glass. The incident happened just now. Visibility is poor. What do I do?!,broken glass; industrial gate; warehouse fire,FIRE,3
"I... I don't know, Ahhh! Reports are coming in from Temple Road about a bridge damage. There is chemical fumes. Traffic is building up. A construction worker is waiting. Send someone now!",construction worker; temple road; chemical fumes,RESCUE,2
There's... 911? A driver says there is a railway accident near Commercial Street. They noticed smoke. Traffic is building up. A driver is waiting.,railway accident; commercial street; driver,CRASH,1
There has been a heat emergency near River Bridge. I can see a truck involved and several injured people. Visibility is poor.,several injured people; river bridge; heat emergency,MEDICAL,3
Help! Please send help to Bus Depot. We have a fuel leak involving a sedan. Traffic is building up.,fuel leak; bus depot; sedan,HAZMAT,2
Please hurry! There has been a chemical spill near Railway Station. I can see a sedan involved and three injured passengers. A shopkeeper is waiting. Traffic is building up.,three injured passengers; railway station; chemical spill,HAZMAT,3
A construction worker says there is a heat emergency near College Road. They noticed blocked road. People are moving away.,blocked road; construction worker; college road,MEDICAL,2
911? I think there has been a boat accident near Warehouse District. a seriously injured driver. The weather is strong winds. Visibility is poor.,a seriously injured driver; boat accident; strong winds,CRASH,3
Please hurry! Reports are coming in from Temple Road about a building collapse. There is smoke. The incident happened late last night. A resident is waiting. What do I do?!,building collapse; temple road; smoke,RESCUE,5
"I... I don't know, Ahhh! There has been a crowd emergency near Main Highway. I can see a fuel tanker involved and a trapped passenger. Traffic is building up.",a trapped passenger; main highway; crowd emergency,RESCUE,4
"It's, um, Reports are coming in from Old Bridge about a chemical spill. There is chemical fumes. A child is waiting.",old bridge; chemical spill; chemical fumes,HAZMAT,2
Ahhh! Please send help to College Road. We have a electrical accident involving a container truck. People are moving away. Please hurry!,electrical accident; container truck; college road,FIRE,1
Please send help to Dam Road. We have a severe rainfall involving a motorcycle. Visibility is poor. The weather is lightning.,severe rainfall; dam road; lightning,CYCLONE,1
Help! Please send help to North Underpass. We have a wildfire involving a container truck. Send someone now!,north underpass; container truck; wildfire,FIRE,3
The caller says there is a warehouse fire at Coastal Road. A worker is waiting. Please hurry!,coastal road; warehouse fire; worker,FIRE,3
"I... I don't know, Help! A resident says there is a heat emergency near Airport Road. They noticed chemical fumes.",airport road; chemical fumes; heat emergency,MEDICAL,1
There's... I am near Warehouse District and there has been a bus crash. The road is affected and I can see diesel leak.,diesel leak; bus crash; warehouse district,CRASH,3
"I... I don't know, 911? I am near Harbor Area and there has been a earthquake damage. The road is affected and I can see chemical fumes.",earthquake damage; chemical fumes; harbor area,RESCUE,4
Heavy extreme heat is making the situation worse near Market Road. There is a severe rainfall. Traffic is building up. Please hurry!,extreme heat; severe rainfall; market road,CYCLONE,1
There's... Ahhh! The caller says there is a fuel leak at Bus Terminal. The weather is cyclonic winds. Visibility is poor.,fuel leak; bus terminal; cyclonic winds,HAZMAT,2
There's... I think there has been a fallen tree near Dam Road. multiple casualties. Visibility is poor. Please hurry!,fallen tree; multiple casualties; dam road,RESCUE,4
Caller reports a industrial accident at Coastal Road. There is fallen tree. People are moving away. Please hurry!,fallen tree; industrial accident; coastal road,MEDICAL,2
"It's, um, Oh my god! The caller says there is a heat emergency at Port Entrance. Please hurry!",port entrance; heat emergency; caller,MEDICAL,2
"Wait, yes, Oh my god! I think there has been a evacuation near Market Road. several injured people. The weather is cold weather. What do I do?!",several injured people; cold weather; market road,RESCUE,2
There has been a bus crash near Old Railway Crossing. I can see a school bus involved and three injured passengers. Traffic is building up. Traffic is building up. Send someone now!,three injured passengers; old railway crossing; school bus,CRASH,2
A pedestrian says there is a earthquake damage near Port Entrance. They noticed live electrical wires. People are moving away.,live electrical wires; port entrance; earthquake damage,RESCUE,4
"It's, um, Help! A construction worker says there is a bus crash near Old Bridge. They noticed fire.",construction worker; old bridge; bus crash,CRASH,3
We have a chemical spill near Warehouse District. It happened around noon.,chemical spill; warehouse district; happened,HAZMAT,2
"I... I don't know, Oh my god! Heavy cold weather is making the situation worse near Industrial Gate. There is a urban flooding.",cold weather; industrial gate; urban flooding,FLOOD,3
"Wait, yes, The caller says there is a crowd emergency at Industrial Area. A passenger is waiting.",industrial area; crowd emergency; passenger,RESCUE,2
"Wait, yes, Caller reports a fuel leak at Harbor Area. There is toxic fumes. A shopkeeper is waiting. People are moving away. Please hurry!",fuel leak; harbor area; toxic fumes,HAZMAT,2
Caller reports a power line failure at Industrial Gate. There is smoke. The weather is cyclonic winds.,power line failure; industrial gate; cyclonic winds,HAZMAT,1
Reports are coming in from Old Bridge about a fallen tree. There is gas leak.,fallen tree; old bridge; gas leak,RESCUE,2
Oh my god! There has been a forest fire near Ring Road. I can see a SUV involved and several injured people. The weather is heavy rain. People are moving away.,several injured people; ring road; heavy rain,FIRE,2
"I... I don't know, 911? Heavy cyclonic winds is making the situation worse near Forest Checkpoint. There is a industrial accident.",industrial accident; cyclonic winds; forest checkpoint,MEDICAL,2
We have a bridge damage near Railway Yard. It happened early this morning. Traffic is building up. What do I do?!,railway yard; bridge damage; happened,RESCUE,2
There's... 911? We have a boat accident near South Flyover. It happened late last night. Traffic is building up. Please hurry!,boat accident; south flyover; theres,CRASH,1
Oh my god! The caller says there is a aircraft emergency at Residential Block.,residential block; aircraft emergency; caller,CRASH,1
"I... I don't know, 911? Please send help to Residential Block. We have a bridge damage involving a car. The incident happened late last night.",residential block; bridge damage; car,RESCUE,2
Help! I am near Harbor Area and there has been a missing person. The road is affected and I can see oil spill. A security guard is waiting. What do I do?!,missing person; oil spill; security guard,RESCUE,3
Oh my god! Please send help to Eastern Bypass. We have a boat accident involving a container truck. People are moving away. The weather is dense fog.,boat accident; container truck; dense fog,CRASH,2
There's... Oh my god! Heavy strong winds is making the situation worse near Dam Road. There is a road blockage. The weather is strong winds. Please hurry!,road blockage; strong winds; dam road,RESCUE,2
911? Caller reports a flash flood at Central Flyover. There is smoke. The incident happened during rush hour. Visibility is poor.,central flyover; flash flood; smoke,FLOOD,2
Please hurry! I am near Forest Checkpoint and there has been a evacuation. The road is affected and I can see blocked road.,blocked road; forest checkpoint; evacuation,RESCUE,2
The caller says there is a heat emergency at Highway Toll Plaza. People are moving away. Please hurry!,highway toll plaza; heat emergency; caller,MEDICAL,1
"I... I don't know, Heavy dense fog is making the situation worse near Highway Toll Plaza. There is a railway accident. The incident happened during rush hour.",highway toll plaza; railway accident; dense fog,CRASH,2
There's... I am near Bus Depot and there has been a railway accident. The road is affected and I can see chemical fumes.,railway accident; bus depot; chemical fumes,CRASH,2
There's... The caller says there is a drowning at River Bridge. Traffic is building up. The incident happened early this morning. Please hurry!,river bridge; drowning; theres,RESCUE,4
Oh my god! There has been a cold exposure near City Hospital. I can see a motorcycle involved and two injured people. Traffic is building up. People are moving away. Send someone now!,two injured people; city hospital; cold exposure,MEDICAL,3
911? Please send help to Harbor Area. We have a factory fire involving a van.,factory fire; harbor area; van,FIRE,2
Please hurry! A construction worker says there is a building fire near Railway Station. They noticed smoke. Traffic is building up. Send someone now!,construction worker; railway station; building fire,FIRE,2
"I... I don't know, A child says there is a train derailment near Highway Toll Plaza. They noticed fuel leak. Visibility is poor. Traffic is building up.",highway toll plaza; fuel leak; train derailment,CRASH,5
There's... A passenger says there is a motorcycle accident near Factory Road. They noticed rising water. A passenger is waiting. People are moving away. Send someone now!,rising water; motorcycle accident; factory road,CRASH,2
Help! There has been a urban flooding near Airport Junction. I can see a tanker involved and an injured child. Traffic is building up.,an injured child; airport junction; urban flooding,FLOOD,2
"I... I don't know, Help! Reports are coming in from Bus Terminal about a factory fire. There is blocked road. The weather is dust storm.",blocked road; dust storm; bus terminal,FIRE,3
911? There has been a stampede near Central Market. I can see a car involved and an injured child. People are moving away. People are moving away. What do I do?!,an injured child; central market; stampede,RESCUE,2
A security guard says there is a aircraft emergency near Shopping District. They noticed gas leak. Traffic is building up.,security guard; gas leak; aircraft emergency,CRASH,2
There's... Help! Please send help to Highway Toll Plaza. We have a industrial accident involving a tanker. Visibility is poor. Traffic is building up.,highway toll plaza; industrial accident; tanker,MEDICAL,1
Reports are coming in from Railway Station about a evacuation. There is debris.,railway station; debris; evacuation,RESCUE,2
911? Caller reports a wildfire at Warehouse District. There is fire. Send someone now!,warehouse district; wildfire; caller,FIRE,2
"It's, um, Caller reports a crowd emergency at Eastern Bypass. There is broken glass.",broken glass; crowd emergency; eastern bypass,RESCUE,1
Heavy continuous rainfall is making the situation worse near College Road. There is a wildfire. The incident happened around midnight.,continuous rainfall; college road; wildfire,FIRE,2
There's... Ahhh! There has been a vehicle collision near Port Entrance. I can see a bus involved and three injured passengers. The incident happened a few minutes ago. Visibility is poor.,three injured passengers; vehicle collision; port entrance,CRASH,3
Caller reports a building collapse at Shopping District. There is fuel leak. People are moving away.,building collapse; fuel leak; shopping district,RESCUE,4
Oh my god! A child says there is a car rollover near Railway Station. They noticed debris. The incident happened late last night.,railway station; car rollover; child,CRASH,1
Please hurry! Please send help to Western Expressway. We have a vehicle collision involving a motorcycle. The incident happened this afternoon. The incident happened this afternoon.,vehicle collision; western expressway; motorcycle,CRASH,2
Heavy wet roads is making the situation worse near Old Railway Crossing. There is a fallen tree.,old railway crossing; fallen tree; wet roads,RESCUE,1
"I... I don't know, Heavy dense fog is making the situation worse near Dam Road. There is a bridge damage. Send someone now!",dense fog; bridge damage; dam road,RESCUE,1
Caller reports a explosion at South Flyover. There is fuel leak. A cyclist is waiting. A cyclist is waiting.,fuel leak; south flyover; cyclist,RESCUE,5
Oh my god! Reports are coming in from Commercial Street about a heat emergency. There is oil spill. Traffic is building up. What do I do?!,oil spill; commercial street; heat emergency,MEDICAL,2
We have a chemical spill near Western Expressway. It happened around midnight. People are moving away. Please hurry!,chemical spill; western expressway; happened,HAZMAT,2
Ahhh! There has been a building fire near Bus Depot. I can see a bus involved and two injured people. Please hurry!,two injured people; bus depot; building fire,FIRE,2
Ahhh! I am near Station Road and there has been a road blockage. The road is affected and I can see debris. A cyclist is waiting. People are moving away. What do I do?!,road blockage; station road; cyclist,RESCUE,2
Oh my god! There has been a explosion near Airport Road. I can see a SUV involved and an unconscious person. Visibility is poor. Please hurry!,an unconscious person; airport road; explosion,RESCUE,4
Please hurry! I think there has been a storm damage near Commercial Street. two injured people.,two injured people; storm damage; commercial street,CYCLONE,3
"Wait, yes, Caller reports a gas leak at Market Road. There is rising water. People are moving away. Send someone now!",rising water; gas leak; market road,HAZMAT,2
911? I am near Main Highway and there has been a vehicle collision. The road is affected and I can see toxic fumes. The incident happened early this morning. People are moving away.,main highway; vehicle collision; toxic fumes,CRASH,1
"I... I don't know, The caller says there is a bus crash at Market Road.",bus crash; market road; dont,CRASH,3
"I... I don't know, I think there has been a car rollover near Port Entrance. two injured people. Traffic is building up. The incident happened about half an hour ago. Please hurry!",two injured people; port entrance; car rollover,CRASH,3
Ahhh! Caller reports a aircraft emergency at City Center. There is fire. A worker is waiting.,city center; aircraft emergency; fire,CRASH,2
There's... I am near Industrial Area and there has been a bridge damage. The road is affected and I can see fuel leak. The incident happened before sunrise.,industrial area; fuel leak; bridge damage,RESCUE,3
There's... Please send help to Underpass. We have a warehouse fire involving a container truck. Send someone now!,container truck; warehouse fire; underpass,FIRE,2
Please hurry! There has been a gas leak near Old Railway Crossing. I can see a car involved and a seriously injured driver. A driver is waiting. The incident happened this afternoon. What do I do?!,a seriously injured driver; old railway crossing; gas leak,HAZMAT,3
Please send help to Highway Toll Plaza. We have a forest fire involving a bus.,highway toll plaza; forest fire; bus,FIRE,3
"I... I don't know, There has been a aircraft emergency near Highway Toll Plaza. I can see a tanker involved and a seriously injured driver.",a seriously injured driver; highway toll plaza; aircraft emergency,CRASH,2
"Wait, yes, I am near Central Flyover and there has been a vehicle collision. The road is affected and I can see diesel leak. A elderly person is waiting.",vehicle collision; central flyover; diesel leak,CRASH,2
Please hurry! There has been a cyclone damage near Temple Road. I can see a van involved and a seriously injured driver. People are moving away. Send someone now!,a seriously injured driver; cyclone damage; temple road,CYCLONE,3
"Wait, yes, Help! The caller says there is a fallen tree at Shopping District. A pedestrian is waiting. Traffic is building up. Please hurry!",fallen tree; shopping district; pedestrian,RESCUE,2
Oh my god! The caller says there is a bus crash at Forest Checkpoint.,bus crash; forest checkpoint; caller,CRASH,3
There's... Help! A elderly person says there is a motorcycle accident near Ring Road. They noticed oil spill. People are moving away. What do I do?!,ring road; oil spill; elderly person,CRASH,3
Ahhh! The caller says there is a gas leak at Industrial Area. A security guard is waiting. The incident happened before sunrise. What do I do?!,industrial area; security guard; gas leak,HAZMAT,2
"Wait, yes, Help! We have a road blockage near Temple Road. It happened late last night.",road blockage; temple road; wait,RESCUE,2
Please hurry! There has been a lightning strike near Main Highway. I can see a bus involved and a trapped passenger.,a trapped passenger; main highway; lightning strike,CYCLONE,4
"It's, um, Help! The caller says there is a drowning at Coastal Road.",coastal road; drowning; help,RESCUE,5
Help! The caller says there is a motorcycle accident at Riverbank. A child is waiting. A child is waiting.,motorcycle accident; riverbank; child,CRASH,1
"Wait, yes, We have a drowning near Riverbank. It happened just now. The weather is strong winds.",strong winds; riverbank; drowning,RESCUE,4
"I... I don't know, I am near Shopping District and there has been a cold exposure. The road is affected and I can see fire. Visibility is poor. Send someone now!",cold exposure; shopping district; fire,MEDICAL,3
"Wait, yes, Help! There has been a crowd emergency near Forest Checkpoint. I can see a SUV involved and an unconscious person.",an unconscious person; crowd emergency; forest checkpoint,RESCUE,5
There has been a building fire near Market Road. I can see a school bus involved and several injured people. A cyclist is waiting. The weather is cold weather.,several injured people; school bus; cold weather,FIRE,2
Help! Heavy stormy weather is making the situation worse near Old Railway Crossing. There is a fallen tree. The incident happened during rush hour. People are moving away.,old railway crossing; stormy weather; fallen tree,RESCUE,2
There has been a drowning near Riverbank. I can see a train involved and an unconscious person.,an unconscious person; train; riverbank,RESCUE,5
Oh my god! I think there has been a gas leak near Eastern Bypass. an unconscious person. What do I do?!,an unconscious person; gas leak; eastern bypass,HAZMAT,5
Please hurry! Please send help to South Flyover. We have a vehicle collision involving a car. Visibility is poor.,vehicle collision; south flyover; car,CRASH,1
Ahhh! There has been a railway accident near Airport Junction. I can see a car involved and people with minor injuries. A pedestrian is waiting. A pedestrian is waiting.,people with minor injuries; railway accident; airport junction,CRASH,2
Help! Caller reports a motorcycle accident at Riverbank. There is smoke. A passenger is waiting. The incident happened a few minutes ago.,motorcycle accident; riverbank; passenger,CRASH,1
I think there has been a train derailment near South Flyover. a seriously injured driver. Traffic is building up. People are moving away.,a seriously injured driver; south flyover; train derailment,CRASH,5
There's... Please send help to Eastern Bypass. We have a explosion involving a fuel tanker. People are moving away. A resident is waiting.,fuel tanker; eastern bypass; explosion,RESCUE,5
I am near Central Market and there has been a medical emergency. The road is affected and I can see live electrical wires. The weather is cyclonic winds. The weather is cyclonic winds. What do I do?!,live electrical wires; cyclonic winds; central market,MEDICAL,2
"Wait, yes, A shopkeeper says there is a bridge damage near Main Highway. They noticed toxic fumes. The incident happened around midnight. Visibility is poor. Send someone now!",main highway; bridge damage; toxic fumes,RESCUE,1
"It's, um, Please hurry! Please send help to Residential Block. We have a landslide involving a truck. What do I do?!",residential block; truck; landslide,RESCUE,1
A child says there is a bridge damage near Airport Junction. They noticed chemical fumes. A child is waiting. The incident happened about half an hour ago. Please hurry!,airport junction; chemical fumes; bridge damage,RESCUE,2
A construction worker says there is a fuel leak near Port Entrance. They noticed fuel leak. People are moving away. Visibility is poor.,construction worker; port entrance; fuel leak,HAZMAT,2
A resident says there is a bus crash near Temple Road. They noticed live electrical wires. Traffic is building up. Send someone now!,live electrical wires; bus crash; temple road,CRASH,2
"It's, um, Help! Reports are coming in from Eastern Bypass about a drowning. There is live electrical wires. Visibility is poor. A passenger is waiting.",live electrical wires; eastern bypass; drowning,RESCUE,5
I think there has been a truck accident near Bus Depot. three injured passengers.,three injured passengers; truck accident; bus depot,CRASH,2
Ahhh! Reports are coming in from Station Road about a motorcycle accident. There is fallen tree. The weather is heavy rain.,fallen tree; motorcycle accident; heavy rain,CRASH,2
There has been a cold exposure near North Underpass. I can see a van involved and one injured person. A child is waiting. Please hurry!,one injured person; north underpass; cold exposure,MEDICAL,3
"It's, um, Oh my god! I am near Airport Junction and there has been a bridge damage. The road is affected and I can see fallen tree.",airport junction; fallen tree; bridge damage,RESCUE,2
"I... I don't know, Help! Please send help to River Bridge. We have a building collapse involving a sedan. Send someone now!",building collapse; river bridge; sedan,RESCUE,5
Ahhh! There has been a landslide near Bus Terminal. I can see a fuel tanker involved and one injured person. People are moving away. Traffic is building up. Please hurry!,one injured person; bus terminal; fuel tanker,RESCUE,2
Heavy stormy weather is making the situation worse near Temple Road. There is a chemical spill.,stormy weather; temple road; chemical spill,HAZMAT,2
Oh my god! Caller reports a medical emergency at Airport Road. There is broken glass. Traffic is building up. What do I do?!,broken glass; airport road; medical emergency,MEDICAL,2
"I... I don't know, Caller reports a car rollover at City Hospital. There is debris. The incident happened during rush hour. The weather is cyclonic winds. Please hurry!",city hospital; cyclonic winds; car rollover,CRASH,1
There's... Help! Caller reports a power line failure at City Center. There is smoke. Visibility is poor. Traffic is building up.,power line failure; city center; smoke,HAZMAT,1
"It's, um, Please hurry! I am near Old Railway Crossing and there has been a evacuation. The road is affected and I can see broken glass. Send someone now!",old railway crossing; broken glass; evacuation,RESCUE,2
I am near Shopping District and there has been a crowd emergency. The road is affected and I can see blocked road. Visibility is poor. Visibility is poor.,crowd emergency; blocked road; shopping district,RESCUE,1
There's... 911? Heavy heavy rain is making the situation worse near Forest Checkpoint. There is a explosion. Traffic is building up. The incident happened during rush hour.,heavy rain; forest checkpoint; explosion,RESCUE,4
Help! Caller reports a road blockage at Warehouse District. There is fire.,road blockage; warehouse district; fire,RESCUE,2
Please send help to Ring Road. We have a fallen tree involving a container truck. The incident happened late last night. Please hurry!,ring road; container truck; fallen tree,RESCUE,1
Ahhh! Caller reports a storm damage at Airport Junction. There is chemical fumes. What do I do?!,storm damage; airport junction; chemical fumes,CYCLONE,2
"I... I don't know, Please hurry! Please send help to Eastern Bypass. We have a bus crash involving a train.",bus crash; eastern bypass; train,CRASH,3
Help! Please send help to Port Entrance. We have a bus crash involving a sedan.,port entrance; bus crash; sedan,CRASH,3
"Wait, yes, Please hurry! The caller says there is a stampede at Residential Block.",residential block; stampede; wait,RESCUE,2
There's... Heavy heavy rain is making the situation worse near Eastern Bypass. There is a factory fire. Visibility is poor. People are moving away. What do I do?!,heavy rain; factory fire; eastern bypass,FIRE,2
"It's, um, Reports are coming in from Central Flyover about a crowd emergency. There is chemical fumes. Traffic is building up. The incident happened late last night. Please hurry!",crowd emergency; central flyover; chemical fumes,RESCUE,2
"I... I don't know, We have a building fire near Outer Ring Road. It happened late last night. A pedestrian is waiting. Visibility is poor.",outer ring road; building fire; pedestrian,FIRE,2
Help! We have a dam overflow near Dam Road. It happened about half an hour ago. Traffic is building up. Please hurry!,dam overflow; dam road; help,FLOOD,2
911? Please send help to Port Entrance. We have a urban flooding involving a ambulance. The incident happened about half an hour ago. Send someone now!,port entrance; urban flooding; ambulance,FLOOD,2
The caller says there is a warehouse fire at Bus Terminal. The weather is extreme heat. What do I do?!,extreme heat; bus terminal; warehouse fire,FIRE,2
There's... I am near Dam Road and there has been a electrical accident. The road is affected and I can see fallen tree. Traffic is building up.,electrical accident; fallen tree; dam road,FIRE,2
There's... We have a bus crash near Market Road. It happened about half an hour ago. Please hurry!,bus crash; market road; theres,CRASH,3
Ahhh! I am near Warehouse District and there has been a bridge damage. The road is affected and I can see diesel leak. Visibility is poor. The incident happened during rush hour.,diesel leak; bridge damage; warehouse district,RESCUE,3
"Wait, yes, The caller says there is a building collapse at Western Expressway. Visibility is poor. People are moving away. What do I do?!",building collapse; western expressway; wait,RESCUE,5
"I... I don't know, 911? I think there has been a drowning near Railway Yard. two injured people. People are moving away. The weather is lightning.",two injured people; railway yard; drowning,RESCUE,5
Heavy heavy rain is making the situation worse near South Flyover. There is a drowning. Send someone now!,south flyover; heavy rain; drowning,RESCUE,4
The caller says there is a storm damage at Railway Station.,storm damage; railway station; caller,CYCLONE,3
There's... 911? There has been a boat accident near River Bridge. I can see a motorcycle involved and three injured passengers.,three injured passengers; boat accident; river bridge,CRASH,3
"I... I don't know, The caller says there is a evacuation at Old Railway Crossing. People are moving away. Visibility is poor. What do I do?!",old railway crossing; evacuation; dont,RESCUE,1
"I... I don't know, Please hurry! Please send help to Highway Toll Plaza. We have a flash flood involving a bus.",highway toll plaza; flash flood; bus,FLOOD,2
Please send help to Warehouse District. We have a warehouse fire involving a motorcycle. Traffic is building up. People are moving away.,warehouse fire; warehouse district; motorcycle,FIRE,3
